draft_year,player,pfr_id,pos,school,height_in,weight,forty,draft_round,draft_pick,draft_team,career_av,games,seasons_started
2000,Courtney Brown,BrowCo22,DE,Penn State,77,269,4.78,1,1,Cleveland Browns,27,61,4
2000,LaVar Arrington,ArriLa00,OLB,Penn State,75,250,4.53,1,2,Washington Redskins,46,85,5
2000,Chris Samuels,SamuCh00,OT,Alabama,77,325,5.08,1,3,Washington Redskins,63,141,9
2000,Peter Warrick,WarrPe00,WR,Florida State,71,194,4.58,1,4,Cincinnati Bengals,27,79,4
2000,Jamal Lewis,LewiJa00,RB,Tennessee,72,240,4.58,1,5,Baltimore Ravens,69,131,9
2000,Corey Simon,SimoCo00,DT,Florida State,74,297,4.83,1,6,Philadelphia Eagles,45,95,6
2000,Thomas Jones,JoneTh00,RB,Virginia,70,216,4.45,1,7,Arizona Cardinals,62,180,9
2000,Plaxico Burress,BurrPl00,WR,Michigan State,77,231,4.59,1,8,Pittsburgh Steelers,70,148,10
2000,Brian Urlacher,UrlaBr00,OLB,New Mexico,76,258,4.59,1,9,Chicago Bears,119,182,12
2000,Travis Taylor,TaylTr01,WR,Florida,73,199,4.43,1,10,Baltimore Ravens,30,101,7
2000,Ron Dayne,DaynRo00,RB,Wisconsin,71,259,4.65,1,11,New York Giants,23,96,1
2000,Shaun Ellis,ElliSh00,DE,Tennessee,76,280,4.85,1,12,New York Jets,70,184,11
2000,John Abraham,AbraJo00,OLB,South Carolina,76,252,4.55,1,13,New York Jets,91,192,11
2000,Bubba Franks,FranBu00,TE,Miami (FL),78,265,4.85,1,14,Green Bay Packers,20,122,6
2000,Deltha O'Neal,ONeaDe00,CB,California,71,193,4.6,1,15,Denver Broncos,45,132,6
2000,Julian Peterson,PeteJu00,OLB,Michigan State,77,231,4.68,1,16,San Francisco 49ers,69,158,9
2000,Chad Pennington,PennCh01,QB,Marshall,75,229,4.81,1,18,New York Jets,55,89,5
2000,Shaun Alexander,AlexSh00,RB,Alabama,72,218,4.58,1,19,Seattle Seahawks,68,123,7
2000,Stockar McDougle,McDoSt20,OT,Oklahoma,77,361,5.5,1,20,Detroit Lions,23,81,3
2000,Sylvester Morris,MorrSy00,WR,Jackson State,75,216,4.6,1,21,Kansas City Chiefs,6,15,1
2000,Chris McIntosh,McInCh20,OT,Wisconsin,78,315,5.39,1,22,Seattle Seahawks,8,24,1
2000,Rashard Anderson,AndeRa21,CB,Jackson State,74,206,4.55,1,23,Carolina Panthers,6,27,1
2000,Ahmed Plummer,PlumAh20,CB,Ohio State,71,191,4.43,1,24,San Francisco 49ers,24,70,5
2000,Chris Hovan,HovaCh20,DT,Boston Col.,74,305,4.99,1,25,Minnesota Vikings,56,156,10
2000,Erik Flowers,FlowEr20,DE,Arizona State,76,271,4.75,1,26,Buffalo Bills,6,58,0
2000,Anthony Becht,BechAn00,TE,West Virginia,78,270,4.78,1,27,New York Jets,12,167,9
2000,Rob Morris,MorrRo20,ILB,BYU,74,250,4.77,1,28,Indianapolis Colts,24,99,4
2000,R. Jay Soward,SowaR.00,WR,USC,69,177,4.34,1,29,Jacksonville Jaguars,2,13,0
2000,Keith Bulluck,BullKe00,OLB,Syracuse,75,244,4.47,1,30,Tennessee Titans,74,170,9
2000,Trung Canidate,CaniTr00,RB,Arizona,71,193,4.41,1,31,St. Louis Rams,11,46,1
2000,Dennis Northcutt,NortDe00,WR,Arizona,70,175,4.43,2,32,Cleveland Browns,41,144,3
2000,Darren Howard,HowaDa21,DE,Kansas State,76,281,5.09,2,33,New Orleans Saints,42,145,6
2000,Mark Roman,RomaMa20,CB,LSU,71,188,4.55,2,34,Cincinnati Bengals,38,146,7
2000,John Engelberger,EngeJo20,DE,Virginia Tech,76,260,4.73,2,35,San Francisco 49ers,31,139,5
2000,Todd Pinkston,PinkTo00,WR,Southern Miss,74,169,4.45,2,36,Philadelphia Eagles,25,78,4
2000,Travis Claridge,ClarTr20,OG,USC,77,303,5.15,2,37,Atlanta Falcons,23,52,3
2000,Marvel Smith,SmitMa55,OT,Arizona State,77,320,5.37,2,38,Pittsburgh Steelers,44,111,7
2000,Mike Brown,BrowMi99,S,Nebraska,70,204,4.59,2,39,Chicago Bears,57,116,7
2000,Ian Gold,GoldIa00,OLB,Michigan,73,221,4.56,2,40,Denver Broncos,39,115,5
2000,Raynoch Thompson,ThomRa23,OLB,Tennessee,75,220,4.65,2,41,Arizona Cardinals,19,64,4
2000,Cornelius Griffin,GrifCo20,DE,Alabama,75,297,4.9,2,42,New York Giants,58,146,9
2000,Rogers Beckett,BeckRo20,S,Marshall,73,207,4.62,2,43,San Diego Chargers,17,71,3
2000,Chad Clifton,ClifCh20,OT,Tennessee,77,334,5.05,2,44,Green Bay Packers,72,165,10
2000,Kenoy Kennedy,KennKe21,S,Arkansas,73,221,4.71,2,45,Denver Broncos,34,115,7
2000,Adrian Klemm,KlemAd20,OT,Hawaii,76,307,4.98,2,46,New England Patriots,10,42,0
2000,Jerry Porter,PortJe00,WR,West Virginia,74,221,4.48,2,47,Oakland Raiders,33,115,4
2000,Jason Webster,WebsJa20,CB,Texas A&M,69,180,4.42,2,48,San Francisco 49ers,26,90,5
2000,Dwayne Goodrich,GoodDw20,CB,Tennessee,71,195,4.45,2,49,Dallas Cowboys,1,16,0
2000,Barrett Green,GreeBa20,OLB,West Virginia,72,233,4.56,2,50,Detroit Lions,20,65,4
2000,Cosey Coleman,ColeCo21,OG,Tennessee,76,322,5.4,2,51,Tampa Bay Buccaneers,35,100,6
2000,Ike Charlton,CharIk20,CB,Virginia Tech,71,205,4.47,2,52,Seattle Seahawks,5,53,0
2000,Todd Wade,WadeTo20,OT,Mississippi,80,326,5.22,2,53,Miami Dolphins,41,99,7
2000,William Bartee,BartWi20,CB,Oklahoma,73,192,4.43,2,54,Kansas City Chiefs,13,87,2
2000,Fred Robbins,RobbFr20,DT,Wake Forest,76,312,5.09,2,55,Minnesota Vikings,51,180,10
2000,Deon Grant,GranDe21,S,Tennessee,74,209,4.5,2,57,Carolina Panthers,56,176,10
2000,Travares Tillman,TillTr20,S,Georgia Tech,73,194,4.6,2,58,Buffalo Bills,13,74,1
2000,Brad Meester,MeesBr20,C,New Mexico,75,298,5.12,2,60,Jacksonville Jaguars,74,209,14
2000,Bobbie Williams,WillBo21,OT,Arkansas,76,332,5.26,2,61,Philadelphia Eagles,55,163,9
2000,Jacoby Shepherd,ShepJa20,CB,Oklahoma State,73,195,4.53,2,62,St. Louis Rams,1,30,0
2000,Travis Prentice,PrenTr00,RB,Miami (OH),72,225,4.5,3,63,Cleveland Browns,4,30,1
2000,Lloyd Harrison,HarrLl20,CB,North Carolina State,70,190,4.5,3,64,Washington Redskins,1,16,0
2000,Ron Dugans,DugaRo00,WR,Florida State,73,206,4.58,3,66,Cincinnati Bengals,6,46,0
2000,Mark Simoneau,SimoMa20,OLB,Kansas State,72,237,4.6,3,67,Atlanta Falcons,29,124,4
2000,Erron Kinney,KinnEr00,TE,Florida,78,272,4.9,3,68,Tennessee Titans,15,83,6
2000,Dez White,WhitDe00,WR,Georgia Tech,73,218,4.62,3,69,Chicago Bears,18,82,4
2000,Chris Cole,ColeCh00,WR,Texas A&M,72,191,4.37,3,70,Denver Broncos,1,35,0
2000,Darwin Walker,WalkDa21,DT,Tennessee,74,293,4.82,3,71,Arizona Cardinals,38,109,5
2000,Kendrick Clancy,ClanKe20,DT,Mississippi,73,283,5.25,3,72,Pittsburgh Steelers,24,109,3
2000,Steve Warren,WarrSt20,DT,Nebraska,73,307,5.1,3,74,Green Bay Packers,2,25,0
2000,Chris Redman,RedmCh00,QB,Louisville,75,222,5.37,3,75,Baltimore Ravens,9,30,0
2000,J.R. Redmond,RedmJ.00,RB,Arizona State,71,216,4.48,3,76,New England Patriots,9,50,0
2000,Hank Poteat,PoteHa20,CB,Pittsburgh,70,197,4.57,3,77,Pittsburgh Steelers,16,110,1
2000,Laveranues Coles,ColeLa00,WR,Florida State,71,192,4.41,3,78,New York Jets,68,153,9
2000,JaJuan Dawson,DawsJa00,WR,Tulane,73,199,4.55,3,79,Cleveland Browns,5,30,0
2000,Darrell Jackson,JackDa00,WR,Florida,72,197,4.56,3,80,Seattle Seahawks,55,123,7
2000,Reuben Droughns,DrouRe00,RB,Oregon,71,215,4.66,3,81,Detroit Lions,27,114,3
2000,Leander Jordan,JordLe20,OG,Indiana (PA),76,330,5.46,3,82,Carolina Panthers,9,37,1
2000,Damion McIntosh,McInDa20,OT,Kansas State,76,328,5.31,3,83,San Diego Chargers,38,125,8
2000,Ben Kelly,KellBe20,CB,Colorado,69,183,4.53,3,84,Miami Dolphins,0,13,0
2000,Jeff Ulbrich,UlbrJe20,ILB,Hawaii,72,249,4.65,3,86,San Francisco 49ers,31,120,4
2000,Dustin Lyman,LymaDu00,ILB,Wake Forest,76,259,4.7,3,87,Chicago Bears,2,55,1
2000,Doug Chapman,ChapDo00,RB,Marshall,70,215,4.56,3,88,Minnesota Vikings,3,26,0
2000,Corey Moore,MoorCo20,OLB,Virginia Tech,71,223,4.6,3,89,Buffalo Bills,3,10,0
2000,David Macklin,MackDa20,CB,Penn State,69,194,4.54,3,91,Indianapolis Colts,29,120,4
2000,T.J. Slaughter,SlauT.20,ILB,Southern Miss,72,247,4.87,3,92,Jacksonville Jaguars,17,78,3
2000,Byron Frisch,FrisBy20,DE,BYU,76,281,4.73,3,93,Tennessee Titans,2,23,0
2000,Lewis Sanders,SandLe20,CB,Maryland,72,202,4.5,4,95,Cleveland Browns,14,97,0
2000,Terrelle Smith,SmitTe00,FB,Arizona State,72,249,5.0,4,96,New Orleans Saints,3,146,8
2000,Curtis Keaton,KeatCu00,RB,West Virginia,70,214,4.41,4,97,Cincinnati Bengals,0,25,0
2000,Na'il Diggs,DiggNa20,OLB,Ohio State,76,231,4.66,4,98,Green Bay Packers,55,170,10
2000,Gari Scott,ScotGa00,WR,Michigan State,72,194,4.59,4,99,Philadelphia Eagles,0,3,0
2000,Michael Thompson,ThomMi20,OT,Tennessee State,76,305,5.28,4,100,Atlanta Falcons,3,12,0
2000,Jerry Johnson,JohnJe21,DT,Florida State,72,293,5.03,4,101,Denver Broncos,1,9,0
2000,David Barrett,BarrDa22,CB,Arkansas,70,199,4.44,4,102,Arizona Cardinals,31,131,6
2000,Danny Farmer,FarmDa00,WR,UCLA,75,217,4.58,4,103,Pittsburgh Steelers,5,33,0
2000,Brandon Short,ShorBr20,ILB,Penn State,75,252,4.72,4,105,New York Giants,32,100,5
2000,Antonio Wilson,WilsAn20,OLB,Texas A&M-Commerce,74,245,4.56,4,106,Minnesota Vikings,2,16,0
2000,Junior Ioane,IoanJu20,DT,Arizona State,75,324,5.12,4,107,Oakland Raiders,4,36,0
2000,Kareem Larrimore,LarrKa20,CB,West Texas A&M,71,190,4.42,4,109,Dallas Cowboys,3,19,0
2000,Aaron Shea,SheaAa00,FB,Michigan,76,253,4.81,4,110,Cleveland Browns,6,65,0
2000,Trevor Gaylor,GaylTr00,WR,Miami (OH),75,199,4.56,4,111,San Diego Chargers,7,34,0
2000,Cooper Carlisle,CarlCo20,OG,Florida,77,297,5.16,4,112,Denver Broncos,54,190,8
2000,Leonardo Carson,CarsLe20,DE,Auburn,73,283,5.06,4,113,San Diego Chargers,16,64,2
2000,Frank Moreau,MoreFr00,RB,Louisville,73,231,4.57,4,115,Kansas City Chiefs,1,14,0
2000,Marcus Bell,BellMa21,ILB,Arizona,74,237,4.78,4,116,Seattle Seahawks,7,45,1
2000,Deon Dyer,DyerDe00,FB,North Carolina,71,260,4.99,4,117,Miami Dolphins,0,45,0
2000,Tyrone Carter,CartTy20,S,Minnesota,68,190,4.5,4,118,Minnesota Vikings,27,158,2
2000,Jack Williams,WillJa96,S,Azusa Pacific,70,206,4.72,4,119,Denver Broncos,2,22,0
2000,Alvin McKinley,McKiAl20,DT,Mississippi State,76,289,5.09,4,120,Carolina Panthers,22,97,3
2000,Josh Williams,WillJo30,DT,Michigan,75,282,4.9,4,122,Indianapolis Colts,19,73,2
2000,Bobby Myers,MyerBo21,S,Wisconsin,73,183,4.56,4,124,Tennessee Titans,3,17,0
2000,Reggie Austin,AustRe20,CB,Wake Forest,69,175,4.44,4,125,Chicago Bears,3,18,0
2000,Gary Berry,BerrGa20,S,Ohio State,71,204,4.55,4,126,Green Bay Packers,0,4,0
2000,Greg Randall,RandGr20,OT,Michigan State,78,333,5.59,4,127,New England Patriots,18,51,2
2000,Peter Sirmon,SirmPe20,ILB,Oregon,74,246,4.84,4,128,Tennessee Titans,25,81,4
2000,Anthony Malbrough,MalbAn20,CB,Texas Tech,69,184,4.44,5,130,Cleveland Browns,1,9,0
2000,Tutan Reyes,ReyeTu20,OT,Mississippi,75,299,5.37,5,131,New Orleans Saints,19,53,2
2000,Paul Smith,SmitPa00,FB,Texas-El Paso,71,220,4.65,5,132,San Francisco 49ers,3,79,0
2000,Robert Bean,BeanRo20,CB,Mississippi State,71,178,4.5,5,133,Cincinnati Bengals,5,32,0
2000,Aric Morris,MorrAr20,S,Michigan State,69,211,4.56,5,135,Tennessee Titans,5,51,1
2000,Mao Tosi,TosiMa20,DT,Idaho,77,310,5.26,5,136,Arizona Cardinals,4,26,1
2000,Clark Haggans,HaggCl20,OLB,Colorado State,75,253,4.97,5,137,Pittsburgh Steelers,46,172,7
2000,Brian Young,YounBr20,DE,Texas-El Paso,74,278,4.94,5,139,St. Louis Rams,39,123,6
2000,Ralph Brown,BrowRa20,CB,Nebraska,70,185,4.55,5,140,New York Giants,12,129,0
2000,Dave Stachelski,StacDa00,TE,Boise State,75,250,4.78,5,141,New England Patriots,0,9,0
2000,Windrell Hayes,HayeWi00,WR,USC,71,204,4.5,5,143,New York Jets,1,9,0
2000,Michael Wiley,WileMi00,RB,Ohio State,71,193,4.5,5,144,Dallas Cowboys,4,42,0
2000,Todd Franz,FranTo21,S,Tulsa,73,199,4.55,5,145,Detroit Lions,3,46,0
2000,Kabeer Gbaja-Biamila,GbajKa20,OLB,San Diego State,76,243,4.65,5,149,Green Bay Packers,43,124,5
2000,Arturo Freeman,FreeAr20,S,South Carolina,72,188,4.5,5,152,Miami Dolphins,13,74,2
2000,Sammy Morris,MorrSa00,FB,Texas Tech,72,221,4.65,5,156,Buffalo Bills,27,144,3
2000,James Whalen,WhalJa00,TE,Kentucky,74,228,4.78,5,157,Tampa Bay Buccaneers,1,26,0
2000,Austin Wheatley,WheaAu20,TE,Iowa,76,254,4.66,5,158,New Orleans Saints,0,4,0
2000,Tee Martin,MartTe00,QB,Tennessee,74,227,4.58,5,163,Pittsburgh Steelers,0,3,0
2000,Jay Tant,TantJa00,TE,Northwestern,75,255,4.75,5,164,Arizona Cardinals,0,5,0
2000,Troy Walters,WaltTr00,WR,Stanford,66,171,4.55,5,165,Minnesota Vikings,12,98,0
2000,Chad Morton,MortCh00,RB,USC,68,182,4.5,5,166,New Orleans Saints,10,93,0
2000,Ernest Grant,GranEr20,DT,Ark-Pine Bluff,77,316,5.31,6,167,Miami Dolphins,3,24,0
2000,Marc Bulger,BulgMa00,QB,West Virginia,74,208,4.97,6,168,New Orleans Saints,57,96,8
2000,Mareno Philyaw,PhilMa20,WR,Troy,74,205,4.66,6,172,Atlanta Falcons,0,1,0
2000,Chris Combs,CombCh21,DT,Duke,77,286,5.16,6,173,Pittsburgh Steelers,1,10,0
2000,James Williams,WillJa01,WR,Marshall,71,180,4.59,6,175,Seattle Seahawks,4,30,0
2000,Jabari Issa,IssaJa20,DT,Washington,77,296,5.05,6,176,Arizona Cardinals,4,23,0
2000,Dhani Jones,JoneDh20,OLB,Michigan,73,240,4.68,6,177,New York Giants,54,157,9
2000,Tony Scott,ScotTo21,CB,North Carolina State,70,193,4.5,6,179,New York Jets,2,23,0
2000,Mario Edwards,EdwaMa20,CB,Florida State,72,191,4.46,6,180,Dallas Cowboys,22,73,3
2000,Jeno James,JameJe20,OG,Auburn,75,320,5.62,6,182,Carolina Panthers,26,94,4
2000,Spergon Wynn,WynnSp00,QB,Texas State,75,229,4.91,6,183,Cleveland Browns,2,10,0
2000,Shannon Taylor,TaylSh20,OLB,Virginia,75,249,4.65,6,184,San Diego Chargers,4,40,0
2000,Adalius Thomas,ThomAd00,DE,Southern Miss,74,270,4.56,6,186,Baltimore Ravens,65,135,8
2000,Antwan Harris,HarrAn21,CB,Virginia,69,186,4.34,6,187,New England Patriots,5,52,0
2000,Darnell Alford,AlfoDa20,OT,Boston Col.,76,334,5.56,6,188,Kansas City Chiefs,0,5,0
2000,Cedric Woodard,WoodCe20,DT,Texas,74,290,5.21,6,191,Baltimore Ravens,14,61,2
2000,Leif Larsen,LarsLe20,DT,Texas-El Paso,76,300,5.08,6,194,Buffalo Bills,3,16,0
2000,Robaire Smith,SmitRo21,DE,Michigan State,76,275,4.88,6,197,Tennessee Titans,39,134,6
2000,Matt Bowen,BoweMa20,S,Iowa,73,201,4.49,6,198,St. Louis Rams,13,77,1
2000,Tom Brady,BradTo00,QB,Michigan,76,211,5.28,6,199,New England Patriots,184,335,21
2000,Todd Husak,HusaTo20,QB,Stanford,75,216,5.2,6,202,Washington Redskins,0,1,0
2000,Damen Wheeler,WheeDa20,CB,Colorado,69,179,4.51,6,203,San Diego Chargers,0,5,0
2000,Brad Bedell,BedeBr20,OG,Colorado,76,302,5.07,6,206,Cleveland Browns,4,40,0
2000,Darrick Vaughn,VaugDa20,CB,Texas State,71,196,4.53,7,211,Atlanta Falcons,12,48,0
2000,Tim Rattay,RattTi00,QB,Louisiana Tech,72,215,4.91,7,212,San Francisco 49ers,12,40,1
2000,Mike Green,GreeMi00,S,NW State (LA),72,189,4.53,7,213,Tennessee Titans,2,32,0
2000,Mike Green,GreeMi00,FB,Houston,72,253,4.78,7,213,Tennessee Titans,2,32,0
2000,Jarious Jackson,JackJa01,QB,Notre Dame,72,226,4.68,7,214,Denver Broncos,0,5,0
2000,Sekou Sanyika,SanySe20,OLB,California,75,241,4.75,7,215,Arizona Cardinals,3,32,0
2000,Jason Thomas,ThomJa20,OG,South Carolina,75,300,5.22,7,222,San Diego Chargers,1,14,0
2000,Eric Johnson,JohnEr00,S,Yale,72,215,4.6,7,224,San Francisco 49ers,19,71,5
2000,Mark Tauscher,TausMa20,OG,Wisconsin,75,318,5.37,7,224,Green Bay Packers,55,134,9
2000,Rashidi Barnes,BarnRa20,S,Colorado,72,208,4.62,7,225,Cleveland Browns,1,14,0
2000,Mondriel Fulcher,FulcMo20,FB,Miami (FL),75,253,4.85,7,227,Oakland Raiders,0,25,0
2000,Joe Hamilton,HamiJo20,QB,Georgia Tech,70,192,4.81,7,234,Tampa Bay Buccaneers,0,1,0
2000,Erik Olson,OlsoEr20,S,Colorado State,73,208,4.63,7,236,Jacksonville Jaguars,1,14,0
2000,Wes Shivers,ShivWe20,OT,Mississippi State,77,318,5.65,7,237,Tennessee Titans,0,3,0
2000,Rob Meier,MeieRo20,DE,Washington State,77,284,4.99,7,241,Jacksonville Jaguars,30,138,3
2000,Charles Lee,LeexCh00,WR,Central Florida,73,202,4.56,7,242,Green Bay Packers,7,44,0
2000,Shyrone Stith,StitSh00,RB,Virginia Tech,67,204,4.6,7,243,Jacksonville Jaguars,0,15,0
2000,Danny Clark,ClarDa21,ILB,Illinois,74,245,4.75,7,245,Jacksonville Jaguars,39,168,8
2000,DaShon Polk,PolkDa20,OLB,Arizona,74,233,4.75,7,251,Buffalo Bills,10,95,1
2000,Rondell Mealey,MealRo00,RB,LSU,72,212,4.69,7,252,Green Bay Packers,2,14,0
2001,Michael Vick,VickMi00,QB,Virginia Tech,72,210,4.33,1,1,Atlanta Falcons,92,143,7
2001,Leonard Davis,DaviLe21,OT,Texas,78,370,5.32,1,2,Arizona Cardinals,66,171,10
2001,Gerard Warren,WarrGe20,DT,Florida,76,325,5.0,1,3,Cleveland Browns,49,163,9
2001,Justin Smith,SmitJu20,DE,Missouri,76,267,4.64,1,4,Cincinnati Bengals,101,221,14
2001,LaDainian Tomlinson,TomlLa00,RB,TCU,70,221,4.46,1,5,San Diego Chargers,129,170,10
2001,Richard Seymour,SeymRi00,DT,Georgia,78,299,4.95,1,6,New England Patriots,91,164,11
2001,Andre Carter,CartAn20,DE,California,76,249,4.84,1,7,San Francisco 49ers,59,184,10
2001,David Terrell,TerrDa00,WR,Michigan,75,213,4.43,1,8,Chicago Bears,11,54,1
2001,Koren Robinson,RobiKo00,WR,North Carolina State,73,211,4.61,1,9,Seattle Seahawks,35,96,4
2001,Jamal Reynolds,ReynJa20,DE,Florida State,75,267,4.72,1,10,Green Bay Packers,3,18,0
2001,Dan Morgan,MorgDa99,ILB,Miami (FL),74,240,4.54,1,11,Carolina Panthers,30,59,5
2001,Damione Lewis,LewiDa20,DT,Miami (FL),75,293,4.9,1,12,St. Louis Rams,32,141,3
2001,Marcus Stroud,StroMa01,DT,Georgia,78,321,5.13,1,13,Jacksonville Jaguars,67,146,9
2001,Kenyatta Walker,WalkKe21,OT,Florida,77,311,5.17,1,14,Tampa Bay Buccaneers,29,75,5
2001,Rod Gardner,GardRo00,WR,Clemson,74,219,4.48,1,15,Washington Redskins,25,91,4
2001,Santana Moss,MossSa00,WR,Miami (FL),70,184,4.31,1,16,New York Jets,72,197,9
2001,Steve Hutchinson,HutcSt00,OG,Michigan,77,315,5.15,1,17,Seattle Seahawks,94,169,11
2001,Jeff Backus,BackJe20,OT,Michigan,77,310,5.37,1,18,Detroit Lions,61,191,12
2001,Casey Hampton,HampCa00,DT,Texas,73,314,5.25,1,19,Pittsburgh Steelers,73,173,11
2001,Adam Archuleta,ArchAd20,S,Arizona State,72,211,4.46,1,20,St. Louis Rams,31,103,7
2001,Nate Clements,ClemNa99,CB,Ohio State,71,209,4.38,1,21,Buffalo Bills,61,180,11
2001,Will Allen,AlleWi20,CB,Syracuse,70,192,4.44,1,22,New York Giants,41,140,8
2001,Deuce McAllister,McAlDe00,RB,Mississippi,73,222,4.41,1,23,New Orleans Saints,55,97,4
2001,Willie Middlebrooks,MiddWi20,CB,Minnesota,74,200,4.5,1,24,Denver Broncos,4,56,0
2001,Freddie Mitchell,MitcFr00,WR,UCLA,71,185,4.46,1,25,Philadelphia Eagles,13,63,1
2001,Jamar Fletcher,FletJa20,CB,Wisconsin,69,180,4.48,1,26,Miami Dolphins,9,105,0
2001,Michael Bennett,BennMi00,RB,Wisconsin,69,207,4.38,1,27,Minnesota Vikings,34,107,3
2001,Derrick Gibson,GibsDe21,S,Florida State,74,218,4.45,1,28,Oakland Raiders,13,69,2
2001,Ryan Pickett,PickRy20,DT,Ohio State,74,309,5.1,1,29,St. Louis Rams,58,207,13
2001,Reggie Wayne,WaynRe00,WR,Miami (FL),72,198,4.45,1,30,Indianapolis Colts,116,211,13
2001,Todd Heap,HeapTo00,TE,Arizona State,77,252,4.68,1,31,Baltimore Ravens,43,145,8
2001,Drew Brees,BreeDr00,QB,Purdue,72,213,4.83,2,32,San Diego Chargers,167,287,19
2001,Quincy Morgan,MorgQu00,WR,Kansas State,73,211,4.48,2,33,Cleveland Browns,20,86,4
2001,Kyle Vanden Bosch,VandKy99,DE,Nebraska,76,270,4.75,2,34,Arizona Cardinals,58,152,9
2001,Alge Crumpler,CrumAl00,TE,North Carolina,74,266,4.76,2,35,Atlanta Falcons,41,155,10
2001,Chad Johnson,JohnCh01,WR,Oregon State,73,192,4.57,2,36,Cincinnati Bengals,85,166,9
2001,Idrees Bashir,BashId20,S,Memphis,74,206,4.56,2,37,Indianapolis Colts,19,71,4
2001,Anthony Thomas,ThomAn01,RB,Michigan,74,229,4.58,2,38,Chicago Bears,27,86,3
2001,Kendrell Bell,BellKe20,ILB,Georgia,73,234,4.64,2,39,Pittsburgh Steelers,40,90,5
2001,Ken Lucas,LucaKe20,CB,Mississippi,72,200,4.45,2,40,Seattle Seahawks,46,138,7
2001,Robert Ferguson,FergRo00,WR,Texas A&M,73,205,4.48,2,41,Green Bay Packers,18,83,3
2001,Tommy Polley,PollTo21,OLB,Florida State,76,234,4.55,2,42,St. Louis Rams,30,73,5
2001,Maurice Williams,WillMa25,OT,Michigan,77,304,5.2,2,43,Jacksonville Jaguars,47,105,6
2001,Kris Jenkins,JenkKr00,DT,Maryland,77,318,5.19,2,44,Carolina Panthers,68,108,6
2001,Fred Smoot,SmooFr20,CB,Mississippi State,71,172,4.48,2,45,Washington Redskins,40,129,7
2001,Aaron Schobel,SchoAa99,DE,TCU,76,263,4.75,2,46,Buffalo Bills,62,133,8
2001,Jamie Winborn,WinbJa20,ILB,Vanderbilt,71,229,4.63,2,47,San Francisco 49ers,18,100,2
2001,Matt Light,LighMa20,OT,Purdue,77,311,5.29,2,48,New England Patriots,89,155,10
2001,Lamont Jordan,JordLa00,RB,Maryland,70,234,4.57,2,49,New York Jets,30,114,2
2001,Dominic Raiola,RaioDo20,C,Nebraska,74,307,5.13,2,50,Detroit Lions,64,219,13
2001,Chris Chambers,ChamCh00,WR,Wisconsin,72,210,4.33,2,52,Miami Dolphins,58,153,8
2001,Quincy Carter,CartQu00,QB,Georgia,74,225,4.58,2,53,Dallas Cowboys,16,38,2
2001,Michael Stone,StonMi20,CB,Memphis,71,191,4.51,2,54,Arizona Cardinals,4,52,0
2001,Quinton Caver,CaveQu20,ILB,Arkansas,76,227,4.67,2,55,Philadelphia Eagles,5,53,0
2001,Tony Dixon,DixoTo20,S,Alabama,73,213,4.63,2,56,Dallas Cowboys,9,56,0
2001,Willie Howard,HowaWi20,DT,Stanford,75,295,4.94,2,57,Minnesota Vikings,1,8,0
2001,Travis Henry,HenrTr00,RB,Tennessee,69,223,4.61,2,58,Buffalo Bills,41,90,4
2001,Marques Tuiasosopo,TuiaMa00,QB,Washington,73,223,4.71,2,59,Oakland Raiders,1,13,0
2001,Andre Dyson,DysoAn20,CB,Utah,70,179,4.4,2,60,Tennessee Titans,31,96,5
2001,Shaun Rogers,RogeSh99,DT,Texas,76,320,5.28,2,61,Detroit Lions,57,163,8
2001,Gary Baxter,BaxtGa20,CB,Baylor,74,204,4.53,2,62,Baltimore Ravens,20,62,3
2001,Derrick Burgess,BurgDe99,DE,Mississippi,74,264,4.92,3,63,Philadelphia Eagles,40,102,4
2001,James Jackson,JackJa00,RB,Miami (FL),70,210,4.55,3,65,Cleveland Browns,9,52,1
2001,Sean Brewer,BrewSe20,TE,San Jose State,76,255,4.73,3,66,Cincinnati Bengals,0,12,0
2001,Tay Cody,CodyTa20,CB,Florida State,69,181,4.55,3,67,San Diego Chargers,4,19,1
2001,Mike Gandy,GandMi20,OG,Notre Dame,76,305,5.2,3,68,Chicago Bears,42,108,7
2001,Eric Kelly,KellEr20,CB,Kentucky,70,199,4.46,3,69,Minnesota Vikings,9,48,2
2001,Sedrick Hodge,HodgSe20,OLB,North Carolina,76,244,4.49,3,70,New Orleans Saints,17,63,3
2001,Bhawoh Jue,JuexBh20,CB,Penn State,72,199,4.54,3,71,Green Bay Packers,14,79,1
2001,Torrance Marshall,MarsTo20,ILB,Oklahoma,74,249,4.7,3,72,Green Bay Packers,7,51,0
2001,Eric Westmoreland,WestEr20,OLB,Tennessee,72,236,4.63,3,73,Jacksonville Jaguars,5,44,0
2001,Steve Smith,SmitSt01,WR,Utah,69,184,4.41,3,74,Carolina Panthers,102,219,14
2001,Eric Downing,DownEr20,DT,Syracuse,75,302,5.23,3,75,Kansas City Chiefs,7,45,1
2001,Ron Edwards,EdwaRo20,DT,Texas A&M,75,293,4.86,3,76,Buffalo Bills,37,139,6
2001,Snoop Minnis,MinnMa00,WR,Florida State,73,171,4.57,3,77,Kansas City Chiefs,5,15,1
2001,Kareem McKenzie,McKeKa20,OT,Penn State,78,328,5.33,3,79,New York Jets,62,161,10
2001,Kevan Barlow,BarlKe00,RB,Pittsburgh,73,235,4.56,3,80,San Francisco 49ers,36,84,2
2001,Kenny Smith,SmitKe23,DT,Alabama,75,299,5.24,3,81,New Orleans Saints,7,36,1
2001,Heath Evans,EvanHe00,FB,Auburn,72,246,4.56,3,82,Seattle Seahawks,8,143,0
2001,Brian Allen,AlleBr21,OLB,Florida State,72,238,4.65,3,83,St. Louis Rams,8,47,0
2001,Dwight Smith,SmitDw20,CB,Akron,70,212,4.51,3,84,Tampa Bay Buccaneers,34,117,5
2001,Travis Minor,MinoTr00,RB,Florida State,70,197,4.44,3,85,Miami Dolphins,10,118,0
2001,Brock Williams,WillBr26,CB,Notre Dame,70,183,4.46,3,86,New England Patriots,1,12,0
2001,Reggie Hayward,HaywRe20,DE,Iowa State,77,255,4.91,3,87,Denver Broncos,32,92,3
2001,Morlon Greenwood,GreeMo20,OLB,Syracuse,72,237,4.69,3,88,Miami Dolphins,39,125,8
2001,DeLawrence Grant,GranDe20,DE,Oregon State,75,280,4.77,3,89,Oakland Raiders,12,49,2
2001,Shad Meier,MeieSh00,TE,Kansas State,77,256,4.85,3,90,Tennessee Titans,3,53,0
2001,Cory Bird,BirdCo20,S,Virginia Tech,70,217,4.6,3,91,Indianapolis Colts,6,45,0
2001,Casey Rabach,RabaCa20,C,Wisconsin,76,298,5.23,3,92,Baltimore Ravens,44,137,7
2001,Willie Blade,BladWi20,DT,Mississippi State,75,316,4.93,3,93,Dallas Cowboys,8,20,1
2001,Chris Brown,BrowCh03,OT,Georgia Tech,77,329,5.33,3,93,Tennessee Titans,24,68,2
2001,James Boyd,BoydJa20,S,Penn State,71,207,4.59,3,94,Jacksonville Jaguars,2,26,0
2001,Jonas Jennings,JennJo20,OT,Georgia,76,334,5.31,3,95,Buffalo Bills,29,75,5
2001,Kenyatta Jones,JoneKe22,OT,South Florida,75,308,5.01,4,96,New England Patriots,7,21,1
2001,Anthony Henry,HenrAn20,CB,South Florida,73,198,4.6,4,97,Cleveland Browns,38,132,5
2001,Roberto Garza,GarzRo20,C,Texas A&M-Kingsville,74,303,5.0,4,99,Atlanta Falcons,61,206,11
2001,Rudi Johnson,JohnRu00,RB,Auburn,70,227,4.57,4,100,Cincinnati Bengals,46,95,5
2001,Jamie Henderson,HendJa20,CB,Georgia,73,202,4.48,4,101,New York Jets,3,32,0
2001,Karon Riley,RileKa20,DE,Minnesota,74,264,4.75,4,103,Chicago Bears,1,25,0
2001,Orlando Huff,HuffOr20,OLB,Fresno State,74,245,4.7,4,104,Seattle Seahawks,22,87,3
2001,Bill Ferrario,FerrBi20,OG,Wisconsin,74,314,5.3,4,105,Green Bay Packers,1,16,0
2001,Chris Weinke,WeinCh00,QB,Florida State,76,226,5.2,4,106,Carolina Panthers,9,29,1
2001,Monty Beisel,BeisMo20,DE,Kansas State,76,270,4.83,4,107,Kansas City Chiefs,13,119,0
2001,George Layne,LaynGe00,FB,TCU,71,242,4.59,4,108,Kansas City Chiefs,0,11,0
2001,Sage Rosenfels,RoseSa00,QB,Iowa State,76,228,4.74,4,109,Washington Redskins,13,44,0
2001,Brandon Spoon,SpooBr20,ILB,North Carolina,74,245,4.75,4,110,Buffalo Bills,5,14,1
2001,Mathias Nkwenti,NkweMa20,OG,Temple,75,293,5.57,4,111,Pittsburgh Steelers,0,2,0
2001,Carlos Polk,PolkCa20,ILB,Nebraska,74,251,4.76,4,112,San Diego Chargers,7,74,0
2001,Ben Hamilton,HamiBe20,C,Minnesota,77,303,5.26,4,113,Denver Broncos,54,118,7
2001,Cedric Scott,ScotCe20,DE,Southern Miss,78,281,4.86,4,114,New York Giants,1,13,0
2001,Moran Norris,NorrMo00,FB,Kansas,73,250,4.63,4,115,New Orleans Saints,1,140,4
2001,John Howell,HoweJo21,S,Colorado State,72,204,4.64,4,117,Tampa Bay Buccaneers,7,64,0
2001,Ryan Diem,DiemRy20,OT,Northern Illinois,79,338,5.13,4,118,Indianapolis Colts,72,157,10
2001,Jabari Holloway,HollJa01,TE,Notre Dame,74,253,4.91,4,119,New England Patriots,1,26,2
2001,Correll Buckhalter,BuckCo00,RB,Nebraska,72,226,4.53,4,121,Philadelphia Eagles,27,103,0
2001,Markus Steele,SteeMa20,OLB,USC,75,232,4.62,4,122,Dallas Cowboys,8,42,1
2001,Marcus Bell,BellMa20,DT,Memphis,73,319,5.32,4,123,Arizona Cardinals,14,86,2
2001,Justin McCareins,McCaJu00,WR,Northern Illinois,74,209,4.51,4,124,Tennessee Titans,33,114,5
2001,Jesse Palmer,PalmJe00,QB,Florida,74,231,4.78,4,125,New York Giants,1,8,0
2001,Curtis Fuller,FullCu20,S,TCU,70,186,4.45,4,127,Seattle Seahawks,3,42,0
2001,Brandon Manumaleuna,ManuBr00,TE,Arizona,74,275,4.99,4,129,St. Louis Rams,8,158,7
2001,Shawn Worthen,WortSh20,DT,TCU,73,310,5.18,4,130,Minnesota Vikings,0,4,0
2001,Cedric James,JameCe00,WR,TCU,74,204,4.49,4,131,Minnesota Vikings,0,5,0
2001,Mario Fatafehi,FataMa20,DT,Kansas State,74,295,5.29,5,133,Arizona Cardinals,13,45,2
2001,Victor Leyva,LeyvVi20,OG,Arizona State,75,313,5.33,5,135,Cincinnati Bengals,1,10,0
2001,Vinny Sutherland,SuthVi00,WR,Purdue,69,192,4.48,5,136,Atlanta Falcons,0,16,0
2001,Matt Lehr,LehrMa20,OG,Virginia Tech,74,290,5.28,5,137,Dallas Cowboys,23,98,3
2001,Bernard Robertson,RobeBe20,OG,Tulane,75,308,5.24,5,138,Chicago Bears,3,16,0
2001,Zeke Moreno,MoreZe20,ILB,USC,74,248,4.76,5,139,San Diego Chargers,10,61,1
2001,Alex Bannister,BannAl00,WR,East. Kentucky,77,201,4.47,5,140,Seattle Seahawks,1,59,0
2001,Billy Baber,BabeBi00,TE,Virginia,76,255,4.76,5,141,Kansas City Chiefs,0,30,0
2001,Jarrod Cooper,CoopJa20,S,Kansas State,72,222,4.45,5,143,Carolina Panthers,7,87,1
2001,Marques Sullivan,SullMa20,OT,Illinois,77,338,5.32,5,144,Buffalo Bills,11,32,1
2001,Jerametrius Butler,ButlJe20,CB,Kansas State,70,173,4.57,5,145,St. Louis Rams,17,71,2
2001,Chukky Okobi,OkobCh20,C,Purdue,73,316,5.27,5,146,Pittsburgh Steelers,7,78,0
2001,Tony Stewart,StewTo00,TE,Penn State,77,256,4.96,5,147,Philadelphia Eagles,5,115,1
2001,Scotty Anderson,AndeSc00,WR,Grambling State,74,184,4.57,5,148,Detroit Lions,8,34,0
2001,Mike McMahon,McMaMi00,QB,Rutgers,74,207,4.57,5,149,Detroit Lions,6,29,0
2001,Derrick Blaylock,BlayDe00,RB,Stephen F. Austin,70,194,4.36,5,150,Kansas City Chiefs,11,51,0
2001,Russ Hochstein,HochRu20,OG,Nebraska,75,300,5.4,5,151,Tampa Bay Buccaneers,27,149,1
2001,Raymond Walls,WallRa20,CB,Southern Miss,71,176,4.51,5,152,Indianapolis Colts,4,41,0
2001,Patrick Chukwurah,ChukPa20,OLB,Wyoming,74,238,4.77,5,157,Minnesota Vikings,6,78,0
2001,Eddie Berlin,BerlEd00,WR,New Mexico,71,191,4.43,5,159,Tennessee Titans,3,62,0
2001,Hakim Akbar,AkbaHa20,S,Washington,72,210,4.55,5,163,New England Patriots,1,10,0
2001,Brandon Winey,WineBr20,OT,LSU,78,301,5.3,6,164,Miami Dolphins,3,24,0
2001,Michael Jameson,JameMi20,S,Texas A&M,71,186,4.5,6,165,Cleveland Browns,4,42,0
2001,Cedrick Wilson,WilsCe00,WR,Tennessee,70,179,4.48,6,169,San Francisco 49ers,22,100,2
2001,Daleroy Stewart,StewDa20,DT,Southern Miss,75,309,4.9,6,171,Dallas Cowboys,3,26,0
2001,Jason Glenn,GlenJa20,OLB,Texas A&M,73,236,4.94,6,173,Detroit Lions,6,80,0
2001,Jameel Cook,CookJa00,FB,Illinois,70,226,4.8,6,174,Tampa Bay Buccaneers,4,109,2
2001,Alex Sulfsted,SulfAl20,OG,Miami (OH),76,312,5.3,6,176,Kansas City Chiefs,2,18,0
2001,Rashad Holman,HolmRa20,CB,Louisville,71,186,4.58,6,179,San Francisco 49ers,4,46,0
2001,Rodney Bailey,BailRo21,DE,Ohio State,75,283,5.1,6,181,Pittsburgh Steelers,7,84,0
2001,Ellis Wyms,WymsEl20,DE,Mississippi State,75,285,4.97,6,183,Tampa Bay Buccaneers,13,95,1
2001,Chris Cooper,CoopCh20,DE,Nebraska-Omaha,77,272,4.95,6,184,Oakland Raiders,12,78,1
2001,Mario Monds,MondMa20,DT,Cincinnati,75,342,5.04,6,186,Washington Redskins,1,7,0
2001,Carey Scott,ScotCa20,CB,Kentucky State,71,208,4.65,6,189,Minnesota Vikings,0,7,0
2001,Kevin Kasper,KaspKe00,WR,Iowa,72,199,4.42,6,190,Denver Broncos,2,39,0
2001,Jason Doering,DoerJa20,S,Wisconsin,71,202,4.73,6,193,Indianapolis Colts,6,53,0
2001,Dan O'Leary,OLeaDa20,TE,Notre Dame,76,252,5.02,6,195,Buffalo Bills,0,17,0
2001,Jimmy Williams,WillJi22,CB,Vanderbilt,70,188,4.58,6,196,Buffalo Bills,9,80,0
2001,David Martin,MartDa00,WR,Tennessee,76,242,4.76,6,198,Green Bay Packers,12,120,4
2001,Adam Haayer,HaayAd20,OG,Minnesota,78,298,5.3,6,199,Tennessee Titans,4,20,0
2001,Leonard Myers,MyerLe20,CB,Miami (FL),70,190,4.65,6,200,New England Patriots,1,17,0
2001,Renaldo Hill,HillRe20,CB,Michigan State,71,178,4.68,7,202,Arizona Cardinals,36,141,8
2001,Paul Zukauskas,ZukaPa20,OG,Boston Col.,77,307,5.3,7,203,Cleveland Browns,9,43,1
2001,Harold Blackmon,BlacHa20,CB,Northwestern,71,210,4.54,7,210,Seattle Seahawks,1,9,0
2001,Louis Williams,WillLo20,OG,LSU,76,299,5.48,7,211,Carolina Panthers,0,2,0
2001,Shaunard Harts,HartSh20,S,Boise State,72,200,4.56,7,212,Kansas City Chiefs,8,51,1
2001,Anthony Denman,DenmAn20,ILB,Notre Dame,73,239,4.76,7,213,Jacksonville Jaguars,2,27,0
2001,Reggie Germany,GermRe00,WR,Ohio State,73,183,4.39,7,214,Buffalo Bills,2,16,0
2001,Corey Hall,HallCo20,S,Appalachian State,75,198,4.5,7,215,Atlanta Falcons,0,3,0
2001,Tupe Peko,PekoTu20,C,Michigan State,76,300,5.36,7,217,New York Jets,9,27,0
2001,Chris Taylor,TaylCh04,WR,Texas A&M,71,183,4.4,7,218,Pittsburgh Steelers,0,0,0
2001,Kynan Forney,FornKy20,OG,Hawaii,74,312,5.28,7,219,Atlanta Falcons,37,98,5
2001,Rick DeMulling,DeMuRi20,OG,Idaho,76,307,5.24,7,220,Indianapolis Colts,31,81,3
2001,Dennis Norman,NormDe20,OG,Princeton,76,305,5.16,7,222,Seattle Seahawks,17,74,1
2001,Mike Roberg,RobeMi00,TE,Idaho,76,256,4.75,7,227,Carolina Panthers,0,13,0
2001,Derek Combs,CombDe20,RB,Ohio State,72,193,4.42,7,228,Oakland Raiders,1,12,0
2001,Ken-Yon Rambo,RambKe00,WR,Ohio State,73,196,4.34,7,229,Oakland Raiders,1,29,0
2001,Ross Kolodziej,KoloRo20,DE,Wisconsin,75,290,4.87,7,230,New York Giants,12,54,1
2001,Dwayne Missouri,MissDw20,DE,Northwestern,77,258,5.03,7,231,Baltimore Ravens,0,2,0
2001,Keith Adams,AdamKe20,OLB,Clemson,71,219,4.82,7,232,Tennessee Titans,14,85,1
2001,Marlon McCree,McCrMa20,S,Kentucky,71,197,4.62,7,233,Jacksonville Jaguars,35,114,7
2001,Joe Tafoya,TafoJo20,DE,Arizona,76,269,4.91,7,234,Tampa Bay Buccaneers,10,76,0
2001,Quentin McCord,McCoQu00,WR,Kentucky,70,191,4.48,7,236,Atlanta Falcons,5,25,0
2001,T.J. Turner,TurnT.21,ILB,Michigan State,75,273,4.8,7,239,New England Patriots,0,2,0
2001,Char-Ron Dorsey,DorsCh20,OT,Florida State,78,348,5.99,7,242,Dallas Cowboys,1,12,0
2001,Robert Carswell,CarsRo20,S,Clemson,72,214,4.59,7,244,San Diego Chargers,1,18,0
2001,Andre King,KingAn00,WR,Miami (FL),72,199,4.61,7,245,Cleveland Browns,2,42,0
2002,David Carr,CarrDa00,QB,Fresno State,75,223,4.67,1,1,Houston Texans,45,94,5
2002,Julius Peppers,PeppJu99,DE,North Carolina,78,283,4.74,1,2,Carolina Panthers,130,266,16
2002,Joey Harrington,HarrJo00,QB,Oregon,76,215,4.89,1,3,Detroit Lions,31,81,6
2002,Mike Williams,WillMi22,OT,Texas,78,375,5.3,1,4,Buffalo Bills,24,59,4
2002,Quentin Jammer,JammQu20,CB,Texas,72,204,4.49,1,5,San Diego Chargers,52,183,10
2002,Ryan Sims,SimsRy20,DT,North Carolina,76,311,5.09,1,6,Kansas City Chiefs,22,105,3
2002,Bryant McKinnie,McKiBr21,OT,Miami (FL),80,343,5.13,1,7,Minnesota Vikings,64,179,11
2002,Roy Williams,WillRo03,S,Oklahoma,72,219,4.53,1,8,Dallas Cowboys,59,114,7
2002,John Henderson,HendJo99,DT,Tennessee,79,308,4.87,1,9,Jacksonville Jaguars,64,146,8
2002,Levi Jones,JoneLe23,OT,Arizona State,77,304,5.21,1,10,Cincinnati Bengals,42,103,7
2002,Dwight Freeney,FreeDw00,DE,Syracuse,73,266,4.48,1,11,Indianapolis Colts,81,218,11
2002,Wendell Bryant,BryaWe20,DT,Wisconsin,76,308,4.91,1,12,Arizona Cardinals,4,29,0
2002,Donte' Stallworth,StalDo00,WR,Tennessee,72,197,4.22,1,13,New Orleans Saints,39,115,4
2002,Jeremy Shockey,ShocJe00,TE,Miami (FL),77,255,4.64,1,14,New York Giants,48,136,10
2002,Albert Haynesworth,HaynAl20,DT,Tennessee,78,320,5.09,1,15,Tennessee Titans,55,123,7
2002,William Green,GreeWi01,RB,Boston Col.,72,221,4.6,1,16,Cleveland Browns,14,46,3
2002,Phillip Buchanon,BuchPh20,CB,Miami (FL),70,186,4.31,1,17,Oakland Raiders,34,122,5
2002,T.J. Duckett,DuckT.00,RB,Michigan State,72,254,4.45,1,18,Atlanta Falcons,22,93,1
2002,Ashley Lelie,LeliAs00,WR,Hawaii,75,197,4.49,1,19,Denver Broncos,35,107,4
2002,Javon Walker,WalkJa00,WR,Florida State,75,210,4.38,1,20,Green Bay Packers,40,83,3
2002,Daniel Graham,GrahDa00,TE,Colorado,75,248,4.64,1,21,New England Patriots,19,148,7
2002,Bryan Thomas,ThomBr21,DE,Ala-Birmingham,76,266,4.47,1,22,New York Jets,49,157,7
2002,Napoleon Harris,HarrNa20,OLB,Northwestern,75,253,4.55,1,23,Oakland Raiders,33,100,6
2002,Ed Reed,ReedEd00,S,Miami (FL),71,201,4.57,1,24,Baltimore Ravens,102,174,11
2002,Charles Grant,GranCh21,DE,Georgia,75,282,4.69,1,25,New Orleans Saints,46,118,7
2002,Lito Sheppard,ShepLi99,CB,Florida,70,194,4.47,1,26,Philadelphia Eagles,48,126,7
2002,Mike Rumph,RumpMi20,CB,Miami (FL),74,205,4.47,1,27,San Francisco 49ers,8,43,1
2002,Jerramy Stevens,StevJe00,TE,Washington,79,265,4.77,1,28,Seattle Seahawks,18,121,2
2002,Marc Colombo,ColoMa20,OT,Boston Col.,80,313,5.27,1,29,Chicago Bears,42,111,6
2002,Kendall Simmons,SimmKe20,OG,Auburn,75,311,5.3,1,30,Pittsburgh Steelers,35,84,5
2002,Robert Thomas,ThomRo20,OLB,UCLA,72,229,4.51,1,31,St. Louis Rams,21,84,5
2002,Patrick Ramsey,RamsPa00,QB,Tulane,74,219,5.24,1,32,Washington Redskins,14,37,1
2002,Jabar Gaffney,GaffJa00,WR,Florida,73,193,4.56,2,33,Houston Texans,42,158,6
2002,DeShaun Foster,FostDe00,RB,UCLA,73,222,4.57,2,34,Carolina Panthers,32,79,3
2002,Kalimba Edwards,EdwaKa20,DE,South Carolina,77,265,4.75,2,35,Detroit Lions,20,101,2
2002,Josh Reed,ReedJo01,WR,LSU,70,210,4.54,2,36,Buffalo Bills,27,115,3
2002,Andre Gurode,GuroAn20,OG,Colorado,76,316,5.34,2,37,Dallas Cowboys,65,161,8
2002,Raonall Smith,SmitRa20,OLB,Washington State,74,244,4.53,2,38,Minnesota Vikings,6,50,0
2002,Toniu Fonoti,FonoTo20,OG,Nebraska,76,349,5.49,2,39,San Diego Chargers,17,40,2
2002,Lamont Thompson,ThomLa21,S,Washington State,73,220,4.59,2,41,Cincinnati Bengals,17,83,3
2002,Larry Tripplett,TripLa20,DT,Washington,74,305,4.93,2,42,Indianapolis Colts,27,92,4
2002,Eddie Freeman,FreeEd20,DT,Ala-Birmingham,77,310,4.91,2,43,Kansas City Chiefs,1,20,0
2002,LeCharles Bentley,BentLe00,C,Ohio State,74,299,5.19,2,44,New Orleans Saints,29,57,4
2002,Tank Williams,WillTa20,S,Stanford,74,222,4.46,2,45,Tennessee Titans,20,70,4
2002,Tim Carter,CartTi00,WR,Auburn,72,190,4.32,2,46,New York Giants,10,71,0
2002,Andre' Davis,DaviAn01,WR,Virginia Tech,73,194,4.42,2,47,Cleveland Browns,25,104,1
2002,Reche Caldwell,CaldRe00,WR,Florida,72,194,4.53,2,48,San Diego Chargers,20,71,1
2002,Levar Fisher,FishLe20,OLB,North Carolina State,73,233,4.67,2,49,Arizona Cardinals,6,23,1
2002,Chester Pitts,PittCh20,OT,San Diego State,76,320,5.22,2,50,Houston Texans,43,121,7
2002,Clinton Portis,PortCl00,RB,Miami (FL),71,204,4.42,2,51,Denver Broncos,72,113,7
2002,Anthony Weaver,WeavAn20,DT,Notre Dame,75,296,4.95,2,52,Baltimore Ravens,41,103,6
2002,Langston Walker,WalkLa20,OT,California,80,344,5.26,2,53,Oakland Raiders,31,120,4
2002,Maurice Morris,MorrMa00,RB,Oregon,71,208,4.53,2,54,Seattle Seahawks,27,145,1
2002,Doug Jolley,JollDo00,TE,BYU,76,251,4.6,2,55,Oakland Raiders,11,74,2
2002,Ladell Betts,BettLa00,RB,Iowa,70,220,4.62,2,56,Washington Redskins,31,111,1
2002,Jon McGraw,McGrJo21,S,Kansas State,75,208,4.5,2,57,New York Jets,18,122,2
2002,Michael Lewis,LewiMi99,S,Colorado,73,211,4.6,2,58,Philadelphia Eagles,43,128,6
2002,Sheldon Brown,BrowSh20,CB,South Carolina,70,196,4.47,2,59,Philadelphia Eagles,55,175,9
2002,Anton Palepoi,PaleAn20,DE,UNLV,75,279,4.81,2,60,Seattle Seahawks,4,35,0
2002,Ryan Denney,DennRy20,DE,BYU,79,276,4.86,2,61,Buffalo Bills,23,113,2
2002,Antwaan Randle El,RandAn00,WR,Indiana,70,191,4.49,2,62,Pittsburgh Steelers,43,143,4
2002,Antonio Bryant,BryaAn00,WR,Pittsburgh,73,188,4.57,2,63,Dallas Cowboys,38,106,6
2002,Deion Branch,BranDe00,WR,Louisville,69,191,4.47,2,65,New England Patriots,52,140,7
2002,Fred Weary,WearFr21,C,Tennessee,76,308,5.37,3,66,Houston Texans,18,63,3
2002,Saleem Rasheed,RashSa20,ILB,Alabama,75,229,4.66,3,69,San Francisco 49ers,5,45,0
2002,Willie Offord,OffoWi20,S,South Carolina,74,215,4.61,3,70,Minnesota Vikings,5,47,0
2002,Ben Leber,LebeBe20,OLB,Kansas State,75,244,4.62,3,71,San Diego Chargers,46,143,8
2002,Will Witherspoon,WithWi20,OLB,Georgia,73,231,4.68,3,73,Carolina Panthers,59,189,8
2002,Derek Ross,RossDe20,CB,Ohio State,71,197,4.56,3,75,Dallas Cowboys,6,33,1
2002,Melvin Fowler,FowlMe20,C,Maryland,75,300,5.46,3,76,Cleveland Browns,25,87,4
2002,Rocky Calmus,CalmRo20,OLB,Oklahoma,75,243,4.69,3,77,Tennessee Titans,8,27,1
2002,Rashad Bauman,BaumRa20,CB,Oregon,68,186,4.44,3,79,Washington Redskins,3,43,0
2002,Will Overstreet,OverWi20,DE,Tennessee,75,259,4.65,3,80,Atlanta Falcons,1,6,0
2002,Josh McCown,McCoJo01,QB,SMU,76,221,4.59,3,81,Arizona Cardinals,40,102,5
2002,James Allen,AlleJa21,OLB,Oregon State,75,240,4.62,3,82,New Orleans Saints,9,48,1
2002,Charles Hill,HillCh20,DT,Maryland,74,293,5.06,3,83,Houston Texans,1,16,0
2002,Lamar Gordon,GordLa00,RB,North Dakota State,73,214,4.55,3,84,St. Louis Rams,9,41,0
2002,Kris Richard,RichKr20,CB,USC,71,186,4.47,3,85,Seattle Seahawks,2,39,0
2002,Cliff Russell,RussCl00,WR,Utah,71,185,4.36,3,87,Washington Redskins,0,23,0
2002,Chris Baker,BakeCh00,TE,Michigan State,75,258,4.81,3,88,New York Jets,13,131,5
2002,Akin Ayodele,AyodAk20,OLB,Purdue,74,257,4.81,3,89,Jacksonville Jaguars,48,143,8
2002,Seth McKinney,McKiSe20,C,Texas A&M,75,300,4.97,3,90,Miami Dolphins,21,93,3
2002,Brian Westbrook,WestBr00,RB,Villanova,68,200,4.57,3,91,Philadelphia Eagles,69,121,7
2002,Marques Anderson,AndeMa22,S,UCLA,71,213,4.5,3,92,Green Bay Packers,14,54,2
2002,Terrence Metcalf,MetcTe20,OT,Mississippi,75,318,5.31,3,93,Chicago Bears,11,84,1
2002,Chris Hope,HopeCh21,S,Florida State,72,210,4.58,3,94,Pittsburgh Steelers,46,163,7
2002,Dorsett Davis,DaviDo23,DT,Mississippi State,77,304,5.0,3,96,Denver Broncos,1,14,0
2002,Coy Wire,WireCo20,S,Stanford,72,209,4.56,3,97,Buffalo Bills,22,127,1
2002,Dennis Johnson,JohnDe22,DE,Kentucky,77,258,4.82,3,98,Arizona Cardinals,5,29,1
2002,Jonathan Wells,WellJo00,RB,Ohio State,73,243,4.52,4,99,Houston Texans,11,60,1
2002,Dante Wesley,WeslDa20,CB,Ark-Pine Bluff,73,211,4.43,4,100,Carolina Panthers,10,107,0
2002,Kevin Bentley,BentKe20,OLB,Northwestern,72,243,4.68,4,101,Cleveland Browns,23,136,2
2002,Jeff Chandler,chandjef01,K,Florida,74,218,5.0,4,102,San Francisco 49ers,1,13,0
2002,Justin Peelle,PeelJu00,TE,Oregon,76,255,4.75,4,103,San Diego Chargers,8,151,4
2002,Alex Brown,BrowAl20,DE,Florida,75,260,4.74,4,104,Chicago Bears,59,143,8
2002,David Thornton,ThorDa20,OLB,North Carolina,74,236,4.62,4,106,Indianapolis Colts,42,121,7
2002,Omar Easy,EasyOm00,FB,Penn State,73,244,4.53,4,107,Kansas City Chiefs,0,53,0
2002,David Garrard,GarrDa00,QB,East Carolina,74,235,4.82,4,108,Jacksonville Jaguars,62,86,5
2002,Travis Dorsch,DorsTr20,P,Purdue,78,221,4.89,4,109,Cincinnati Bengals,0,1,0
2002,Mike Echols,EchoMi20,CB,Wisconsin,69,190,4.35,4,110,Tennessee Titans,0,9,0
2002,Ben Taylor,TaylBe20,ILB,Virginia Tech,74,236,4.83,4,111,Cleveland Browns,14,49,2
2002,Dave Zastudil,ZastDa20,P,Ohio,75,222,5.26,4,112,Baltimore Ravens,18,162,0
2002,Randy McMichael,McMiRa01,TE,Georgia,75,247,4.88,4,114,Miami Dolphins,33,164,10
2002,Martin Bibla,BiblMa20,OG,Miami (FL),75,306,5.08,4,116,Atlanta Falcons,3,31,0
2002,Rohan Davey,DaveRo01,QB,LSU,74,245,4.74,4,117,New England Patriots,0,7,0
2002,Chris Luzar,LuzaCh00,TE,Virginia,79,270,4.76,4,118,Jacksonville Jaguars,0,23,0
2002,Travis Stephens,StepTr01,RB,Tennessee,68,194,4.6,4,119,Tampa Bay Buccaneers,0,1,0
2002,Terreal Bierria,BierTe20,S,Georgia,75,216,4.61,4,120,Seattle Seahawks,6,29,1
2002,Alan Harper,HarpAl20,DT,Fresno State,74,295,5.27,4,121,New York Jets,1,11,0
2002,Ron Johnson,JohnRo03,WR,Minnesota,74,225,4.7,4,123,Baltimore Ravens,1,22,0
2002,Scott Peters,PeteSc20,C,Arizona State,75,300,5.07,4,124,Philadelphia Eagles,1,7,0
2002,Keyuo Craver,CravKe20,CB,Nebraska,71,201,4.62,4,125,New Orleans Saints,2,22,0
2002,Jarvis Green,GreeJa21,DE,LSU,75,272,4.87,4,126,New England Patriots,28,121,2
2002,Larry Foote,FootLa20,OLB,Michigan,73,231,4.83,4,128,Pittsburgh Steelers,62,187,8
2002,Jamar Martin,MartJa01,FB,Ohio State,71,245,4.89,4,129,Dallas Cowboys,0,25,0
2002,Sam Brandon,BranSa20,S,UNLV,74,199,4.66,4,131,Denver Broncos,9,63,0
2002,Rocky Boiman,BoimRo20,OLB,Notre Dame,76,242,4.6,4,133,Tennessee Titans,14,103,2
2002,Najeh Davenport,DaveNa00,FB,Miami (FL),73,248,4.57,4,135,Green Bay Packers,18,73,0
2002,Jarrod Baxter,BaxtJa00,FB,New Mexico,73,245,4.7,5,136,Houston Texans,0,32,1
2002,Randy Fasani,FasaRa00,QB,Stanford,75,224,4.77,5,137,Carolina Panthers,1,4,0
2002,John Owens,OwenJo00,TE,Notre Dame,75,265,4.77,5,138,Detroit Lions,0,76,1
2002,Justin Bannan,BannJu20,DT,Colorado,75,300,5.0,5,139,Buffalo Bills,36,163,4
2002,Bobby Gray,GrayBo20,S,Louisiana Tech,72,209,4.66,5,140,Chicago Bears,6,29,1
2002,Andra Davis,DaviAn20,ILB,Florida,73,244,4.77,5,141,Cleveland Browns,44,143,7
2002,Scott Fujita,FujiSc20,OLB,California,77,248,4.64,5,143,Kansas City Chiefs,46,143,10
2002,Herb Haygood,HaygHe20,WR,Michigan State,71,193,4.45,5,144,Denver Broncos,0,4,0
2002,Kyle Johnson,JohnKy00,FB,Syracuse,73,242,4.74,5,145,Carolina Panthers,4,45,2
2002,Rocky Bernard,BernRo20,DT,Texas A&M,75,294,4.96,5,146,Seattle Seahawks,35,160,3
2002,Kenyon Coleman,ColeKe20,DE,UCLA,77,284,4.97,5,147,Oakland Raiders,38,141,5
2002,Jason McAddley,McAdJa00,WR,Alabama,73,203,4.47,5,149,Arizona Cardinals,4,34,1
2002,Mel Mitchell,MitcMe20,S,Western Kentucky,73,220,4.55,5,150,New Orleans Saints,4,54,0
2002,Jake Schifino,SchiJa20,WR,Akron,73,200,4.49,5,151,Tennessee Titans,0,14,0
2002,Jonathan Goodwin,GoodJo23,OG,Michigan,75,318,5.13,5,154,New York Jets,59,195,8
2002,Terry Jones,JoneTe00,TE,Alabama,75,265,4.79,5,155,Baltimore Ravens,5,53,3
2002,Jermaine Phillips,PhilJe20,S,Georgia,73,214,4.66,5,157,Tampa Bay Buccaneers,32,96,6
2002,Kurt Kittner,KittKu00,QB,Illinois,74,221,4.86,5,158,Atlanta Falcons,1,7,0
2002,Andre Lott,LottAn20,CB,Tennessee,70,194,4.48,5,159,Washington Redskins,4,32,0
2002,Robert Royal,RoyaRo00,TE,LSU,77,253,4.97,5,160,Washington Redskins,9,110,6
2002,Omare Lowe,LoweOm20,CB,Washington,73,196,4.58,5,161,Miami Dolphins,2,43,0
2002,Verron Haynes,HaynVe00,FB,Georgia,70,224,4.78,5,166,Pittsburgh Steelers,9,68,0
2002,Courtland Bullard,BullCo20,OLB,Ohio State,75,234,4.69,5,167,St. Louis Rams,2,20,0
2002,Ryan Hannam,HannRy00,TE,New Mexico,74,251,4.69,5,169,Seattle Seahawks,2,54,0
2002,Matt Hill,HillMa22,OT,Boise State,78,300,5.33,5,171,Seattle Seahawks,3,26,0
2002,Josh Shaw,ShawJo20,DT,Michigan State,75,279,5.08,5,172,San Francisco 49ers,1,14,0
2002,Demarcus Faggins,FaggDe20,CB,Kansas State,70,178,4.57,6,173,Houston Texans,14,84,3
2002,Keith Heinrich,HeinKe00,TE,SMU,77,255,4.77,6,174,Carolina Panthers,1,22,0
2002,Chris Cash,CashCh20,CB,USC,70,177,4.5,6,175,Detroit Lions,7,30,1
2002,Kevin Thomas,ThomKe22,CB,UNLV,71,180,4.64,6,176,Buffalo Bills,5,38,0
2002,Nick Rogers,RogeNi20,OLB,Georgia Tech,74,251,4.73,6,177,Minnesota Vikings,7,46,1
2002,Marquand Manuel,ManuMa20,S,Florida,72,209,4.52,6,181,Cincinnati Bengals,22,116,3
2002,Kahlil Hill,HillKa20,WR,Iowa,74,200,4.65,6,184,Atlanta Falcons,0,1,0
2002,Josh Scobey,ScobJo00,RB,Kansas State,71,218,4.42,6,185,Arizona Cardinals,3,62,0
2002,J.T. O'Sullivan,OSulJ.00,QB,California-Davis,74,223,4.88,6,186,New Orleans Saints,6,17,0
2002,Wesly Mallard,MallWe20,S,Oregon,74,221,4.49,6,188,New York Giants,3,59,0
2002,John Stamper,StamJo21,DE,South Carolina,76,265,4.98,6,193,Tampa Bay Buccaneers,0,4,0
2002,Larry Ned,NedxLa00,RB,San Diego State,71,219,4.62,6,197,Oakland Raiders,0,19,0
2002,Tyreo Harrison,HarrTy20,ILB,Notre Dame,74,238,4.87,6,198,Philadelphia Eagles,1,14,0
2002,Adrian Peterson,PeteAd00,RB,Georgia Southern,70,214,4.68,6,199,Chicago Bears,11,106,0
2002,Mark Anelli,AnelMa20,TE,Wisconsin,76,262,4.8,6,201,San Francisco 49ers,0,2,0
2002,Lee Mays,MaysLe00,WR,Texas-El Paso,73,190,4.55,6,202,Pittsburgh Steelers,2,49,0
2002,Brian Allen,AlleBr20,RB,Stanford,69,209,4.46,6,204,Indianapolis Colts,0,4,0
2002,Javin Hunter,HuntJa00,WR,Notre Dame,71,186,4.47,6,206,Baltimore Ravens,0,12,0
2002,Chester Taylor,TaylCh01,RB,Toledo,71,213,4.58,6,207,Baltimore Ravens,41,151,1
2002,Chad Williams,WillCh20,S,Southern Miss,69,207,4.58,6,209,Baltimore Ravens,9,79,0
2002,LaVar Glover,GlovLa20,CB,Cincinnati,69,177,4.59,7,212,Pittsburgh Steelers,0,2,0
2002,Mike Pucillo,PuciMi20,OG,Auburn,76,317,5.31,7,215,Buffalo Bills,9,48,1
2002,Chad Beasley,BeasCh20,DT,Virginia Tech,77,303,5.15,7,218,Minnesota Vikings,2,8,0
2002,Kendall Newson,NewsKe00,WR,Middle Tennessee State,74,200,4.69,7,222,Jacksonville Jaguars,1,6,0
2002,Mike Banks,BankMi20,TE,Iowa State,76,260,4.84,7,223,Arizona Cardinals,0,18,0
2002,Daryl Jones,JoneDa02,WR,Miami (FL),69,180,4.35,7,226,New York Giants,1,15,0
2002,Chris Young,YounCh20,S,Georgia Tech,72,210,4.63,7,228,Denver Broncos,2,21,0
2002,Monsanto Pope,PopeMo20,DT,Virginia,75,295,5.25,7,231,Denver Broncos,12,48,1
2002,Greg Scott,ScotGr20,DE,Kansas State,76,268,4.9,7,234,Washington Redskins,0,4,0
2002,Ronald Curry,CurrRo01,QB,North Carolina,74,220,4.59,7,235,Oakland Raiders,16,76,2
2002,Raheem Brock,BrocRa20,DE,Temple,76,257,4.93,7,238,Philadelphia Eagles,43,152,6
2002,Eric Heitmann,HeitEr20,OG,Stanford,76,305,5.22,7,239,San Francisco 49ers,40,119,7
2002,Carlos Hall,HallCa20,DE,Arkansas,76,259,4.67,7,240,Tennessee Titans,17,59,2
2002,Leonard Henry,HenrLe20,RB,East Carolina,73,206,4.57,7,241,Miami Dolphins,1,6,0
2002,Brett Keisel,KeisBr20,DE,BYU,77,279,4.89,7,242,Pittsburgh Steelers,58,156,8
2002,Quincy Monk,MonkQu20,ILB,North Carolina,75,250,4.82,7,245,New York Giants,1,15,0
2002,Steve Smith,SmitSt21,S,Oregon,73,193,4.62,7,246,Jacksonville Jaguars,0,4,0
2002,Hayden Epstein,epstehay01,K,Michigan,74,212,4.79,7,247,Jacksonville Jaguars,0,15,0
2002,Kyle Kosier,KosiKy20,OT,Arizona State,77,293,5.09,7,248,San Francisco 49ers,51,143,8
2002,David Givens,GiveDa00,WR,Notre Dame,72,217,4.56,7,253,New England Patriots,22,58,2
2002,Rock Cartwright,CartRo01,RB,Kansas State,68,237,4.47,7,257,Washington Redskins,9,154,0
2002,Victor Rogers,RogeVi20,OG,Colorado,78,331,5.57,7,259,Detroit Lions,0,1,0
2002,Dominique Stevenson,StevDo21,OLB,Tennessee,72,231,4.53,7,260,Buffalo Bills,2,21,0
2003,Carson Palmer,PalmCa00,QB,USC,77,232,4.65,1,1,Cincinnati Bengals,107,182,12
2003,Charles Rogers,RogeCh01,WR,Michigan State,74,202,4.4,1,2,Detroit Lions,4,15,0
2003,Andre Johnson,JohnAn02,WR,Miami (FL),74,230,4.41,1,3,Houston Texans,94,193,12
2003,Dewayne Robertson,RobeDe20,DT,Kentucky,73,317,5.15,1,4,New York Jets,34,92,6
2003,Terence Newman,NewmTe20,CB,Kansas State,70,189,4.37,1,5,Dallas Cowboys,70,221,15
2003,Johnathan Sullivan,SullJo23,DT,Georgia,75,313,5.1,1,6,New Orleans Saints,10,36,1
2003,Byron Leftwich,LeftBy00,QB,Marshall,77,241,4.85,1,7,Jacksonville Jaguars,33,60,3
2003,Jordan Gross,GrosJo20,OT,Utah,76,300,5.05,1,8,Carolina Panthers,69,167,11
2003,Kevin Williams,WillKe98,DE,Oklahoma State,77,304,4.81,1,9,Minnesota Vikings,102,203,12
2003,Terrell Suggs,SuggTe99,DE,Arizona State,75,262,4.84,1,10,Baltimore Ravens,110,244,15
2003,Marcus Trufant,TrufMa20,CB,Washington State,71,199,4.38,1,11,Seattle Seahawks,49,136,8
2003,Jimmy Kennedy,KennJi21,DT,Penn State,76,322,5.2,1,12,St. Louis Rams,16,92,2
2003,Ty Warren,WarrTy20,DT,Texas A&M,77,307,5.1,1,13,New England Patriots,45,106,6
2003,Michael Haynes,HaynMi20,DE,Penn State,76,281,4.87,1,14,Chicago Bears,8,43,0
2003,Jerome McDougle,McDoJe20,DE,Miami (FL),74,264,4.67,1,15,Philadelphia Eagles,3,37,0
2003,Troy Polamalu,PolaTr99,S,USC,70,206,4.4,1,16,Pittsburgh Steelers,96,158,10
2003,Bryant Johnson,JohnBr02,WR,Penn State,74,214,4.57,1,17,Arizona Cardinals,26,139,4
2003,Calvin Pace,PaceCa20,DE,Wake Forest,76,269,4.79,1,18,Arizona Cardinals,61,187,10
2003,Kyle Boller,BollKy00,QB,California,75,234,4.61,1,19,Baltimore Ravens,16,67,4
2003,George Foster,FostGe20,OT,Georgia,77,338,5.23,1,20,Denver Broncos,31,68,4
2003,Jeff Faine,FainJe20,C,Notre Dame,75,303,5.18,1,21,Cleveland Browns,45,125,8
2003,Rex Grossman,GrosRe00,QB,Florida,73,217,5.06,1,22,Chicago Bears,23,54,3
2003,Willis McGahee,McGaWi00,RB,Miami (FL),72,223,4.45,1,23,Buffalo Bills,56,142,7
2003,Dallas Clark,ClarDa00,TE,Iowa,75,257,4.65,1,24,Indianapolis Colts,51,143,9
2003,William Joseph,JoseWi20,DT,Miami (FL),77,308,5.18,1,25,New York Giants,11,69,1
2003,Kwame Harris,HarrKw20,OT,Stanford,79,310,5.2,1,26,San Francisco 49ers,22,86,3
2003,Larry Johnson,JohnLa00,RB,Penn State,73,228,4.45,1,27,Kansas City Chiefs,51,85,4
2003,Andre Woolfolk,WoolAn20,CB,Oklahoma,73,197,4.47,1,28,Tennessee Titans,6,39,0
2003,Nick Barnett,BarnNi20,OLB,Oregon State,74,236,4.67,1,29,Green Bay Packers,60,153,9
2003,Sammy Davis,DaviSa21,CB,Texas A&M,72,186,4.42,1,30,San Diego Chargers,12,71,2
2003,Nnamdi Asomugha,AsomNn20,CB,California,74,213,4.45,1,31,Oakland Raiders,64,157,8
2003,Tyler Brayton,BrayTy20,DE,Colorado,78,277,4.73,1,32,Oakland Raiders,40,141,6
2003,Eric Steinbach,SteiEr20,OG,Iowa,78,297,4.96,2,33,Cincinnati Bengals,48,125,8
2003,Boss Bailey,BailBo20,OLB,Georgia,75,233,4.58,2,34,Detroit Lions,22,64,4
2003,Charles Tillman,TillCh20,CB,Louisiana-Lafayette,73,207,4.49,2,35,Chicago Bears,66,168,11
2003,Eugene Wilson,WilsEu20,CB,Illinois,70,192,4.48,2,36,New England Patriots,29,96,6
2003,Jon Stinchcomb,StinJo20,OT,Georgia,77,302,4.99,2,37,New Orleans Saints,45,90,5
2003,Al Johnson,JohnAl22,C,Wisconsin,75,305,4.95,2,38,Dallas Cowboys,23,66,3
2003,Rashean Mathis,MathRa99,S,Bethune-Cookman,73,202,4.45,2,39,Jacksonville Jaguars,64,175,11
2003,E.J. Henderson,HendE.20,ILB,Maryland,73,245,4.8,2,40,Minnesota Vikings,47,125,7
2003,Bennie Joppru,JoppBe00,TE,Michigan,76,272,4.78,2,41,Houston Texans,0,19,0
2003,Ken Hamlin,HamlKe20,S,Arkansas,74,209,4.61,2,42,Seattle Seahawks,37,107,6
2003,Pisa Tinoisamoa,TinoPi20,OLB,Hawaii,72,231,4.65,2,43,St. Louis Rams,35,98,7
2003,Taylor Jacobs,JacoTa00,WR,Florida,72,205,4.42,2,44,Washington Redskins,2,56,0
2003,Bethel Johnson,JohnBe00,WR,Texas A&M,71,201,4.38,2,45,New England Patriots,8,50,0
2003,Drayton Florence,FlorDr20,CB,Tuskegee,72,198,4.39,2,46,San Diego Chargers,34,157,6
2003,Kawika Mitchell,MitcKa20,ILB,South Florida,73,253,4.69,2,47,Kansas City Chiefs,37,97,6
2003,Chris Kelsay,KelsCh21,DE,Nebraska,76,273,4.75,2,48,Buffalo Bills,46,147,8
2003,Eddie Moore,MoorEd20,OLB,Tennessee,72,237,4.71,2,49,Miami Dolphins,3,18,0
2003,Bruce Nelson,NelsBr20,C,Iowa,77,301,5.26,2,50,Carolina Panthers,2,15,0
2003,Terry Pierce,PierTe20,ILB,Kansas State,73,251,4.78,2,51,Denver Broncos,1,18,0
2003,Chaun Thompson,ThomCh23,OLB,West Texas A&M,74,240,4.58,2,52,Cleveland Browns,17,98,2
2003,Victor Hobson,HobsVi20,ILB,Michigan,72,252,4.86,2,53,New York Jets,26,79,4
2003,Anquan Boldin,BoldAn00,WR,Florida State,73,216,4.72,2,54,Arizona Cardinals,86,202,14
2003,Bryan Scott,ScotBr20,S,Penn State,73,219,4.6,2,55,Atlanta Falcons,34,143,3
2003,Anthony Adams,AdamAn20,DT,Penn State,72,299,5.13,2,57,San Francisco 49ers,33,121,4
2003,Mike Doss,DossMi20,S,Ohio State,70,207,4.45,2,58,Indianapolis Colts,17,57,3
2003,Alonzo Jackson,JackAl23,DE,Florida State,76,266,4.86,2,59,Pittsburgh Steelers,2,18,0
2003,Tyrone Calico,CaliTy00,WR,Middle Tennessee State,76,223,4.34,2,60,Tennessee Titans,5,27,0
2003,L.J. Smith,SmitL.00,TE,Rutgers,75,258,4.62,2,61,Philadelphia Eagles,21,98,4
2003,Terrence Kiel,KielTe20,S,Texas A&M,71,204,4.46,2,62,San Diego Chargers,17,59,3
2003,Teyo Johnson,JohnTe00,WR,Stanford,77,247,4.61,2,63,Oakland Raiders,2,30,0
2003,DeWayne White,WhitDe20,DE,Louisville,74,273,4.76,2,64,Tampa Bay Buccaneers,24,96,2
2003,Kelley Washington,WashKe00,WR,Tennessee,74,223,4.42,3,65,Cincinnati Bengals,13,91,0
2003,Cory Redding,ReddCo20,DE,Texas,76,279,4.88,3,66,Detroit Lions,54,188,10
2003,Antwan Peek,PeekAn20,OLB,Cincinnati,75,246,4.65,3,67,Houston Texans,12,65,1
2003,Lance Briggs,BrigLa99,ILB,Arizona,73,242,4.75,3,68,Chicago Bears,98,173,12
2003,Jason Witten,WittJa00,TE,Tennessee,78,264,4.65,3,69,Dallas Cowboys,80,271,16
2003,Gerald Hayes,HayeGe20,ILB,Pittsburgh,73,238,4.75,3,70,Arizona Cardinals,27,94,4
2003,Nate Burleson,BurlNa00,WR,Nevada,72,197,4.51,3,71,Minnesota Vikings,45,135,9
2003,Vince Manuwai,ManuVi20,OG,Hawaii,74,304,5.06,3,72,Jacksonville Jaguars,49,111,7
2003,Wayne Hunter,HuntWa20,OT,Hawaii,78,303,5.08,3,73,Seattle Seahawks,13,77,1
2003,Kevin Curtis,CurtKe00,WR,Utah State,71,186,4.42,3,74,St. Louis Rams,25,81,3
2003,Seth Wand,WandSe20,OT,Northwest Missouri State,79,321,5.14,3,75,Houston Texans,10,53,1
2003,Mike Seidman,SeidMi00,TE,UCLA,76,261,4.8,3,76,Carolina Panthers,1,43,0
2003,Musa Smith,SmitMu00,RB,Georgia,73,232,4.45,3,77,Baltimore Ravens,6,49,0
2003,Wade Smith,SmitWa21,OT,Memphis,76,296,5.14,3,78,Miami Dolphins,43,143,6
2003,Kenny Peterson,PeteKe21,DE,Ohio State,75,298,4.8,3,79,Green Bay Packers,11,76,1
2003,Derrick Dockery,DockDe20,OG,Texas,78,347,5.58,3,81,Washington Redskins,44,141,7
2003,Ricky Manning,MannRi20,CB,UCLA,69,185,4.52,3,82,Carolina Panthers,22,84,1
2003,B.J. Askew,AskeB.00,RB,Michigan,74,241,4.6,3,85,New York Jets,4,83,1
2003,Cie Grant,GranCi20,OLB,Ohio State,72,228,4.68,3,86,New Orleans Saints,1,7,0
2003,Taylor Whitley,WhitTa21,OG,Texas A&M,76,321,5.18,3,87,Miami Dolphins,4,18,1
2003,Dave Ragone,RagoDa00,QB,Louisville,76,249,4.99,3,88,Houston Texans,1,2,0
2003,Andrew Williams,WillAn20,DE,Miami (FL),74,263,4.7,3,89,San Francisco 49ers,1,9,0
2003,Donald Strickland,StriDo20,CB,Colorado,70,187,4.53,3,90,Indianapolis Colts,12,89,0
2003,Visanthe Shiancoe,ShiaVi00,TE,South Florida,76,251,4.65,3,91,New York Giants,23,149,5
2003,Julian Battle,BattJu20,CB,Tennessee,74,205,4.45,3,92,Kansas City Chiefs,2,26,0
2003,Chris Brown,BrowCh03,RB,Colorado,75,220,4.46,3,93,Tennessee Titans,24,68,2
2003,Angelo Crowell,CrowAn20,ILB,Virginia,72,236,4.73,3,94,Buffalo Bills,18,65,3
2003,Billy McMullen,McMuBi00,WR,Virginia,76,210,4.61,3,95,Philadelphia Eagles,5,49,0
2003,Justin Fargas,FargJu00,RB,USC,73,219,4.35,3,96,Oakland Raiders,20,92,2
2003,Chris Simms,SimmCh00,QB,Texas,76,220,4.84,3,97,Tampa Bay Buccaneers,8,23,1
2003,Dennis Weathersby,WeatDe20,CB,Oregon State,73,204,4.38,4,98,Cincinnati Bengals,0,4,0
2003,Artose Pinner,PinnAr00,RB,Kentucky,70,229,4.68,4,99,Detroit Lions,8,47,0
2003,Todd Johnson,JohnTo20,S,Florida,73,206,4.56,4,100,Chicago Bears,13,80,1
2003,Domanick Williams,DaviDo01,RB,LSU,69,213,4.63,4,101,Houston Texans,33,40,3
2003,Montrae Holland,HollMo20,OG,Florida State,73,333,5.3,4,102,New Orleans Saints,30,99,4
2003,Bradie James,JameBr20,ILB,LSU,74,242,4.71,4,103,Dallas Cowboys,53,157,8
2003,George Wrighster,WrigGe00,TE,Oregon,74,249,4.89,4,104,Jacksonville Jaguars,8,67,1
2003,Onterrio Smith,SmitOn00,RB,Oregon,70,220,4.48,4,105,Minnesota Vikings,14,26,0
2003,Shaun McDonald,McDoSh00,WR,Arizona State,68,169,4.43,4,106,St. Louis Rams,19,88,1
2003,DeJuan Groce,GrocDe20,CB,Nebraska,70,192,4.49,4,107,St. Louis Rams,10,54,1
2003,Quentin Griffin,GrifQu00,RB,Oklahoma,67,195,4.48,4,108,Denver Broncos,6,16,0
2003,Jarret Johnson,JohnJa23,DT,Alabama,75,284,5.07,4,109,Baltimore Ravens,55,184,9
2003,Seneca Wallace,WallSe00,QB,Iowa State,71,196,4.56,4,110,Seattle Seahawks,14,64,1
2003,Terrence McGee,McGeTe99,CB,NW State (LA),70,201,4.57,4,111,Buffalo Bills,49,122,7
2003,Matt Wilhelm,WilhMa20,ILB,Ohio State,76,245,4.8,4,112,San Diego Chargers,18,89,1
2003,Brett Williams,WillBr21,OT,Florida State,77,321,5.25,4,113,Kansas City Chiefs,0,5,0
2003,Nick Eason,EasoNi20,DT,Clemson,75,301,5.17,4,114,Denver Broncos,16,117,0
2003,Lee Suggs,SuggLe00,RB,Virginia Tech,72,202,4.44,4,115,Cleveland Browns,8,29,0
2003,Ian Scott,ScotIa20,DT,Florida,74,312,5.16,4,116,Chicago Bears,22,65,3
2003,Dan Klecko,KlecDa20,DT,Temple,71,283,4.94,4,117,New England Patriots,8,63,0
2003,Jeremi Johnson,JohnJe00,FB,Indiana,71,260,4.9,4,118,Cincinnati Bengals,4,96,4
2003,Colin Branch,BranCo20,S,Stanford,72,203,4.4,4,119,Carolina Panthers,8,48,1
2003,Asante Samuel,SamuAs20,CB,Central Florida,71,185,4.49,4,120,New England Patriots,74,157,9
2003,Justin Griffith,GrifJu00,FB,Mississippi State,71,232,4.59,4,121,Atlanta Falcons,11,96,6
2003,Steve Sciullo,SciuSt20,OT,Marshall,77,330,5.48,4,122,Indianapolis Colts,13,28,1
2003,Brandon Lloyd,LloyBr00,WR,Illinois,72,184,4.62,4,124,San Francisco 49ers,41,142,6
2003,Rien Long,LongRi20,DT,Washington State,78,302,5.1,4,126,Tennessee Titans,5,39,0
2003,Sam Aiken,AikeSa00,WR,North Carolina,74,209,4.59,4,127,Buffalo Bills,7,95,0
2003,Shurron Pierson,PierSh20,DE,South Florida,74,243,4.63,4,129,Oakland Raiders,0,12,0
2003,Jamaal Green,GreeJa20,DE,Miami (FL),74,272,4.78,4,131,Philadelphia Eagles,1,8,0
2003,LaBrandon Toefield,ToefLa00,RB,LSU,71,233,4.6,4,132,Jacksonville Jaguars,5,45,0
2003,Austin King,KingAu20,C,Northwestern,76,299,5.42,4,133,Tampa Bay Buccaneers,3,34,0
2003,Ovie Mughelli,MughOv00,FB,Wake Forest,73,255,4.73,4,134,Baltimore Ravens,6,107,5
2003,Solomon Bates,BateSo20,ILB,Arizona State,73,243,4.89,4,135,Seattle Seahawks,2,17,0
2003,Khalid Abdullah,AbduKh20,OLB,Mars Hill,74,227,4.61,5,136,Cincinnati Bengals,1,16,0
2003,Terrence Holt,HoltTe20,S,North Carolina State,74,208,4.55,5,137,Detroit Lions,18,71,3
2003,Bobby Wade,WadeBo00,WR,Arizona,70,193,4.66,5,139,Chicago Bears,22,102,3
2003,Derek Pagel,PageDe20,S,Iowa,73,208,4.57,5,140,New York Jets,1,19,0
2003,Kenny King,KingKe20,DE,Alabama,75,281,4.95,5,141,Arizona Cardinals,1,11,0
2003,Justin Gage,GageJu00,WR,Missouri,76,217,4.45,5,143,Chicago Bears,25,100,3
2003,Kindal Moorehead,MoorKi20,DE,Alabama,74,285,5.0,5,145,Carolina Panthers,14,89,1
2003,Aubrayo Franklin,FranAu20,DT,Tennessee,73,307,5.2,5,146,Baltimore Ravens,42,142,7
2003,James Lee,LeexJa21,DT,Oregon State,76,327,4.98,5,147,Green Bay Packers,1,9,0
2003,Dan Curley,CurlDa20,TE,East. Washington,76,254,4.63,5,148,St. Louis Rams,0,1,0
2003,Mike Scifres,ScifMi20,P,West. Illinois,74,236,4.91,5,149,San Diego Chargers,23,195,0
2003,Matt Walters,WaltMa20,DE,Miami (FL),76,272,4.9,5,150,New York Jets,1,11,0
2003,Ben Sobieski,SobiBe20,OG,Iowa,77,307,5.0,5,151,Buffalo Bills,0,1,0
2003,Michael Lehan,LehaMi20,CB,Minnesota,72,196,4.48,5,152,Cleveland Browns,9,67,1
2003,Jordan Black,BlacJo20,OT,Notre Dame,78,314,5.18,5,153,Kansas City Chiefs,24,94,2
2003,Donnie Nickey,NickDo20,S,Ohio State,74,220,4.65,5,154,Tennessee Titans,8,123,0
2003,Donald Lee,LeexDo00,TE,Mississippi State,75,249,4.82,5,156,Miami Dolphins,17,133,5
2003,Ben Claxton,ClaxBe20,C,Mississippi,75,301,5.16,5,157,Denver Broncos,0,3,0
2003,Adrian Madise,MadiAd00,WR,TCU,71,215,4.49,5,158,Denver Broncos,0,11,0
2003,David Diehl,DiehDa21,OG,Illinois,78,310,5.26,5,160,New York Giants,67,164,11
2003,Aaron Walker,WalkAa00,TE,Florida,78,252,4.72,5,161,San Francisco 49ers,3,55,0
2003,Keyon Whiteside,WhitKe20,ILB,Tennessee,72,229,4.8,5,162,Indianapolis Colts,0,12,0
2003,Dan Koppen,KoppDa20,C,Boston Col.,75,297,5.43,5,164,New England Patriots,72,136,9
2003,Chris Davis,DaviCh24,FB,Syracuse,71,235,4.56,5,165,Seattle Seahawks,0,1,0
2003,Doug Gabriel,GabrDo00,WR,Central Florida,74,213,4.52,5,167,Oakland Raiders,14,57,1
2003,Sean Mahan,MahaSe20,OG,Notre Dame,75,301,5.14,5,168,Tampa Bay Buccaneers,24,94,3
2003,Shane Walton,WaltSh20,CB,Notre Dame,71,184,4.67,5,170,St. Louis Rams,0,4,0
2003,Tron LaFavor,LaFaTr20,DT,Florida,74,290,5.08,5,171,Chicago Bears,0,4,0
2003,Kevin Garrett,GarrKe20,CB,SMU,69,194,4.32,5,172,St. Louis Rams,2,24,0
2003,Tony Pashos,PashTo20,OT,Illinois,78,337,5.3,5,173,Baltimore Ravens,34,104,5
2003,Langston Moore,MoorLa20,DT,South Carolina,73,303,5.04,6,174,Cincinnati Bengals,7,51,0
2003,Brandon Green,GreeBr20,DE,Rice,74,267,4.78,6,176,Jacksonville Jaguars,5,32,0
2003,Reggie Wells,WellRe20,OT,Clarion,75,300,5.16,6,177,Arizona Cardinals,40,119,6
2003,B.J. Tucker,TuckB.20,CB,Wisconsin,70,188,4.34,6,178,Dallas Cowboys,0,10,0
2003,Eddie Johnson,JohnEd22,P,Idaho State,75,232,5.17,6,180,Minnesota Vikings,1,14,0
2003,Gerome Sapp,SappGe20,S,Notre Dame,72,216,4.64,6,182,Baltimore Ravens,6,67,0
2003,Rashad Moore,MoorRa21,DT,Tennessee,75,324,5.1,6,183,Seattle Seahawks,11,44,1
2003,Scott Tercero,TercSc20,OG,California,76,303,5.23,6,184,St. Louis Rams,2,8,0
2003,Jeremy Bridges,BridJe20,OG,Southern Miss,76,301,5.38,6,185,Philadelphia Eagles,23,112,2
2003,Lauvale Sape,SapeLa20,DT,Utah,74,297,5.21,6,187,Buffalo Bills,1,10,0
2003,Hanik Milligan,MillHa99,S,Houston,74,201,4.52,6,188,San Diego Chargers,6,53,0
2003,Jimmy Wilkerson,WilkJi20,DE,Oklahoma,75,271,4.91,6,189,Kansas City Chiefs,17,119,1
2003,Joe Odom,OdomJo20,OLB,Purdue,73,241,4.6,6,191,Chicago Bears,6,28,0
2003,Antonio Garay,GaraAn20,DE,Boston Col.,75,295,4.9,6,195,Cleveland Browns,15,56,2
2003,LaTarence Dunbar,DunbLa20,WR,TCU,71,196,4.52,6,196,Atlanta Falcons,0,5,0
2003,Arnaz Battle,BattAr00,WR,Notre Dame,73,217,4.58,6,197,San Francisco 49ers,18,113,2
2003,Cato June,JuneCa99,S,Michigan,72,218,4.61,6,198,Indianapolis Colts,38,89,5
2003,Kliff Kingsbury,KingKl00,QB,Texas Tech,75,213,4.77,6,201,New England Patriots,0,1,0
2003,Torrie Cox,CoxxTo21,CB,Pittsburgh,69,181,4.55,6,205,Tampa Bay Buccaneers,5,56,0
2003,Makoa Freitas,FreiMa20,OG,Arizona,76,307,5.05,6,208,Indianapolis Colts,7,28,0
2003,Tony Gilbert,GilbTo20,ILB,Georgia,72,251,4.86,6,210,Arizona Cardinals,6,68,0
2003,Scott Kooistra,KooiSc20,OT,North Carolina State,78,316,5.14,7,215,Cincinnati Bengals,6,84,0
2003,Curry Burns,BurnCu20,S,Louisville,72,216,4.56,7,217,Houston Texans,1,11,0
2003,Malaefou MacKenzie,MacKMa20,RB,USC,70,233,4.67,7,218,Jacksonville Jaguars,0,1,0
2003,Keenan Howry,HowrKe00,WR,Oregon,70,178,4.56,7,221,Minnesota Vikings,0,23,0
2003,Josh Brown,brownjos01,K,Nebraska,73,202,4.81,7,222,Seattle Seahawks,34,201,0
2003,Trent Smith,SmitTr01,TE,Oklahoma,77,243,4.79,7,223,Baltimore Ravens,0,5,0
2003,Todd Williams,WillTo21,OT,Florida State,77,340,5.08,7,225,Tennessee Titans,0,7,0
2003,Walter Young,YounWa00,WR,Illinois,77,214,4.54,7,226,Carolina Panthers,0,9,0
2003,Mario Haggan,HaggMa20,ILB,Mississippi State,75,252,4.88,7,228,Buffalo Bills,21,132,2
2003,Andrew Pinnock,PinnAn00,FB,South Carolina,70,265,4.62,7,229,San Diego Chargers,1,42,0
2003,Talman Gardner,GardTa00,WR,Florida State,73,205,4.44,7,231,New Orleans Saints,0,21,0
2003,Spencer Nead,NeadSp00,TE,BYU,76,259,4.86,7,234,New England Patriots,0,10,0
2003,Demetrin Veal,VealDe20,DE,Tennessee,74,288,5.24,7,238,Atlanta Falcons,4,37,0
2003,Tully Banta-Cain,BantTu20,DE,California,74,264,4.79,7,239,New England Patriots,22,113,2
2003,Ken Dorsey,DorsKe00,QB,Miami (FL),77,208,4.7,7,241,San Francisco 49ers,2,16,0
2003,Norman LeJeune,LeJeNo20,S,LSU,72,200,4.65,7,244,Philadelphia Eagles,0,7,0
2003,Wayne Lucier,LuciWa20,C,Colorado,76,301,5.28,7,249,New York Giants,9,27,1
2003,Scott Shanle,ShanSc20,OLB,Nebraska,74,245,4.72,7,251,St. Louis Rams,41,133,7
2003,Willie Pile,PileWi20,S,Virginia Tech,74,206,4.57,7,252,Kansas City Chiefs,3,32,0
2004,Eli Manning,MannEl00,QB,Mississippi,77,221,4.9,1,1,San Diego Chargers,121,236,14
2004,Robert Gallery,GallRo20,OT,Iowa,79,323,4.98,1,2,Oakland Raiders,38,104,7
2004,Larry Fitzgerald,FitzLa00,WR,Pittsburgh,75,225,4.48,1,3,Arizona Cardinals,93,263,17
2004,Philip Rivers,RivePh00,QB,North Carolina State,77,229,5.08,1,4,New York Giants,150,247,15
2004,Sean Taylor,TaylSe20,S,Miami (FL),74,230,4.51,1,5,Washington Redskins,32,55,4
2004,Kellen Winslow,WinsKe01,TE,Miami (FL),76,251,4.55,1,6,Cleveland Browns,37,105,5
2004,Roy Williams,WillRo04,WR,Texas,74,212,4.48,1,7,Detroit Lions,42,115,7
2004,DeAngelo Hall,HallDe99,CB,Virginia Tech,70,202,4.34,1,8,Atlanta Falcons,61,171,10
2004,Reggie Williams,WillRe00,WR,Washington,76,229,4.56,1,9,Jacksonville Jaguars,23,79,3
2004,Dunta Robinson,RobiDu20,CB,South Carolina,71,186,4.34,1,10,Houston Texans,41,139,8
2004,Ben Roethlisberger,RoetBe00,QB,Miami (OH),77,241,4.75,1,11,Pittsburgh Steelers,131,249,17
2004,Jonathan Vilma,VilmJo99,ILB,Miami (FL),72,233,4.61,1,12,New York Jets,56,125,8
2004,Lee Evans,EvanLe00,WR,Wisconsin,71,197,4.39,1,13,Buffalo Bills,47,118,7
2004,Tommie Harris,HarrTo99,DT,Oklahoma,74,295,4.78,1,14,Chicago Bears,56,117,6
2004,Michael Clayton,ClayMi00,WR,LSU,75,209,4.67,1,15,Tampa Bay Buccaneers,22,95,5
2004,Shawn Andrews,AndrSh55,OT,Arkansas,76,366,5.49,1,16,Philadelphia Eagles,35,63,3
2004,D.J. Williams,WillD.20,OLB,Miami (FL),73,250,4.55,1,17,Denver Broncos,48,145,9
2004,Will Smith,SmitWi99,DE,Ohio State,75,275,4.6,1,18,New Orleans Saints,52,139,7
2004,Vernon Carey,CareVe20,OG,Miami (FL),76,335,5.33,1,19,Miami Dolphins,44,121,7
2004,Kenechi Udeze,UdezKe20,DE,USC,75,281,4.77,1,20,Minnesota Vikings,20,51,3
2004,Vince Wilfork,WilfVi20,DT,Miami (FL),73,323,5.08,1,21,New England Patriots,90,189,11
2004,J.P. Losman,LosmJ.00,QB,Tulane,74,224,4.73,1,22,Buffalo Bills,19,45,1
2004,Marcus Tubbs,TubbMa20,DT,Texas,76,321,5.05,1,23,Seattle Seahawks,9,29,1
2004,Steven Jackson,JackSt00,RB,Oregon State,73,241,4.55,1,24,St. Louis Rams,75,160,10
2004,Ahmad Carroll,CarrAh20,CB,Arkansas,70,195,4.34,1,25,Green Bay Packers,14,57,2
2004,Chris Perry,PerrCh00,RB,Michigan,72,224,4.56,1,26,Cincinnati Bengals,9,35,0
2004,Jason Babin,BabiJa20,DE,West. Michigan,75,260,4.62,1,27,Houston Texans,46,148,5
2004,Chris Gamble,GambCh20,CB,Ohio State,73,198,4.52,1,28,Carolina Panthers,44,123,8
2004,Michael Jenkins,JenkMi00,WR,Ohio State,76,218,4.4,1,29,Atlanta Falcons,39,130,6
2004,Kevin Jones,JoneKe02,RB,Virginia Tech,72,227,4.38,1,30,Detroit Lions,27,64,4
2004,Rashaun Woods,WoodRa00,WR,Oklahoma State,74,202,4.47,1,31,San Francisco 49ers,1,14,0
2004,Benjamin Watson,WatsBe00,TE,Georgia,75,258,4.5,1,32,New England Patriots,40,205,11
2004,Karlos Dansby,DansKa20,OLB,Auburn,75,251,4.58,2,33,Arizona Cardinals,81,212,13
2004,Chris Snee,SneeCh20,OG,Boston Col.,75,314,5.1,2,34,New York Giants,75,141,9
2004,Igor Olshansky,OlshIg20,DT,Oregon,77,315,4.96,2,35,San Diego Chargers,39,115,7
2004,Junior Siavii,SiavJu20,DT,Oregon,76,344,5.16,2,36,Kansas City Chiefs,6,56,0
2004,Teddy Lehman,LehmTe20,OLB,Oklahoma,73,240,4.55,2,37,Detroit Lions,9,45,1
2004,Ricardo Colclough,ColcRi20,CB,Tusculum,71,194,4.49,2,38,Pittsburgh Steelers,2,43,0
2004,Daryl Smith,SmitDa24,OLB,Georgia Tech,74,234,4.67,2,39,Jacksonville Jaguars,72,190,12
2004,Ben Troupe,TrouBe00,TE,Florida,76,265,4.65,2,40,Tennessee Titans,8,57,2
2004,Tatum Bell,BellTa00,RB,Oklahoma State,71,212,4.37,2,41,Denver Broncos,22,54,1
2004,Travis Laboy,LaBoTr20,DE,Hawaii,75,263,4.69,2,42,Tennessee Titans,21,95,3
2004,Julius Jones,JoneJu01,RB,Notre Dame,70,217,4.47,2,43,Dallas Cowboys,38,94,6
2004,Bob Sanders,SandBo99,S,Iowa,68,204,4.35,2,44,Indianapolis Colts,33,50,2
2004,Jake Grove,GrovJa20,C,Virginia Tech,75,303,5.16,2,45,Oakland Raiders,20,66,4
2004,Justin Smiley,SmilJu20,OG,Alabama,75,298,5.07,2,46,San Francisco 49ers,30,88,5
2004,Tank Johnson,JohnTa20,DT,Washington,75,304,4.69,2,47,Chicago Bears,22,91,2
2004,Dontarrious Thomas,ThomDo21,OLB,Auburn,74,241,4.57,2,48,Minnesota Vikings,8,63,0
2004,Keiwan Ratliff,RatlKe20,CB,Florida,70,194,4.56,2,49,Cincinnati Bengals,9,76,0
2004,Devery Henderson,HendDe00,WR,LSU,71,198,4.41,2,50,New Orleans Saints,36,124,6
2004,Dwan Edwards,EdwaDw20,DT,Oregon State,75,313,5.12,2,51,Baltimore Ravens,32,136,5
2004,Jacob Rogers,RogeJa20,OT,USC,78,307,5.3,2,52,Dallas Cowboys,0,2,0
2004,Michael Boulware,BoulMi20,OLB,Florida State,74,225,4.5,2,53,Seattle Seahawks,16,64,2
2004,Darius Watts,WattDa00,WR,Marshall,73,188,4.5,2,54,Denver Broncos,4,22,0
2004,Greg Jones,JoneGr01,RB,Florida State,73,249,4.55,2,55,Jacksonville Jaguars,9,131,5
2004,Madieu Williams,WillMa20,S,Maryland,72,193,4.48,2,56,Cincinnati Bengals,33,119,7
2004,Antwan Odom,OdomAn20,DE,Alabama,78,274,4.71,2,57,Tennessee Titans,24,74,4
2004,Sean Jones,JoneSe20,S,Georgia,73,218,4.63,2,59,Cleveland Browns,31,107,6
2004,Courtney Watson,WatsCo20,OLB,Notre Dame,73,237,4.56,2,60,New Orleans Saints,7,21,1
2004,Kris Wilson,WilsKr00,TE,Pittsburgh,74,248,4.62,2,61,Kansas City Chiefs,3,97,2
2004,Keary Colbert,ColbKe00,WR,USC,73,207,4.6,2,62,Carolina Panthers,14,75,3
2004,Marquise Hill,HillMa21,DE,LSU,79,305,5.12,2,63,New England Patriots,1,13,0
2004,Darnell Dockett,DockDa20,DT,Florida State,75,297,5.0,3,64,Arizona Cardinals,69,158,10
2004,Nate Kaeding,kaedinat01,K,Iowa,72,187,4.95,3,65,San Diego Chargers,21,115,0
2004,Nick Hardwick,HardNi55,C,Purdue,75,295,5.2,3,66,San Diego Chargers,67,136,9
2004,Stuart Schweigert,SchwSt20,S,Purdue,74,218,4.47,3,67,Oakland Raiders,15,69,3
2004,Ben Hartsock,HartBe00,TE,Ohio State,76,263,4.8,3,68,Indianapolis Colts,2,131,2
2004,Gilbert Gardner,GardGi20,OLB,Purdue,73,229,4.65,3,69,Indianapolis Colts,8,53,1
2004,Joey Thomas,ThomJo21,CB,Montana State,73,195,4.44,3,70,Green Bay Packers,3,31,0
2004,Randy Starks,StarRa20,DT,Maryland,75,314,5.08,3,71,Tennessee Titans,61,186,8
2004,Keith Smith,SmitKe20,CB,McNeese State,71,201,4.48,3,73,Detroit Lions,6,74,0
2004,Tim Anderson,AndeTi20,DT,Ohio State,75,307,5.01,3,74,Buffalo Bills,7,43,1
2004,Max Starks,StarMa21,OT,Florida,79,350,5.56,3,75,Pittsburgh Steelers,44,125,6
2004,Derrick Strait,StraDe20,CB,Oklahoma,71,196,4.52,3,76,New York Jets,4,29,0
2004,Derrick Hamilton,HamiDe20,WR,Clemson,75,196,4.54,3,77,San Francisco 49ers,0,2,0
2004,Bernard Berrian,BerrBe00,WR,Fresno State,73,183,4.58,3,78,Chicago Bears,32,109,5
2004,Travis Wilson,WilsTr00,FB,Kansas State,75,256,4.89,3,78,Cleveland Browns,0,4,0
2004,Marquis Cooper,CoopMa21,OLB,Washington,75,223,4.55,3,79,Tampa Bay Buccaneers,2,42,0
2004,Caleb Miller,MillCa20,ILB,Arkansas,75,224,4.66,3,80,Cincinnati Bengals,8,39,0
2004,Chris Cooley,CoolCh00,TE,Utah State,75,265,4.87,3,81,Washington Redskins,34,117,6
2004,Devard Darling,DarlDe00,WR,Washington State,73,213,4.52,3,82,Baltimore Ravens,4,46,1
2004,Stephen Peterman,PeteSt20,OG,LSU,76,312,5.46,3,83,Dallas Cowboys,34,90,6
2004,Sean Locklear,LockSe20,OG,North Carolina State,76,308,5.16,3,84,Seattle Seahawks,39,117,6
2004,Jeremy LeSueur,LeSuJe20,CB,Michigan,72,197,4.53,3,85,Denver Broncos,0,2,0
2004,Jorge Cordova,CordJo20,ILB,Nevada,73,241,4.65,3,86,Jacksonville Jaguars,1,17,0
2004,B.J. Sander,SandB.20,P,Ohio State,76,219,4.84,3,87,Green Bay Packers,1,14,0
2004,Darrion Scott,ScotDa20,DE,Ohio State,75,289,4.81,3,88,Minnesota Vikings,15,57,2
2004,Matt Ware,WareMa20,S,UCLA,74,209,4.54,3,89,Philadelphia Eagles,6,95,0
2004,Matt Schaub,SchaMa00,QB,Virginia,78,243,5.04,3,90,Atlanta Falcons,68,155,7
2004,Rich Gardner,GardRi20,CB,Penn State,71,199,4.46,3,92,Tennessee Titans,2,28,0
2004,Keyaron Fox,FoxxKe20,OLB,Georgia Tech,74,227,4.65,3,93,Kansas City Chiefs,13,98,0
2004,Travelle Wharton,WharTr20,OT,South Carolina,76,312,5.14,3,94,Carolina Panthers,45,115,8
2004,Guss Scott,ScotGu20,S,Florida,70,204,4.46,3,95,New England Patriots,1,11,0
2004,Landon Johnson,JohnLa20,OLB,Purdue,74,227,4.65,3,96,Cincinnati Bengals,28,101,5
2004,Reggie Torbor,TorbRe20,DE,Auburn,74,254,4.65,4,97,New York Giants,17,104,2
2004,Shaun Phillips,PhilSh20,DE,Purdue,75,255,4.78,4,98,San Diego Chargers,54,168,8
2004,Carlos Francis,FranCa20,WR,Texas Tech,69,198,4.33,4,99,Oakland Raiders,0,5,0
2004,Alex Stepanovich,StepAl20,C,Ohio State,75,304,5.29,4,100,Arizona Cardinals,14,46,1
2004,Demorrio Williams,WillDe22,OLB,Nebraska,73,232,4.52,4,101,Atlanta Falcons,33,138,5
2004,Will Poole,PoolWi20,CB,USC,70,194,4.47,4,102,Miami Dolphins,1,15,0
2004,Bo Schobel,SchoBo20,DE,TCU,77,271,4.8,4,103,Tennessee Titans,3,29,0
2004,Isaac Sopoaga,SopoIs20,DT,Hawaii,74,317,4.97,4,104,San Francisco 49ers,38,139,5
2004,Samie Parker,ParkSa00,WR,Oregon,70,179,4.39,4,105,Kansas City Chiefs,13,47,2
2004,Luke McCown,McCoLu00,QB,Louisiana Tech,76,208,4.71,4,106,Cleveland Browns,8,62,0
2004,Kendyll Pope,PopeKe20,OLB,Florida State,73,226,4.7,4,107,Indianapolis Colts,0,2,0
2004,Jerricho Cotchery,CotcJe00,WR,North Carolina State,72,212,4.54,4,108,New York Jets,51,175,6
2004,Tim Euhus,EuhuTi00,TE,Oregon State,77,260,4.93,4,109,Buffalo Bills,1,34,0
2004,Nathan Vasher,VashNa99,CB,Texas,70,177,4.49,4,110,Chicago Bears,30,87,2
2004,Will Allen,AlleWi21,S,Ohio State,72,202,4.58,4,111,Tampa Bay Buccaneers,24,176,2
2004,Leon Joe,JoexLe20,OLB,Maryland,72,230,4.49,4,112,Chicago Bears,4,36,0
2004,Dexter Reid,ReidDe20,S,North Carolina,71,203,4.56,4,113,New England Patriots,4,39,0
2004,Matthias Askew,AskeMa20,DT,Michigan State,77,308,5.2,4,114,Cincinnati Bengals,0,6,0
2004,Nat Dorsey,DorsNa20,OT,Georgia Tech,79,322,5.46,4,115,Minnesota Vikings,7,40,1
2004,Niko Koutouvides,KoutNi20,ILB,Purdue,74,244,4.71,4,116,Seattle Seahawks,8,125,0
2004,Robert Geathers,GeatRo21,DE,Georgia,75,271,4.84,4,117,Cincinnati Bengals,46,152,7
2004,Mewelde Moore,MoorMe00,RB,Tulane,71,209,4.65,4,119,Minnesota Vikings,29,122,1
2004,Ernest Wilford,WilfEr00,WR,Virginia Tech,76,226,4.79,4,120,Jacksonville Jaguars,22,87,4
2004,Bruce Thornton,ThorBr21,CB,Georgia,70,197,4.5,4,121,Dallas Cowboys,4,13,1
2004,Glenn Earl,EarlGl20,S,Notre Dame,73,222,4.65,4,122,Houston Texans,10,37,2
2004,Stacy Andrews,AndrSt21,OT,Mississippi,78,342,5.07,4,123,Cincinnati Bengals,23,94,3
2004,Michael Waddell,WaddMi20,CB,North Carolina,71,187,4.31,4,124,Tennessee Titans,4,33,0
2004,Jared Allen,AlleJa22,DE,Idaho State,78,265,4.72,4,126,Kansas City Chiefs,101,187,12
2004,Richard Seigler,SeigRi20,ILB,Oregon State,74,244,4.86,4,127,San Francisco 49ers,0,9,0
2004,Cedric Cobbs,CobbCe00,RB,Arkansas,72,223,4.75,4,128,New England Patriots,0,5,0
2004,Brandon Chillar,ChilBr20,OLB,UCLA,75,253,4.71,4,130,St. Louis Rams,22,97,2
2004,Trey Darilek,DariTr20,OG,Texas-El Paso,76,301,5.23,4,131,Philadelphia Eagles,1,18,0
2004,Adrian Jones,JoneAd20,OT,Kansas,76,296,4.97,4,132,New York Jets,12,55,2
2004,Dave Ball,BallDa20,DE,UCLA,77,277,5.07,5,133,San Diego Chargers,15,72,1
2004,Johnnie Morant,MoraJo00,WR,Syracuse,76,229,4.51,5,134,Oakland Raiders,0,15,0
2004,Antonio Smith,SmitAn22,DE,Oklahoma State,75,274,5.03,5,135,Arizona Cardinals,56,186,8
2004,Gibril Wilson,WilsGi20,S,Tennessee,72,197,4.47,5,136,New York Giants,32,100,6
2004,Josh Scobee,scobejos01,K,Louisiana Tech,73,191,4.87,5,137,Jacksonville Jaguars,26,172,0
2004,Jacob Bell,BellJa20,OG,Miami (OH),77,302,5.22,5,138,Tennessee Titans,32,109,7
2004,Rodney Leisle,LeisRo20,DT,UCLA,75,309,5.15,5,139,New Orleans Saints,2,18,0
2004,Alex Lewis,LewiAl20,OLB,Wisconsin,72,227,4.78,5,140,Detroit Lions,7,52,1
2004,Jake Scott,ScotJa21,OT,Idaho,77,281,5.06,5,141,Indianapolis Colts,58,131,9
2004,Chad Lavalais,LavaCh20,DT,LSU,73,303,5.09,5,142,Atlanta Falcons,9,30,1
2004,Erik Coleman,ColeEr21,S,Washington State,70,200,4.64,5,143,New York Jets,33,123,6
2004,Sean Ryan,RyanSe00,TE,Boston Col.,76,268,4.97,5,144,Dallas Cowboys,1,53,0
2004,Jeb Terry,TerrJe20,OG,North Carolina,77,313,5.2,5,146,Tampa Bay Buccaneers,2,30,0
2004,Craig Krenzel,KrenCr00,QB,Ohio State,75,228,4.84,5,148,Chicago Bears,1,6,0
2004,Maurice Mann,MannMa00,WR,Nevada,73,191,4.57,5,149,Cincinnati Bengals,0,1,0
2004,Chris Thompson,ThomCh24,CB,Nicholls State,72,189,4.5,5,150,Jacksonville Jaguars,1,12,0
2004,Mark Wilson,WilsMa21,OT,California,79,314,5.36,5,151,Washington Redskins,0,2,0
2004,Jeff Shoate,ShoaJe20,CB,San Diego State,70,189,4.62,5,152,Denver Broncos,0,14,0
2004,Roderick Green,GreeRo20,DE,Central Missouri State,74,245,4.7,5,153,Baltimore Ravens,6,54,0
2004,Michael Turner,TurnMi00,RB,Northern Illinois,70,237,4.49,5,154,San Diego Chargers,55,134,5
2004,Rod Davis,DaviRo21,ILB,Southern Miss,74,239,4.76,5,155,Minnesota Vikings,3,40,0
2004,Mike Karney,KarnMi00,FB,Arizona State,71,254,5.02,5,156,New Orleans Saints,2,101,7
2004,D.J. Hackett,HackD.00,WR,Colorado,74,199,4.53,5,157,Seattle Seahawks,14,42,0
2004,Jason Shivers,ShivJa20,S,Arizona State,72,201,4.51,5,158,St. Louis Rams,0,1,0
2004,Tony Bua,BuaxTo20,S,Arkansas,71,209,4.67,5,160,Miami Dolphins,1,7,0
2004,Thomas Tapeh,TapeTh00,FB,Minnesota,73,245,4.8,5,162,Philadelphia Eagles,2,41,2
2004,Drew Carter,CartDr00,WR,Ohio State,76,204,4.36,5,163,Carolina Panthers,8,33,0
2004,P.K. Sam,SamxP.20,WR,Florida State,75,210,4.54,5,164,New England Patriots,0,2,0
2004,Robert Reynolds,ReynRo20,ILB,Ohio State,75,251,4.76,5,165,Tennessee Titans,2,33,0
2004,Nick Leckey,LeckNi20,C,Kansas State,75,290,5.26,6,167,Arizona Cardinals,14,65,3
2004,Jamaar Taylor,TaylJa00,WR,Texas A&M,73,197,4.46,6,168,New York Giants,1,13,0
2004,Ryan Krause,KrauRy00,WR,Nebraska-Omaha,74,244,4.6,6,169,San Diego Chargers,1,14,0
2004,Triandos Luke,LukeTr00,WR,Alabama,71,199,4.51,6,171,Denver Broncos,0,10,0
2004,Kelly Butler,ButlKe21,OT,Purdue,79,320,5.11,6,172,Detroit Lions,8,22,1
2004,Von Hutchins,HutcVo20,CB,Mississippi,70,185,4.46,6,173,Indianapolis Colts,5,38,1
2004,Rex Hadnot,HadnRe20,C,Houston,74,323,5.5,6,174,Miami Dolphins,35,129,5
2004,Kirk Chambers,ChamKi20,OT,Stanford,79,313,5.44,6,176,Cleveland Browns,9,70,1
2004,Corey Williams,WillCo21,DT,Arkansas State,76,313,5.18,6,179,Green Bay Packers,33,126,5
2004,Jim Molinaro,MoliJi20,OT,Notre Dame,78,308,5.09,6,180,Washington Redskins,1,15,0
2004,Cody Spencer,SpenCo20,ILB,North Texas,74,242,4.65,6,182,Oakland Raiders,4,50,0
2004,Greg Brooks,BrooGr20,CB,Southern Miss,71,177,4.45,6,183,Cincinnati Bengals,1,16,0
2004,Etric Pruitt,PruiEt20,S,Southern Miss,72,197,4.57,6,186,Atlanta Falcons,0,9,0
2004,Andy Lee,LeexAn20,P,Pittsburgh,73,207,5.0,6,188,San Francisco 49ers,34,297,1
2004,Craig Terrill,TerrCr20,DT,Purdue,74,290,5.21,6,189,Seattle Seahawks,9,88,0
2004,Troy Fleming,FlemTr00,FB,Tennessee,72,230,4.62,6,191,Tennessee Titans,3,29,0
2004,Dexter Wynn,WynnDe20,CB,Colorado State,69,175,4.49,6,192,Philadelphia Eagles,4,47,0
2004,Sean Tufts,TuftSe20,OLB,Colorado,76,242,4.61,6,196,Carolina Panthers,1,15,0
2004,Keith Lewis,LewiKe20,S,Oregon,72,204,4.6,6,198,San Francisco 49ers,8,76,1
2004,Clarence Moore,MoorCl00,WR,Northern Arizona,78,211,4.55,6,199,Baltimore Ravens,2,29,0
2004,John Navarre,NavaJo00,QB,Michigan,78,246,5.19,7,202,Arizona Cardinals,0,2,0
2004,Ryon Bingham,BingRy20,DT,Nebraska,75,303,5.09,7,204,San Diego Chargers,6,49,0
2004,Dylan McFarland,McFaDy20,OT,Montana,78,304,5.26,7,207,Buffalo Bills,0,3,0
2004,Adimchinobi Echemandu,EcheAd00,RB,California,71,226,4.58,7,208,Cleveland Browns,1,19,0
2004,Shane Olivea,OlivSh20,OT,Ohio State,75,302,5.29,7,209,San Diego Chargers,31,60,4
2004,Sloan Thomas,ThomSl00,WR,Texas,73,203,4.5,7,211,Houston Texans,0,1,0
2004,Jonathan Smith,SmitJo00,WR,Georgia Tech,70,194,4.78,7,214,Buffalo Bills,2,18,0
2004,Cody Pickett,PickCo00,QB,Washington,75,233,4.79,7,217,San Francisco 49ers,1,6,0
2004,Quincy Wilson,WilsQu00,RB,West Virginia,69,225,4.6,7,219,Atlanta Falcons,0,4,0
2004,Jeff Dugan,DugaJe00,TE,Maryland,76,263,5.0,7,220,Minnesota Vikings,2,79,0
2004,Derrick Pope,PopeDe20,OLB,Alabama,71,230,4.71,7,222,Miami Dolphins,10,55,1
2004,Donnie Jones,JoneDo21,P,LSU,75,222,4.88,7,224,Seattle Seahawks,27,226,0
2004,Matt Mauck,MaucMa00,QB,LSU,74,228,4.79,7,225,Denver Broncos,1,2,0
2004,Adrien Clarke,ClarAd20,OG,Ohio State,77,329,5.52,7,227,Philadelphia Eagles,8,28,1
2004,Jared Clauss,ClauJa20,DT,Iowa,77,294,4.95,7,230,Tennessee Titans,3,29,0
2004,Michael Gaines,GainMi00,TE,Central Florida,74,275,5.06,7,232,Carolina Panthers,7,83,2
2004,Trevor Johnson,JohnTr21,DE,Nebraska,77,260,4.8,7,234,New York Jets,4,35,0
2004,Rashad Washington,WashRa20,S,Kansas State,74,223,4.61,7,236,New York Jets,3,47,0
2004,Colby Bockwoldt,BockCo20,OLB,BYU,74,230,4.6,7,240,New Orleans Saints,12,49,1
2004,Sean McHugh,McHuSe00,TE,Penn State,77,264,4.92,7,241,Tennessee Titans,2,40,1
2004,Courtney Anderson,AndeCo00,TE,San Jose State,78,269,4.89,7,245,Oakland Raiders,6,43,2
2004,Brian Rimpf,RimpBr20,OT,East Carolina,78,319,5.41,7,246,Baltimore Ravens,3,16,0
2004,Bobby McCray,McCrBo20,DE,Florida,78,255,4.62,7,249,Jacksonville Jaguars,24,94,2
2004,Bradlee Van Pelt,VanPBr00,QB,Colorado State,74,231,4.98,7,250,Denver Broncos,0,3,0
2004,Scott Wells,WellSc20,C,Tennessee,74,300,5.3,7,251,Green Bay Packers,64,146,9
2005,Alex Smith,SmitAl03,QB,Utah,76,217,4.71,1,1,San Francisco 49ers,98,174,14
2005,Ronnie Brown,BrowRo05,RB,Auburn,72,233,4.43,1,2,Miami Dolphins,41,132,6
2005,Braylon Edwards,EdwaBr00,WR,Michigan,75,211,4.45,1,3,Cleveland Browns,41,112,5
2005,Cedric Benson,BensCe00,RB,Texas,70,222,4.62,1,4,Chicago Bears,36,96,6
2005,Cadillac Williams,WillCa02,RB,Auburn,71,217,4.43,1,5,Tampa Bay Buccaneers,28,81,4
2005,Adam Jones,JonePa20,CB,West Virginia,69,187,4.38,1,6,Tennessee Titans,50,146,6
2005,Troy Williamson,WillTr01,WR,South Carolina,73,203,4.32,1,7,Minnesota Vikings,8,49,1
2005,Antrel Rolle,RollAn20,CB,Miami (FL),72,201,4.48,1,8,Arizona Cardinals,57,155,9
2005,Carlos Rogers,RogeCa20,CB,Auburn,72,196,4.44,1,9,Washington Redskins,47,133,7
2005,Mike Williams,WillMi03,WR,USC,77,229,4.56,1,10,Detroit Lions,12,56,2
2005,DeMarcus Ware,WareDe99,OLB,Troy,76,251,4.56,1,11,Dallas Cowboys,100,178,11
2005,Shawne Merriman,MerrSh99,DE,Maryland,76,272,4.64,1,12,San Diego Chargers,40,75,4
2005,Jammal Brown,BrowJa55,OT,Oklahoma,78,316,5.06,1,13,New Orleans Saints,49,85,6
2005,Thomas Davis,DaviTh20,S,Georgia,73,230,4.6,1,14,Carolina Panthers,80,199,12
2005,Derrick Johnson,JohnDe25,CB,Texas,71,197,4.43,1,15,Kansas City Chiefs,80,188,11
2005,Derrick Johnson,JohnDe25,OLB,Texas,75,242,4.52,1,15,Kansas City Chiefs,80,188,11
2005,Travis Johnson,JohnTr20,DT,Florida State,76,305,4.91,1,16,Houston Texans,17,76,3
2005,David Pollack,PollDa20,DE,Georgia,74,265,4.75,1,17,Cincinnati Bengals,3,16,0
2005,Erasmus James,JameEr20,DE,Wisconsin,76,266,4.81,1,18,Minnesota Vikings,6,28,1
2005,Alex Barron,BarrAl20,OT,Florida State,79,320,4.87,1,19,St. Louis Rams,27,87,5
2005,Marcus Spears,SpeaMa21,DE,LSU,76,307,5.05,1,20,Dallas Cowboys,36,124,6
2005,Matt Jones,JoneMa00,TE,Arkansas,78,242,4.37,1,21,Jacksonville Jaguars,22,54,1
2005,Mark Clayton,ClayMa01,WR,Oklahoma,70,193,4.41,1,22,Baltimore Ravens,28,83,5
2005,Fabian Washington,WashFa20,CB,Nebraska,70,188,4.29,1,23,Oakland Raiders,20,81,4
2005,Aaron Rodgers,RodgAa00,QB,California,74,223,4.71,1,24,Green Bay Packers,169,266,16
2005,Jason Campbell,CampJa00,QB,Auburn,77,230,4.71,1,25,Washington Redskins,48,90,5
2005,Chris Spencer,SpenCh21,C,Mississippi,75,309,5.21,1,26,Seattle Seahawks,38,137,6
2005,Roddy White,WhitRo00,WR,Ala-Birmingham,73,207,4.46,1,27,Atlanta Falcons,88,171,10
2005,Luis Castillo,CastLu20,DT,Northwestern,75,303,4.79,1,28,San Diego Chargers,33,82,6
2005,Marlin Jackson,JackMa22,CB,Michigan,73,198,4.52,1,29,Indianapolis Colts,14,56,2
2005,Heath Miller,MillHe00,TE,Virginia,77,256,4.79,1,30,Pittsburgh Steelers,45,168,11
2005,Mike Patterson,PattMi20,DT,USC,72,292,4.93,1,31,Philadelphia Eagles,48,147,6
2005,Logan Mankins,MankLo20,OG,Fresno State,76,307,5.06,1,32,New England Patriots,102,161,11
2005,David Baas,BaasDa20,OG,Michigan,76,319,5.06,2,33,San Francisco 49ers,36,122,6
2005,Brodney Pool,PoolBr20,S,Oklahoma,73,207,4.52,2,34,Cleveland Browns,27,100,4
2005,Reggie Brown,BrowRe01,WR,Georgia,74,196,4.45,2,35,Philadelphia Eagles,20,72,3
2005,Barrett Ruud,RuudBa20,ILB,Nebraska,74,241,4.75,2,36,Tampa Bay Buccaneers,41,116,5
2005,Shaun Cody,CodySh20,DT,USC,76,293,5.05,2,37,Detroit Lions,28,112,4
2005,Stanford Routt,RoutSt20,CB,Houston,73,193,4.27,2,38,Oakland Raiders,22,119,3
2005,Mark Bradley,BradMa00,WR,Oklahoma,73,201,4.37,2,39,Chicago Bears,10,57,0
2005,Josh Bullocks,BullJo20,S,Nebraska,72,209,4.46,2,40,New Orleans Saints,21,90,3
2005,Michael Roos,RoosMi20,OT,East. Washington,79,320,5.3,2,41,Tennessee Titans,63,148,9
2005,Kevin Burnett,BurnKe20,OLB,Tennessee,75,239,4.58,2,42,Dallas Cowboys,40,136,4
2005,Corey Webster,WebsCo20,CB,LSU,72,199,4.5,2,43,New York Giants,33,121,6
2005,J.J. Arrington,ArriJ.00,RB,California,69,214,4.4,2,44,Arizona Cardinals,12,58,0
2005,Lofa Tatupu,TatuLo99,ILB,USC,72,238,4.83,2,45,Seattle Seahawks,49,84,5
2005,Matt Roth,RothMa20,DE,Iowa,76,278,4.81,2,46,Miami Dolphins,27,96,5
2005,Mike Nugent,nugenmik01,K,Ohio State,70,182,4.72,2,47,New York Jets,22,172,0
2005,Odell Thurman,ThurOd20,ILB,Georgia,72,233,4.62,2,48,Cincinnati Bengals,7,16,1
2005,Marcus Johnson,JohnMa20,OG,Mississippi,78,321,5.45,2,49,Minnesota Vikings,8,53,1
2005,Ronald Bartell,BartRo20,CB,Howard,73,211,4.37,2,50,St. Louis Rams,25,96,4
2005,Nick Collins,CollNi20,CB,Bethune-Cookman,71,206,4.36,2,51,Green Bay Packers,48,95,6
2005,Khalif Barnes,BarnKh20,OT,Washington,78,305,4.92,2,52,Jacksonville Jaguars,51,154,7
2005,Dan Cody,CodyDa20,DE,Oklahoma,77,254,4.75,2,53,Baltimore Ravens,0,2,0
2005,Eric Shelton,ShelEr00,RB,Louisville,73,246,4.53,2,54,Carolina Panthers,0,9,0
2005,Roscoe Parrish,ParrRo00,WR,Miami (FL),70,168,4.37,2,55,Buffalo Bills,14,90,0
2005,Darrent Williams,WillDa21,CB,Oklahoma State,69,176,4.3,2,56,Denver Broncos,11,27,2
2005,Terrence Murphy,MurpTe00,WR,Texas A&M,73,202,4.39,2,58,Green Bay Packers,0,3,0
2005,Jonathan Babineaux,BabiJo20,DT,Iowa,74,286,4.87,2,59,Atlanta Falcons,52,185,10
2005,Kelvin Hayden,HaydKe20,CB,Illinois,70,197,4.45,2,60,Indianapolis Colts,24,101,4
2005,Vincent Jackson,JackVi00,WR,Northern Colorado,77,241,4.46,2,61,San Diego Chargers,77,155,8
2005,Bryant McFadden,McFaBr20,CB,Florida State,72,193,4.44,2,62,Pittsburgh Steelers,27,96,3
2005,Adam Terry,TerrAd20,OT,Syracuse,80,330,5.4,2,64,Baltimore Ravens,9,50,0
2005,Frank Gore,GoreFr00,RB,Miami (FL),69,217,4.58,3,65,San Francisco 49ers,94,241,14
2005,O.J. Atogwe,AtogO.20,S,Stanford,71,219,4.52,3,66,St. Louis Rams,34,101,6
2005,Charlie Frye,FryeCh00,QB,Akron,76,225,4.79,3,67,Cleveland Browns,8,26,1
2005,Courtney Roby,RobyCo00,WR,Indiana,72,189,4.41,3,68,Tennessee Titans,4,92,0
2005,Andrew Walter,WaltAn00,QB,Arizona State,78,233,4.86,3,69,Oakland Raiders,1,15,1
2005,Channing Crowder,CrowCh20,ILB,Florida,74,252,4.71,3,70,Miami Dolphins,31,82,6
2005,Alex Smith,SmitAl02,TE,Stanford,76,258,4.88,3,71,Tampa Bay Buccaneers,11,124,3
2005,Stanley Wilson,WilsSt20,CB,Stanford,72,185,4.36,3,72,Detroit Lions,5,32,0
2005,Vernand Morency,MoreVe00,RB,Oklahoma State,70,212,4.66,3,73,Houston Texans,8,39,0
2005,Justin Tuck,TuckJu20,DE,Notre Dame,77,268,4.71,3,74,New York Giants,65,147,7
2005,Eric Green,GreeEr20,CB,Virginia Tech,71,198,4.52,3,75,Arizona Cardinals,12,51,2
2005,Karl Paymah,PaymKa20,CB,Washington State,72,204,4.35,3,76,Denver Broncos,6,74,0
2005,Ryan Moats,MoatRy00,RB,Louisiana Tech,68,210,4.46,3,77,Philadelphia Eagles,7,38,0
2005,Kirk Morrison,MorrKi20,ILB,San Diego State,73,235,4.75,3,78,Oakland Raiders,38,112,6
2005,Evan Mathis,MathEv20,OG,Alabama,77,304,4.92,3,79,Carolina Panthers,46,134,6
2005,Dustin Fox,FoxxDu20,S,Ohio State,71,191,4.43,3,80,Minnesota Vikings,0,12,0
2005,Richie Incognito,IncoRi20,C,Nebraska,75,305,4.84,3,81,St. Louis Rams,62,164,10
2005,Alfred Fincher,FincAl20,ILB,Connecticut,73,238,4.68,3,82,New Orleans Saints,3,38,0
2005,Chris Henry,HenrCh00,WR,West Virginia,76,197,4.5,3,83,Cincinnati Bengals,16,55,0
2005,Ellis Hobbs,HobbEl20,CB,Iowa State,69,192,4.45,3,84,New England Patriots,28,79,4
2005,Kevin Everett,EverKe00,TE,Miami (FL),77,241,4.72,3,86,Buffalo Bills,0,17,0
2005,Scott Starks,StarSc20,CB,Wisconsin,68,172,4.37,3,87,Jacksonville Jaguars,4,54,0
2005,Sione Pouha,PouhSi20,DT,Utah,75,325,5.02,3,88,New York Jets,36,106,4
2005,Atiyyah Ellison,ElliAt00,DT,Missouri,76,305,5.07,3,89,Carolina Panthers,0,15,0
2005,Jordan Beck,BeckJo20,OLB,Cal Poly,74,233,4.6,3,90,Atlanta Falcons,2,26,0
2005,Trai Essex,EsseTr20,OT,Northwestern,76,324,5.61,3,93,Pittsburgh Steelers,19,76,1
2005,Adam Snyder,SnydAd20,OG,Oregon,77,316,5.34,3,94,San Francisco 49ers,34,141,5
2005,Darryl Blackstock,BlacDa20,OLB,Virginia,75,247,4.7,3,95,Arizona Cardinals,6,74,0
2005,Brandon Jones,JoneBr02,WR,Oklahoma,73,210,4.42,3,96,Tennessee Titans,11,59,2
2005,Domonique Foxworth,FoxwDo20,CB,Maryland,71,184,4.34,3,97,Denver Broncos,19,78,2
2005,Leroy Hill,HillLe20,ILB,Clemson,73,229,4.65,3,98,Seattle Seahawks,37,97,6
2005,Dustin Colquitt,ColqDu20,P,Tennessee,74,211,4.88,3,99,Kansas City Chiefs,24,255,0
2005,Nick Kaczur,KaczNi20,OT,Toledo,76,319,5.28,3,100,New England Patriots,37,68,5
2005,Sean Considine,ConsSe20,S,Iowa,72,212,4.5,4,102,Philadelphia Eagles,15,99,2
2005,Antonio Perkins,PerkAn20,CB,Oklahoma,71,190,4.49,4,103,Cleveland Browns,0,6,0
2005,Travis Daniels,DaniTr20,CB,LSU,73,194,4.54,4,104,Miami Dolphins,13,107,1
2005,Ray Willis,WillRa22,OT,Florida State,78,327,5.18,4,105,Seattle Seahawks,10,44,1
2005,Kyle Orton,OrtoKy00,QB,Purdue,76,233,5.06,4,106,Chicago Bears,40,87,5
2005,Dan Buenning,BuenDa20,OG,Wisconsin,76,320,5.35,4,107,Tampa Bay Buccaneers,10,36,1
2005,Vincent Fuller,FullVi20,S,Virginia Tech,73,189,4.44,4,108,Tennessee Titans,8,76,0
2005,Marion Barber,BarbMa01,RB,Minnesota,71,221,4.49,4,109,Dallas Cowboys,39,99,3
2005,Brandon Jacobs,JacoBr00,RB,Southern Illinois,76,267,4.56,4,110,New York Giants,36,109,3
2005,Elton Brown,BrowEl20,OG,Virginia,77,329,4.93,4,111,Arizona Cardinals,8,34,1
2005,Ciatrick Fason,FasoCi00,RB,Florida,73,207,4.58,4,112,Minnesota Vikings,1,18,0
2005,David Stewart,StewDa21,OT,Mississippi State,78,314,5.25,4,113,Tennessee Titans,48,116,8
2005,Jerome Mathis,MathJe00,WR,Kansas State,71,181,4.28,4,114,Houston Texans,4,17,0
2005,Marviel Underwood,UndeMa20,S,San Diego State,70,205,4.45,4,115,Green Bay Packers,1,16,0
2005,Craphonso Thorpe,ThorCr00,WR,Florida State,73,188,4.38,4,116,Kansas City Chiefs,1,5,0
2005,Jerome Carter,CartJe20,S,Florida State,71,220,4.47,4,117,St. Louis Rams,3,33,0
2005,Eric Ghiaciuc,GhiaEr20,C,Central Michigan,76,302,5.09,4,119,Cincinnati Bengals,19,48,3
2005,Kerry Rhodes,RhodKe20,S,Louisville,74,209,4.56,4,123,New York Jets,49,118,7
2005,Jason Brown,BrowJa23,C,North Carolina,75,313,5.4,4,124,Baltimore Ravens,30,100,6
2005,Brady Poppinga,PoppBr20,DE,BYU,75,259,4.59,4,125,Green Bay Packers,25,100,4
2005,Alvin Pearman,PearAl00,RB,Virginia,69,208,4.63,4,127,Jacksonville Jaguars,5,38,0
2005,Chauncey Davis,DaviCh22,DE,Florida State,74,273,4.8,4,128,Atlanta Falcons,20,102,1
2005,Dylan Gandy,GandDy20,OG,Texas Tech,75,304,5.12,4,129,Indianapolis Colts,19,120,1
2005,Darren Sproles,SproDa00,RB,Kansas State,66,187,4.47,4,130,San Diego Chargers,62,183,1
2005,Chris Canty,CantCh21,DE,Virginia,79,279,4.98,4,132,Dallas Cowboys,46,148,9
2005,Claude Terrell,TerrCl20,OG,New Mexico,74,343,5.42,4,134,St. Louis Rams,6,20,1
2005,Ronald Fields,FielRo20,DT,Mississippi State,74,313,5.24,5,137,San Francisco 49ers,13,87,2
2005,Boomer Grigsby,GrigBo20,ILB,Illinois State,72,249,4.6,5,138,Kansas City Chiefs,3,45,0
2005,David McMillan,McMiDa20,DE,Kansas,75,262,4.58,5,139,Cleveland Browns,2,29,0
2005,Airese Currie,CurrAi00,WR,Clemson,70,186,4.49,5,140,Chicago Bears,0,1,0
2005,Donte Nicholson,NichDo20,S,Oklahoma,73,212,4.56,5,141,Tampa Bay Buccaneers,1,16,0
2005,Junius Coston,CostJu20,C,North Carolina A&T,75,310,5.31,5,143,Green Bay Packers,5,16,0
2005,Jerome Collins,CollJe00,TE,Notre Dame,76,267,4.71,5,144,St. Louis Rams,0,3,0
2005,Dan Orlovsky,OrloDa00,QB,Connecticut,77,225,4.93,5,145,Detroit Lions,7,26,1
2005,Trent Cole,ColeTr20,OLB,Cincinnati,74,236,4.7,5,146,Philadelphia Eagles,68,176,9
2005,Jonathan Welsh,WelsJo20,OLB,Wisconsin,75,244,4.61,5,148,Indianapolis Colts,0,6,0
2005,Adam Seward,SewaAd20,ILB,UNLV,74,248,4.6,5,149,Carolina Panthers,4,43,0
2005,Daniel Loper,LopeDa20,OT,Texas Tech,78,306,5.3,5,150,Tennessee Titans,7,58,0
2005,Drew Hodgdon,HodgDr20,C,Arizona State,75,309,5.31,5,151,Houston Texans,3,14,0
2005,Robert McCune,McCuRo20,ILB,Louisville,72,245,4.5,5,154,Washington Redskins,0,8,0
2005,Eric King,KingEr20,CB,Wake Forest,68,189,4.43,5,156,Buffalo Bills,4,63,0
2005,Gerald Sensabaugh,SensGe20,S,North Carolina,72,214,4.44,5,157,Jacksonville Jaguars,31,112,5
2005,Justin Green,GreeJu00,FB,Montana,71,251,4.84,5,158,Baltimore Ravens,0,39,0
2005,Michael Boley,BoleMi20,OLB,Southern Miss,75,236,4.56,5,160,Atlanta Falcons,41,131,8
2005,Anthony Alabi,AlabAn20,OT,TCU,77,310,5.12,5,162,Miami Dolphins,1,16,0
2005,Frank Omiyale,OmiyFr20,OT,Tennessee Tech,76,310,5.3,5,163,Atlanta Falcons,17,75,2
2005,Wesley Britt,BritWe20,OT,Alabama,80,314,5.2,5,164,San Diego Chargers,3,16,0
2005,Rian Wallace,WallRi20,OLB,Temple,74,241,4.73,5,166,Pittsburgh Steelers,2,16,0
2005,Lance Mitchell,MitcLa20,ILB,Oklahoma,74,247,4.85,5,168,Arizona Cardinals,1,12,0
2005,Geoff Hangartner,HangGe20,C,Texas A&M,77,301,5.21,5,169,Carolina Panthers,36,118,5
2005,Ben Emanuel,EmanBe20,S,UCLA,75,213,4.57,5,171,Carolina Panthers,3,11,0
2005,Scott Young,YounSc20,OG,BYU,76,312,5.08,5,172,Philadelphia Eagles,1,14,0
2005,Tyjuan Hagler,HaglTy20,OLB,Cincinnati,72,236,4.59,5,173,Indianapolis Colts,12,50,1
2005,Rasheed Marshall,MarsRa00,WR,West Virginia,72,185,4.51,5,174,San Francisco 49ers,0,12,0
2005,Anttaj Hawthorne,HawtAn20,DT,Wisconsin,75,321,5.23,6,175,Oakland Raiders,1,18,0
2005,Wes Sims,SimsWe20,OT,Oklahoma,77,318,5.39,6,177,San Diego Chargers,0,1,0
2005,Anthony Bryant,BryaAn20,DT,Alabama,75,337,5.06,6,178,Tampa Bay Buccaneers,2,15,0
2005,Bo Scaife,ScaiBo00,TE,Texas,75,249,4.75,6,179,Tennessee Titans,20,90,4
2005,Mike Montgomery,MontMi20,DE,Texas A&M,77,276,5.05,6,180,Green Bay Packers,8,58,1
2005,Cedric Houston,HousCe00,RB,Tennessee,71,225,4.61,6,182,New York Jets,5,20,0
2005,Bill Swancutt,SwanBi20,DE,Oregon State,76,270,5.0,6,184,Detroit Lions,0,8,0
2005,Chad Owens,OwenCh00,WR,Hawaii,67,183,4.62,6,185,Jacksonville Jaguars,0,6,0
2005,Eric Moore,MoorEr21,DE,Florida State,76,262,4.84,6,186,New York Giants,5,35,0
2005,Jovan Haye,HayeJo20,DE,Vanderbilt,74,284,4.74,6,189,Carolina Panthers,25,73,3
2005,Tab Perry,PerrTa00,WR,UCLA,74,229,4.46,6,190,Cincinnati Bengals,1,20,0
2005,C.J. Mosley,MoslC.20,DT,Missouri,74,314,5.08,6,191,Minnesota Vikings,21,140,1
2005,Jason Jefferson,JeffJa21,DT,Wisconsin,74,310,5.1,6,193,New Orleans Saints,3,34,0
2005,Justin Geisinger,GeisJu20,OT,Vanderbilt,76,322,5.38,6,197,Buffalo Bills,0,6,0
2005,Joel Dreessen,DreeJo00,TE,Colorado State,76,260,4.72,6,198,New York Jets,16,120,4
2005,Khari Long,LongKh20,DE,Baylor,76,257,4.74,6,199,Kansas City Chiefs,0,1,0
2005,Chris Myers,MyerCh20,OG,Miami (FL),77,300,5.11,6,200,Denver Broncos,59,153,8
2005,DeAndra Cobb,CobbDe00,RB,Michigan State,70,196,4.49,6,201,Atlanta Falcons,0,3,0
2005,Dave Rayner,raynedav01,K,Michigan State,74,210,5.0,6,202,Indianapolis Colts,3,59,0
2005,Chris Kemoeatu,KemoCh20,OG,Utah,75,344,5.34,6,204,Pittsburgh Steelers,27,75,3
2005,Joe Berger,BergJo20,OT,Michigan Tech,77,303,5.18,6,207,Carolina Panthers,36,145,5
2005,Rob Petitti,PetiRo20,OT,Pittsburgh,78,347,5.48,6,209,Dallas Cowboys,9,27,1
2005,Reggie Hodges,HodgRe20,P,Ball State,72,226,4.88,6,210,St. Louis Rams,5,64,0
2005,Ryan Riddle,RiddRy20,DE,California,74,256,4.83,6,212,Oakland Raiders,1,17,0
2005,Derek Anderson,AndeDe00,QB,Oregon State,78,242,5.03,6,213,Baltimore Ravens,23,78,3
2005,Daven Holly,HollDa22,CB,Cincinnati,70,192,4.39,7,215,San Francisco 49ers,10,32,1
2005,Kevin Vickerson,VickKe99,DT,Michigan State,77,310,5.0,7,216,Miami Dolphins,21,86,3
2005,Nehemiah Broughton,BrouNe00,RB,Citadel,71,250,4.59,7,222,Washington Redskins,0,6,0
2005,Paris Warren,WarrPa00,WR,Utah,72,219,4.71,7,225,Tampa Bay Buccaneers,0,8,0
2005,Leron McCoy,McCoLe00,WR,Indiana (PA),73,211,4.4,7,226,Arizona Cardinals,1,10,0
2005,Kenneth Pettway,PettKe20,OLB,Grambling State,75,236,4.69,7,227,Houston Texans,3,25,0
2005,Jimmy Verdon,VerdJi20,DE,Arizona State,75,280,5.02,7,232,New Orleans Saints,0,4,0
2005,Cornelius Wortham,WortCo20,OLB,Alabama,73,236,4.71,7,235,Seattle Seahawks,1,8,0
2005,Lionel Gates,GateLi00,RB,Louisville,72,222,4.6,7,236,Buffalo Bills,0,1,0
2005,Darrell Shropshire,ShroDa20,DT,South Carolina,74,301,4.87,7,241,Atlanta Falcons,2,23,0
2005,Scott Mruczkowski,MrucSc20,C,Bowling Green,76,321,5.29,7,242,San Diego Chargers,15,83,1
2005,Noah Herron,HerrNo00,RB,Northwestern,71,224,4.6,7,244,Pittsburgh Steelers,3,23,0
2005,Billy Bajema,BajeBi00,TE,Oklahoma State,77,261,4.74,7,249,San Francisco 49ers,2,120,4
2005,Ryan Fitzpatrick,FitzRy00,QB,Harvard,74,232,4.86,7,250,St. Louis Rams,78,166,10
2005,Madison Hedgecock,HedgMa00,FB,North Carolina,75,266,4.87,7,251,St. Louis Rams,2,84,4
2005,Doug Nienhuis,NienDo20,OG,Oregon State,78,307,5.15,7,254,Seattle Seahawks,0,7,0
2006,Mario Williams,WillMa22,DE,North Carolina State,79,295,4.7,1,1,Houston Texans,79,158,9
2006,Reggie Bush,BushRe00,RB,USC,71,201,4.37,1,2,New Orleans Saints,61,134,8
2006,Vince Young,YounVi00,QB,Texas,77,229,4.48,1,3,Tennessee Titans,33,60,4
2006,D'Brickashaw Ferguson,FergDB20,OT,Virginia,78,312,5.08,1,4,New York Jets,58,160,10
2006,A.J. Hawk,HawkA.20,OLB,Ohio State,73,248,4.59,1,5,Green Bay Packers,55,159,10
2006,Vernon Davis,DaviVe00,TE,Maryland,75,254,4.38,1,6,San Francisco 49ers,51,198,11
2006,Michael Huff,HuffMi20,S,Texas,72,204,4.34,1,7,Oakland Raiders,33,118,6
2006,Donte Whitner,WhitDo20,S,Ohio State,70,204,4.4,1,8,Buffalo Bills,47,157,10
2006,Ernie Sims,SimsEr20,OLB,Florida State,71,231,4.5,1,9,Detroit Lions,29,109,4
2006,Matt Leinart,LeinMa00,QB,USC,77,223,4.9,1,10,Arizona Cardinals,12,33,1
2006,Jay Cutler,CutlJa00,QB,Vanderbilt,75,226,4.77,1,11,Denver Broncos,86,153,10
2006,Haloti Ngata,NgatHa20,DT,Oregon,76,338,5.13,1,12,Baltimore Ravens,100,180,12
2006,Kamerion Wimbley,WimbKa20,DE,Florida State,76,248,4.61,1,13,Cleveland Browns,44,140,8
2006,Brodrick Bunkley,BunkBr20,DT,Florida State,75,306,5.01,1,14,Philadelphia Eagles,40,130,7
2006,Tye Hill,HillTy20,CB,Clemson,70,185,4.34,1,15,St. Louis Rams,9,40,0
2006,Jason Allen,AlleJa23,S,Tennessee,73,209,4.39,1,16,Miami Dolphins,13,98,1
2006,Chad Greenway,GreeCh99,OLB,Iowa,74,242,4.76,1,17,Minnesota Vikings,66,156,10
2006,Bobby Carpenter,CarpBo20,OLB,Ohio State,74,256,4.65,1,18,Dallas Cowboys,11,93,0
2006,Antonio Cromartie,CromAn20,CB,Florida State,74,208,4.47,1,19,San Diego Chargers,66,162,8
2006,Tamba Hali,HaliTa20,DE,Penn State,75,275,4.87,1,20,Kansas City Chiefs,75,177,10
2006,Laurence Maroney,MaroLa00,RB,Minnesota,72,217,4.48,1,21,New England Patriots,26,49,0
2006,Manny Lawson,LawsMa20,OLB,North Carolina State,77,241,4.43,1,22,San Francisco 49ers,47,143,7
2006,Davin Joseph,JoseDa20,OG,Oklahoma,75,311,5.09,1,23,Tampa Bay Buccaneers,42,116,8
2006,Johnathan Joseph,JoseJo20,CB,South Carolina,71,193,4.31,1,24,Cincinnati Bengals,67,211,15
2006,Santonio Holmes,HolmSa00,WR,Ohio State,71,188,4.35,1,25,Pittsburgh Steelers,47,112,6
2006,John McCargo,McCaJo22,DT,North Carolina State,73,302,5.15,1,26,Buffalo Bills,4,44,0
2006,DeAngelo Williams,WillDe02,RB,Memphis,69,214,4.45,1,27,Carolina Panthers,61,142,6
2006,Marcedes Lewis,LewiMa00,TE,UCLA,78,261,4.8,1,28,Jacksonville Jaguars,35,290,15
2006,Nick Mangold,MangNi20,C,Ohio State,76,300,5.05,1,29,New York Jets,73,164,11
2006,Joseph Addai,AddaJo00,RB,LSU,71,214,4.4,1,30,Indianapolis Colts,50,78,4
2006,Kelly Jennings,JennKe20,CB,Miami (FL),71,178,4.39,1,31,Seattle Seahawks,18,91,2
2006,Mathias Kiwanuka,KiwaMa20,DE,Boston Col.,78,266,4.7,1,32,New York Giants,37,120,5
2006,DeMeco Ryans,RyanDe20,OLB,Alabama,73,236,4.65,2,33,Houston Texans,58,140,8
2006,D'Qwell Jackson,JackDQ20,ILB,Maryland,72,230,4.73,2,34,Cleveland Browns,61,141,9
2006,Rocky McIntosh,McInRo20,OLB,Miami (FL),74,237,4.62,2,35,Washington Redskins,38,124,5
2006,Chad Jackson,JackCh00,WR,Florida,73,213,4.32,2,36,New England Patriots,2,18,0
2006,Jimmy Williams,WillJi23,CB,Virginia Tech,74,213,4.44,2,37,Atlanta Falcons,5,27,0
2006,Thomas Howard,HowaTh20,OLB,Texas-El Paso,75,239,4.42,2,38,Oakland Raiders,33,95,5
2006,Winston Justice,JustWi20,OT,USC,78,319,5.16,2,39,Philadelphia Eagles,21,63,3
2006,Daniel Bullocks,BullDa20,S,Nebraska,72,212,4.38,2,40,Detroit Lions,7,31,1
2006,Deuce Lutui,LutuDe20,OG,USC,76,334,5.35,2,41,Arizona Cardinals,34,101,5
2006,Danieal Manning,MannDa21,CB,Abilene Christian,71,202,4.48,2,42,Chicago Bears,35,128,6
2006,Roman Harper,HarpRo21,S,Alabama,72,198,4.5,2,43,New Orleans Saints,49,156,8
2006,Sinorice Moss,MossSi00,WR,Miami (FL),68,185,4.38,2,44,New York Giants,4,37,0
2006,LenDale White,WhitLe01,RB,USC,72,238,4.49,2,45,Tennessee Titans,14,58,1
2006,Joe Klopfenstein,KlopJo00,TE,Colorado,78,255,4.63,2,46,St. Louis Rams,3,49,3
2006,Daryn Colledge,CollDa20,OT,Boise State,76,299,5.05,2,47,Green Bay Packers,57,141,9
2006,Cedric Griffin,GrifCe20,S,Texas,72,199,4.51,2,48,Minnesota Vikings,23,89,4
2006,Kellen Clemens,ClemKe00,QB,Oregon,74,224,4.89,2,49,New York Jets,10,64,2
2006,Marcus McNeill,McNeMa20,OT,Auburn,80,336,5.07,2,50,San Diego Chargers,48,82,6
2006,Ryan Cook,CookRy20,OT,New Mexico,79,328,5.47,2,51,Minnesota Vikings,23,90,3
2006,Greg Jennings,JennGr00,WR,West. Michigan,71,197,4.42,2,52,Green Bay Packers,66,143,8
2006,Anthony Fasano,FasaAn00,TE,Notre Dame,76,259,4.72,2,53,Dallas Cowboys,22,180,8
2006,Bernard Pollard,PollBe20,S,Purdue,74,224,4.57,2,54,Kansas City Chiefs,34,126,7
2006,Andrew Whitworth,WhitAn20,OT,LSU,79,334,5.16,2,55,Cincinnati Bengals,100,239,16
2006,Chris Chester,ChesCh21,C,Oklahoma,75,303,4.83,2,56,Baltimore Ravens,59,169,9
2006,Devin Hester,HestDe99,WR,Miami (FL),71,190,4.41,2,57,Chicago Bears,47,156,3
2006,Richard Marshall,MarsRi20,CB,Fresno State,71,189,4.42,2,58,Carolina Panthers,31,124,3
2006,Jeremy Trueblood,TrueJe20,OT,Boston Col.,80,316,5.25,2,59,Tampa Bay Buccaneers,35,116,6
2006,Maurice Jones-Drew,DrewMa00,RB,UCLA,67,207,4.39,2,60,Jacksonville Jaguars,74,126,4
2006,Tony Scheffler,ScheTo00,TE,West. Michigan,77,254,4.54,2,61,Denver Broncos,24,107,2
2006,Tim Jennings,JennTi20,CB,Georgia,68,185,4.32,2,62,Indianapolis Colts,43,137,6
2006,Darryl Tapp,TappDa20,DE,Virginia Tech,74,252,4.83,2,63,Seattle Seahawks,30,165,2
2006,Tarvaris Jackson,JackTa00,QB,Arkansas,74,226,4.69,2,64,Minnesota Vikings,22,59,2
2006,Charles Spencer,SpenCh20,OG,Pittsburgh,77,352,5.25,3,65,Houston Texans,1,2,0
2006,Eric Winston,WinsEr20,OT,Miami (FL),79,310,4.94,3,66,Houston Texans,53,165,7
2006,Abdul Hodge,HodgAb20,ILB,Iowa,72,236,4.76,3,67,Green Bay Packers,2,35,0
2006,Claude Wroten,WrotCl20,DT,LSU,74,302,5.08,3,68,St. Louis Rams,2,26,0
2006,Paul McQuistan,McQuPa21,OT,Weber State,78,312,5.07,3,69,Oakland Raiders,24,97,2
2006,Ashton Youboty,YoubAs20,CB,Ohio State,72,189,4.44,3,70,Buffalo Bills,8,49,0
2006,Chris Gocong,GocoCh99,DE,Cal Poly,74,263,4.7,3,71,Philadelphia Eagles,29,79,5
2006,Leonard Pope,PopeLe00,TE,Georgia,80,258,4.62,3,72,Arizona Cardinals,6,103,4
2006,Dusty Dvoracek,DvorDu99,DT,Oklahoma,75,306,5.01,3,73,Chicago Bears,6,13,1
2006,Brian Calhoun,CalhBr00,RB,Wisconsin,69,201,4.57,3,74,Detroit Lions,1,11,0
2006,Jason Spitz,SpitJa20,OG,Louisville,75,313,5.4,3,75,Green Bay Packers,24,75,3
2006,Anthony Schlegel,SchlAn20,ILB,Ohio State,72,250,4.88,3,76,New York Jets,2,17,0
2006,Jon Alston,AlstJo20,OLB,Stanford,73,223,4.5,3,77,St. Louis Rams,5,39,0
2006,Travis Wilson,WilsTr00,WR,Oklahoma,74,214,4.47,3,78,Cleveland Browns,0,4,0
2006,Jerious Norwood,NorwJe00,RB,Mississippi State,72,210,4.4,3,79,Atlanta Falcons,20,66,0
2006,Clint Ingram,IngrCl20,OLB,Oklahoma,74,244,4.65,3,80,Jacksonville Jaguars,21,56,3
2006,Charlie Whitehurst,WhitCh02,QB,Clemson,77,223,4.75,3,81,San Diego Chargers,7,25,0
2006,Derek Hagan,HagaDe00,WR,Arizona State,74,208,4.45,3,82,Miami Dolphins,12,99,0
2006,Anthony Smith,SmitAn21,S,Syracuse,72,194,4.71,3,83,Pittsburgh Steelers,12,76,1
2006,Brandon Williams,WillBr01,WR,Wisconsin,69,179,4.48,3,84,San Francisco 49ers,0,23,0
2006,Brodie Croyle,CroyBr00,QB,Alabama,74,205,4.88,3,85,Kansas City Chiefs,2,18,0
2006,David Thomas,ThomDa02,TE,Texas,75,252,4.67,3,86,New England Patriots,9,80,3
2006,David Pittman,PittDa99,CB,NW State (LA),71,182,4.44,3,87,Baltimore Ravens,1,7,0
2006,James Anderson,AndeJa21,OLB,Virginia Tech,75,229,4.59,3,88,Carolina Panthers,31,123,4
2006,Rashad Butler,ButlRa20,OT,Miami (FL),77,293,5.3,3,89,Carolina Panthers,7,51,0
2006,Maurice Stovall,StovMa00,WR,Notre Dame,76,217,4.57,3,90,Tampa Bay Buccaneers,5,81,0
2006,Frostee Rucker,RuckFr99,DE,USC,75,267,4.88,3,91,Cincinnati Bengals,39,157,5
2006,Jason Hatcher,HatcJa20,DE,Grambling State,78,284,4.82,3,92,Dallas Cowboys,34,147,5
2006,Dominique Byrd,ByrdDo00,TE,USC,75,255,4.79,3,93,St. Louis Rams,0,17,0
2006,Freddy Keiaho,KeiaFr20,ILB,San Diego State,71,224,4.68,3,94,Indianapolis Colts,15,55,2
2006,Willie Reid,ReidWi00,WR,Florida State,70,188,4.34,3,95,Pittsburgh Steelers,1,7,0
2006,Gerris Wilkinson,WilkGe20,ILB,Georgia Tech,75,233,4.66,3,96,New York Giants,6,58,0
2006,Eric Smith,SmitEr22,S,Michigan State,73,209,4.63,3,97,New York Jets,18,96,1
2006,Owen Daniels,DaniOw00,TE,Wisconsin,75,253,4.65,4,98,Houston Texans,41,131,9
2006,Max Jean-Gilles,JeanMa20,OG,Georgia,76,355,5.48,4,99,Philadelphia Eagles,14,42,2
2006,Michael Robinson,RobiMi00,WR,Penn State,73,227,4.57,4,100,San Francisco 49ers,7,112,1
2006,Darnell Bing,BingDa00,S,USC,74,227,4.53,4,101,Oakland Raiders,1,5,0
2006,Calvin Lowry,LowrCa20,S,Penn State,71,200,4.54,4,102,Tennessee Titans,7,43,0
2006,Brad Smith,SmitBr01,WR,Missouri,74,213,4.46,4,103,New York Jets,17,125,1
2006,Ko Simpson,SimpKo20,S,South Carolina,73,209,4.45,4,105,Buffalo Bills,12,41,2
2006,Garrett Mills,MillGa01,FB,Tulsa,73,241,4.64,4,106,New England Patriots,1,16,0
2006,Gabe Watson,WatsGa20,DT,Michigan,75,339,5.27,4,107,Arizona Cardinals,11,62,1
2006,Jahri Evans,EvanJa21,OT,Texas A&M,76,316,5.25,4,108,New Orleans Saints,114,183,12
2006,Jason Avant,AvanJa00,WR,Michigan,72,212,4.62,4,109,Philadelphia Eagles,29,148,3
2006,Leon Williams,WillLe20,ILB,Miami (FL),75,245,4.54,4,110,Cleveland Browns,9,61,0
2006,Demetrius Williams,WillDe03,WR,Oregon,74,197,4.52,4,111,Baltimore Ravens,9,46,0
2006,Isaac Sowells,SoweIs20,OG,Indiana,75,324,5.15,4,112,Cleveland Browns,1,17,0
2006,Victor Adeyanju,AdeyVi20,DE,Indiana,76,274,4.86,4,113,St. Louis Rams,13,53,2
2006,Will Blackmon,BlacWi20,CB,Boston Col.,72,198,4.47,4,115,Green Bay Packers,16,96,2
2006,Stephen Tulloch,TullSt20,ILB,North Carolina State,71,241,4.84,4,116,Tennessee Titans,49,159,7
2006,Leon Washington,WashLe00,RB,Florida State,68,201,4.42,4,117,New York Jets,30,126,1
2006,Brandon Marshall,MarsBr00,WR,Central Florida,76,229,4.52,4,119,Denver Broncos,83,179,10
2006,Jamar Williams,WillJa21,OLB,Arizona State,72,236,4.59,4,120,Chicago Bears,5,54,0
2006,Nate Salley,SallNa20,S,Ohio State,74,216,4.63,4,121,Carolina Panthers,1,24,0
2006,Domata Peko,PekoDo20,DT,Michigan State,75,307,5.27,4,123,Cincinnati Bengals,68,214,12
2006,Barry Cofield,CofiBa20,DT,Northwestern,76,304,4.95,4,124,New York Giants,46,138,8
2006,Skyler Green,GreeSk20,WR,LSU,69,192,4.53,4,125,Dallas Cowboys,0,11,0
2006,Elvis Dumervil,DumeEl20,DE,Louisville,71,257,4.75,4,126,Denver Broncos,63,162,6
2006,Ray Edwards,EdwaRa21,DE,Purdue,77,273,4.81,4,127,Minnesota Vikings,37,97,5
2006,Rob Sims,SimsRo20,OG,Ohio State,75,307,5.25,4,128,Seattle Seahawks,46,125,7
2006,Guy Whimper,WhimGu20,OT,East Carolina,77,304,4.96,4,129,New York Giants,13,78,1
2006,P.J. Daniels,DaniP.00,RB,Georgia Tech,70,214,4.64,4,132,Baltimore Ravens,0,0,0
2006,Orien Harris,HarrOr20,DT,Miami (FL),75,301,5.27,4,133,Pittsburgh Steelers,1,20,0
2006,Rob Ninkovich,NinkRo20,DE,Purdue,75,260,4.91,5,135,New Orleans Saints,51,131,7
2006,Ryan O'Callaghan,OCalRy20,OT,California,79,344,5.39,5,136,New England Patriots,11,51,1
2006,Terna Nande,NandTe20,OLB,Miami (OH),72,232,4.51,5,137,Tennessee Titans,0,1,0
2006,Pat Watkins,WatkPa20,S,Florida State,77,211,4.42,5,138,Dallas Cowboys,6,53,1
2006,Quinn Ojinnaka,OjinQu20,OT,Syracuse,77,309,5.44,5,139,Atlanta Falcons,11,62,2
2006,Parys Haralson,HaraPa20,DE,Tennessee,73,253,4.8,5,140,San Francisco 49ers,38,118,7
2006,Jonathan Scott,ScotJo22,OT,Texas,78,315,5.32,5,141,Detroit Lions,17,71,1
2006,Brandon Johnson,JohnBr20,OLB,Louisville,77,228,4.44,5,142,Arizona Cardinals,13,87,1
2006,Brad Butler,ButlBr20,OT,Virginia,79,310,5.29,5,143,Buffalo Bills,13,33,2
2006,Marques Hagans,HagaMa00,RB,Virginia,69,202,4.67,5,144,St. Louis Rams,1,6,0
2006,Jerome Harrison,HarrJe00,RB,Washington State,69,201,4.47,5,145,Cleveland Browns,12,63,0
2006,Dawan Landry,LandDa21,S,Georgia Tech,73,220,4.64,5,146,Baltimore Ravens,43,130,8
2006,Ingle Martin,MartIn00,QB,Furman,74,220,4.71,5,148,Green Bay Packers,0,1,0
2006,Greg Blue,BlueGr20,S,Georgia,74,216,4.57,5,149,Minnesota Vikings,2,20,0
2006,Jason Pociask,PociJa00,TE,Wisconsin,75,266,4.84,5,150,New York Jets,0,4,0
2006,Tim Dobbins,DobbTi20,ILB,Iowa State,73,246,4.59,5,151,San Diego Chargers,19,110,1
2006,Marcus Maxey,MaxeMa20,CB,Miami (FL),73,198,4.48,5,154,Kansas City Chiefs,0,2,0
2006,Jeff King,KingJe00,TE,Virginia Tech,77,245,4.83,5,155,Carolina Panthers,10,108,6
2006,Julian Jenkins,JenkJu20,DE,Stanford,76,277,5.03,5,156,Tampa Bay Buccaneers,1,12,0
2006,A.J. Nicholson,NichA.20,OLB,Florida State,73,252,4.88,5,157,Cincinnati Bengals,0,2,0
2006,Charlie Peprah,PeprCh20,S,Alabama,71,206,4.66,5,158,New York Giants,12,74,2
2006,Mark Anderson,AndeMa21,DE,Alabama,76,254,4.62,5,159,Chicago Bears,21,98,1
2006,Chris Kuper,KupeCh20,OG,North Dakota,76,301,5.1,5,161,Denver Broncos,35,90,5
2006,Michael Toudouze,ToudMi20,OT,TCU,78,303,5.12,5,162,Indianapolis Colts,1,9,0
2006,David Kirtman,KirtDa00,FB,USC,71,233,4.76,5,163,Seattle Seahawks,0,7,0
2006,Quinn Sypniewski,SypnQu00,TE,Colorado,78,268,4.77,5,166,Baltimore Ravens,2,31,1
2006,Omar Gaither,GaitOm20,OLB,Tennessee,73,234,4.78,5,168,Philadelphia Eagles,25,92,2
2006,Jesse Mahelona,MaheJe20,DT,Tennessee,72,311,5.37,5,169,Tennessee Titans,1,11,0
2006,Wali Lundy,LundWa00,RB,Virginia,71,214,4.48,6,170,Houston Texans,5,14,1
2006,Mike Hass,HassMi00,WR,Oregon State,73,208,4.59,6,171,New Orleans Saints,0,2,0
2006,Reed Doughty,DougRe20,S,Northern Colorado,72,209,4.65,6,173,Washington Redskins,20,107,3
2006,Delanie Walker,WalkHu00,WR,Central Missouri State,73,240,4.49,6,175,San Francisco 49ers,39,183,7
2006,Kevin Boothe,BootKe20,OT,Cornell,77,316,5.41,6,176,Oakland Raiders,27,114,4
2006,Jonathan Lewis,LewiJo22,DT,Virginia Tech,73,309,4.97,6,177,Arizona Cardinals,0,4,0
2006,Keith Ellison,ElliKe20,OLB,Oregon State,73,235,4.76,6,178,Buffalo Bills,19,58,3
2006,Lawrence Vickers,VickLa00,FB,Colorado,72,245,4.82,6,180,Cleveland Browns,3,106,3
2006,Babatunde Oshinowo,OshiBa20,DT,Stanford,74,304,5.27,6,181,Cleveland Browns,0,2,0
2006,Montavious Stanley,StanMo20,DT,Louisville,74,313,5.12,6,182,Dallas Cowboys,5,33,0
2006,Johnny Jolly,JollJo20,DT,Texas A&M,75,317,5.41,6,183,Green Bay Packers,21,61,3
2006,Adam Jennings,JennAd00,WR,Fresno State,69,181,4.44,6,184,Atlanta Falcons,0,46,0
2006,Jeromey Clary,ClarJe20,OT,Kansas State,78,309,5.28,6,187,San Diego Chargers,47,103,6
2006,Jeff Webb,WebbJe00,WR,San Diego State,74,211,4.4,6,190,Kansas City Chiefs,2,31,0
2006,Jeremy Mincey,MincJe99,DE,Florida,75,259,4.76,6,191,New England Patriots,29,96,4
2006,Marcus Hudson,HudsMa20,S,North Carolina State,73,194,4.55,6,192,San Francisco 49ers,5,62,0
2006,Reggie McNeal,McNeRe00,QB,Texas A&M,74,198,4.4,6,193,Cincinnati Bengals,0,7,0
2006,Bruce Gradkowski,GradBr00,QB,Toledo,73,217,4.59,6,194,Tampa Bay Buccaneers,8,37,1
2006,Kedric Golston,GolsKe20,DT,Georgia,76,300,4.88,6,196,Washington Redskins,27,142,4
2006,Melvin Oliver,OlivMe20,DE,LSU,75,276,5.08,6,197,San Francisco 49ers,5,16,1
2006,Antoine Bethea,BethAn20,S,Howard,71,203,4.39,6,207,Indianapolis Colts,63,209,12
2006,Derrick Martin,MartDe22,CB,Wyoming,70,202,4.5,6,208,Baltimore Ravens,5,73,0
2006,Zach Strief,StriZa20,OT,Northwestern,80,330,5.38,7,210,New Orleans Saints,50,158,6
2006,James Wyche,WychJa00,DE,Syracuse,77,262,4.63,7,213,Jacksonville Jaguars,0,3,0
2006,Terrance Pennington,PennTe20,OT,New Mexico,79,325,5.39,7,216,Buffalo Bills,4,16,1
2006,Todd Watkins,WatkTo20,WR,BYU,74,202,4.4,7,218,Arizona Cardinals,1,21,0
2006,Ryan LaCasse,LaCaRy20,DE,Syracuse,74,257,4.62,7,219,Baltimore Ravens,1,12,0
2006,Titus Adams,AdamTi00,DT,Nebraska,75,306,5.07,7,220,New York Jets,0,2,0
2006,Tim McGarigle,McGaTi99,ILB,Northwestern,73,242,4.73,7,221,St. Louis Rams,1,12,0
2006,Rodrique Wright,WrigRo99,DT,Texas,77,300,5.08,7,226,Miami Dolphins,4,13,0
2006,Jarrad Page,PageJa20,S,UCLA,72,239,4.63,7,228,Kansas City Chiefs,18,74,2
2006,Willie Andrews,AndrWi20,S,Baylor,69,193,4.43,7,229,New England Patriots,3,30,0
2006,Devin Aromashodu,AromDe00,WR,Auburn,74,201,4.35,7,233,Miami Dolphins,10,61,0
2006,Will Montgomery,MontWi20,C,Virginia Tech,75,312,5.12,7,234,Carolina Panthers,34,110,4
2006,Dee Webb,WebbDe20,CB,Florida,71,183,4.41,7,236,Jacksonville Jaguars,1,11,0
2006,Stanley McClover,McClSt20,DE,Auburn,74,262,4.7,7,237,Carolina Panthers,1,14,0
2006,Ryan Plackemeier,PlacRy20,P,Wake Forest,75,253,5.2,7,239,Seattle Seahawks,5,43,0
2006,Charles Bennett,BennCh21,DE,Clemson,76,258,4.7,7,241,Tampa Bay Buccaneers,0,3,0
2006,Mark Setterstrom,SettMa20,OG,Minnesota,76,314,5.38,7,242,St. Louis Rams,5,19,0
2006,Tim Massaquoi,MassTi20,TE,Michigan,75,259,4.85,7,244,Tampa Bay Buccaneers,0,11,0
2006,Quinton Ganther,GantQu00,RB,Utah,69,218,4.5,7,246,Tennessee Titans,3,36,0
2006,Ben Obomanu,ObomBe00,WR,Auburn,73,205,4.45,7,249,Seattle Seahawks,10,69,0
2006,David Anderson,AndeDa01,WR,Colorado State,70,192,4.57,7,251,Houston Texans,7,67,0
2006,Marques Colston,ColsMa00,WR,Hofstra,77,224,4.5,7,252,New Orleans Saints,72,146,7
2007,JaMarcus Russell,RussJa00,QB,LSU,77,265,4.83,1,1,Oakland Raiders,6,31,2
2007,Calvin Johnson,JohnCa00,WR,Georgia Tech,77,239,4.35,1,2,Detroit Lions,78,135,9
2007,Joe Thomas,ThomJo28,OT,Wisconsin,79,311,4.92,1,3,Cleveland Browns,85,167,10
2007,Gaines Adams,AdamGa99,DE,Clemson,77,258,4.64,1,4,Tampa Bay Buccaneers,17,47,1
2007,Levi Brown,BrowLe20,OT,Penn State,77,323,5.4,1,5,Arizona Cardinals,34,81,5
2007,LaRon Landry,LandLa99,S,LSU,72,213,4.35,1,6,Washington Redskins,39,103,7
2007,Adrian Peterson,PeteAd01,RB,Oklahoma,73,217,4.4,1,7,Minnesota Vikings,101,184,12
2007,Jamaal Anderson,AndeJa98,DE,Arkansas,77,288,4.75,1,8,Atlanta Falcons,20,77,3
2007,Ted Ginn,GinnTe00,WR,Ohio State,71,178,4.38,1,9,Miami Dolphins,52,193,7
2007,Amobi Okoye,OkoyAm99,DT,Louisville,74,302,5.07,1,10,Houston Texans,24,87,4
2007,Patrick Willis,WillPa98,ILB,Mississippi,73,242,4.51,1,11,San Francisco 49ers,93,112,7
2007,Marshawn Lynch,LyncMa00,RB,California,71,215,4.46,1,12,Buffalo Bills,74,149,8
2007,Adam Carriker,CarrAd99,DE,Nebraska,78,296,4.9,1,13,St. Louis Rams,22,65,3
2007,Darrelle Revis,ReviDa99,CB,Pittsburgh,71,204,4.38,1,14,New York Jets,93,145,9
2007,Lawrence Timmons,TimmLa99,OLB,Florida State,73,234,4.66,1,15,Pittsburgh Steelers,72,172,9
2007,Justin Harrell,HarrJu99,DT,Tennessee,76,300,5.04,1,16,Green Bay Packers,2,14,0
2007,Jarvis Moss,MossJa99,DE,Florida,78,250,4.7,1,17,Denver Broncos,3,53,0
2007,Leon Hall,HallLe98,CB,Michigan,71,193,4.39,1,18,Cincinnati Bengals,51,152,6
2007,Michael Griffin,GrifMi99,S,Texas,72,202,4.45,1,19,Tennessee Titans,55,154,9
2007,Aaron Ross,RossAa99,CB,Texas,72,193,4.44,1,20,New York Giants,20,83,4
2007,Reggie Nelson,NelsRe99,S,Florida,71,198,4.48,1,21,Jacksonville Jaguars,63,181,11
2007,Brady Quinn,QuinBr00,QB,Notre Dame,76,232,4.73,1,22,Cleveland Browns,2,24,1
2007,Dwayne Bowe,BoweDw00,WR,LSU,74,221,4.51,1,23,Kansas City Chiefs,50,125,8
2007,Brandon Meriweather,MeriBr99,S,Miami (FL),71,195,4.47,1,24,New England Patriots,33,112,6
2007,Jon Beason,BeasJo99,OLB,Miami (FL),72,237,4.72,1,25,Carolina Panthers,55,93,5
2007,Anthony Spencer,SpenAn99,DE,Purdue,75,261,4.7,1,26,Dallas Cowboys,34,104,4
2007,Robert Meachem,MeacRo00,WR,Tennessee,74,214,4.39,1,27,New Orleans Saints,26,103,1
2007,Joe Staley,StalJo20,OT,Central Michigan,78,306,4.79,1,28,San Francisco 49ers,81,181,12
2007,Ben Grubbs,GrubBe20,OG,Auburn,75,311,5.18,1,29,Baltimore Ravens,56,129,9
2007,Greg Olsen,OlseGr00,TE,Miami (FL),78,254,4.51,1,31,Chicago Bears,60,199,11
2007,Anthony Gonzalez,GonzAn00,WR,Ohio State,72,193,4.44,1,32,Indianapolis Colts,16,40,1
2007,Alan Branch,BranAl99,DT,Michigan,78,324,5.07,2,33,Arizona Cardinals,42,146,6
2007,Paul Posluszny,PoluPa99,OLB,Penn State,74,238,4.7,2,34,Buffalo Bills,58,145,9
2007,Arron Sears,SearAr20,OG,Tennessee,75,319,5.09,2,35,Tampa Bay Buccaneers,14,31,2
2007,Kevin Kolb,KolbKe00,QB,Houston,75,218,4.85,2,36,Philadelphia Eagles,12,34,1
2007,Eric Weddle,WeddEr99,S,Utah,71,203,4.48,2,37,San Diego Chargers,88,201,12
2007,Zach Miller,MillZa01,TE,Arizona State,76,256,4.87,2,38,Oakland Raiders,28,110,7
2007,Justin Blalock,BlalJu20,OG,Texas,75,320,5.1,2,39,Atlanta Falcons,55,125,8
2007,John Beck,BeckJo00,QB,BYU,74,215,4.75,2,40,Miami Dolphins,4,9,0
2007,Chris Houston,HousCh99,CB,Arkansas,70,185,4.32,2,41,Atlanta Falcons,32,99,7
2007,Tony Ugoh,UgohTo20,OT,Arkansas,77,301,5.06,2,42,Indianapolis Colts,17,40,2
2007,Drew Stanton,StanDr00,QB,Michigan State,75,226,4.75,2,43,Detroit Lions,10,38,1
2007,Sidney Rice,RiceSi01,WR,South Carolina,75,200,4.51,2,44,Minnesota Vikings,33,81,3
2007,Dwayne Jarrett,JarrDw00,WR,USC,76,219,4.62,2,45,Carolina Panthers,4,32,0
2007,LaMarr Woodley,WoodLa99,DE,Michigan,73,266,4.74,2,46,Pittsburgh Steelers,54,110,7
2007,David Harris,HarrDa99,ILB,Michigan,74,243,4.59,2,47,New York Jets,75,164,11
2007,Justin Durant,DuraJu99,ILB,Kansas State,73,230,4.51,2,48,Jacksonville Jaguars,36,128,6
2007,Chris Henry,HenrCh01,RB,Arizona,71,230,4.4,2,50,Tennessee Titans,1,11,0
2007,Steve Smith,SmitSt02,WR,USC,72,197,4.44,2,51,New York Giants,23,64,1
2007,Brian Leonard,LeonBr00,RB,Rutgers,73,226,4.52,2,52,St. Louis Rams,11,88,0
2007,Eric Wright,WrigEr99,CB,UNLV,71,192,4.36,2,53,Cleveland Browns,32,92,6
2007,Turk McBride,McBrTu99,DT,Tennessee,74,277,4.81,2,54,Kansas City Chiefs,13,66,1
2007,Josh Wilson,WilsJo99,CB,Maryland,69,189,4.39,2,55,Seattle Seahawks,32,126,6
2007,Tim Crowder,CrowTi99,DE,Texas,76,272,4.69,2,56,Denver Broncos,11,60,1
2007,Victor Abiamiri,AbiaVi99,DE,Notre Dame,76,267,4.8,2,57,Philadelphia Eagles,5,29,0
2007,Ikaika Alama-Francis,AlamIk99,DE,Hawaii,77,280,4.85,2,58,Detroit Lions,2,35,0
2007,Ryan Kalil,KaliRy20,C,USC,75,299,4.96,2,59,Carolina Panthers,72,155,9
2007,Samson Satele,SateSa20,C,Hawaii,75,300,5.24,2,60,Miami Dolphins,48,118,8
2007,Gerald Alexander,AlexGe99,S,Boise State,72,210,4.51,2,61,Detroit Lions,11,44,2
2007,Brandon Jackson,JackBr00,RB,Nebraska,70,210,4.54,2,63,Green Bay Packers,16,54,1
2007,Sabby Piscitelli,PiscSa99,S,Oregon State,75,224,4.47,2,64,Tampa Bay Buccaneers,15,66,1
2007,Quentin Moses,MoseQu99,DE,Georgia,77,261,4.82,3,65,Oakland Raiders,5,44,0
2007,James Marten,MartJa21,OT,Boston Col.,79,309,5.08,3,67,Dallas Cowboys,0,1,0
2007,Quincy Black,BlacQu99,OLB,New Mexico,74,240,4.42,3,68,Tampa Bay Buccaneers,18,81,3
2007,Buster Davis,DaviBu99,WR,Florida State,73,207,4.41,3,69,Arizona Cardinals,2,7,0
2007,Buster Davis,DaviBu99,ILB,Florida State,69,239,4.64,3,69,Arizona Cardinals,2,7,0
2007,Ryan Harris,HarrRy20,OT,Notre Dame,76,305,5.09,3,70,Denver Broncos,33,114,5
2007,Lorenzo Booker,BookLo00,RB,Florida State,70,191,4.46,3,71,Miami Dolphins,4,36,0
2007,Marcus McCauley,McCaMa99,CB,Fresno State,73,203,4.39,3,72,Minnesota Vikings,4,27,0
2007,Jacoby Jones,JoneJa03,WR,Lane (TN),75,210,4.5,3,73,Houston Texans,30,128,2
2007,Yamon Figurs,FiguYa00,WR,Kansas State,71,174,4.3,3,74,Baltimore Ravens,2,34,0
2007,Laurent Robinson,RobiLa01,WR,Illinois State,74,199,4.38,3,75,Atlanta Falcons,16,59,1
2007,Jason Hill,HillJa00,WR,Washington State,72,204,4.32,3,76,San Francisco 49ers,9,54,1
2007,Matt Spaeth,SpaeMa00,TE,Minnesota,79,270,4.83,3,77,Pittsburgh Steelers,2,123,6
2007,James Jones,JoneJa04,WR,San Jose State,73,207,4.54,3,78,Green Bay Packers,46,136,4
2007,Mike Sims-Walker,WalkMi01,WR,Central Florida,74,209,4.35,3,79,Jacksonville Jaguars,16,44,2
2007,Paul Williams,WillPa00,WR,Fresno State,73,205,4.45,3,80,Tennessee Titans,0,5,0
2007,Jay Alford,AlfoJa99,DT,Penn State,75,304,5.17,3,81,New York Giants,4,36,0
2007,Tank Tyler,TyleTa99,DT,North Carolina State,74,306,5.18,3,82,Kansas City Chiefs,11,43,1
2007,Charles Johnson,JohnCh98,DE,Georgia,74,270,4.84,3,83,Carolina Panthers,47,143,8
2007,Jonathan Wade,WadeJo99,CB,Tennessee,70,195,4.36,3,84,St. Louis Rams,7,61,0
2007,Brandon Mebane,MebaBr99,DT,California,73,309,5.15,3,85,Seattle Seahawks,63,182,13
2007,Marshal Yanda,YandMa20,OT,Florida State,76,307,5.15,3,86,Baltimore Ravens,92,177,10
2007,Stewart Bradley,BradSt99,OLB,Nebraska,76,254,4.72,3,87,Philadelphia Eagles,19,76,2
2007,Andy Alleman,AlleAn20,OG,Akron,76,305,5.07,3,88,New Orleans Saints,5,24,0
2007,Aaron Rouse,RousAa99,S,Virginia Tech,76,223,4.58,3,89,Green Bay Packers,8,41,2
2007,Tony Hunt,HuntTo01,RB,Penn State,74,233,4.68,3,90,Philadelphia Eagles,0,14,0
2007,Mario Henderson,HendMa21,OT,Florida State,78,302,5.11,3,91,Oakland Raiders,11,44,1
2007,Trent Edwards,EdwaTr01,QB,Stanford,76,231,4.76,3,92,Buffalo Bills,16,38,2
2007,Garrett Wolfe,WolfGa00,RB,Northern Illinois,67,186,4.39,3,93,Chicago Bears,2,50,0
2007,Dante Hughes,HughDa99,CB,California,70,190,4.56,3,95,Indianapolis Colts,4,53,0
2007,Anthony Waters,WateAn00,ILB,Clemson,75,245,4.59,3,96,San Diego Chargers,2,20,0
2007,Ray McDonald,McDoRa99,DE,Florida,75,276,4.88,3,97,San Francisco 49ers,35,115,5
2007,Quinn Pitcock,PitcQu99,DT,Ohio State,74,299,4.93,3,98,Indianapolis Colts,1,9,0
2007,Johnnie Lee Higgins,HiggJo00,WR,Texas-El Paso,71,186,4.48,3,99,Oakland Raiders,9,60,0
2007,Michael Bush,BushMi00,RB,Louisville,73,243,4.62,4,100,Oakland Raiders,25,89,2
2007,Adam Podlesh,PodlAd20,P,Maryland,71,202,4.54,4,101,Jacksonville Jaguars,8,107,0
2007,Brian Robison,RobiBr98,DE,Texas,75,259,4.67,4,102,Minnesota Vikings,46,173,6
2007,Isaiah Stanback,StanIs00,QB,Washington,74,216,4.6,4,103,Dallas Cowboys,0,22,0
2007,Tanard Jackson,JackTa99,S,Syracuse,72,200,4.52,4,106,Tampa Bay Buccaneers,24,56,4
2007,Antonio Pittman,PittAn00,RB,Ohio State,71,207,4.4,4,107,New Orleans Saints,3,23,0
2007,Paul Soliai,SoliPa99,DT,Utah,76,344,5.1,4,108,Miami Dolphins,41,138,6
2007,Stephen Nicholas,NichSt99,OLB,South Florida,73,232,4.64,4,109,Atlanta Falcons,27,101,4
2007,Dwayne Wright,WrigDw01,RB,Fresno State,71,228,4.66,4,111,Buffalo Bills,1,15,0
2007,Daniel Sepulveda,SepuDa20,P,Baylor,75,229,4.62,4,112,Pittsburgh Steelers,7,52,0
2007,Marvin White,WhitMa99,S,TCU,73,199,4.54,4,114,Cincinnati Bengals,8,43,2
2007,Leroy Harris,HarrLe21,C,North Carolina State,74,302,5.35,4,115,Tennessee Titans,19,76,3
2007,Zak DeOssie,DeOsZa99,ILB,Brown,77,250,4.58,4,116,New York Giants,21,199,0
2007,Manny Ramirez,RamiMa20,OG,Texas Tech,75,326,5.24,4,117,Detroit Lions,33,83,4
2007,Ryne Robinson,RobiRy00,WR,Miami (OH),69,179,4.47,4,118,Carolina Panthers,0,16,0
2007,Allen Barbre,BarbAl20,OT,Missouri Southern,76,300,4.84,4,119,Green Bay Packers,23,92,2
2007,Baraka Atkins,AtkiBa99,DE,Miami (FL),76,271,4.69,4,120,Seattle Seahawks,2,21,0
2007,Marcus Thomas,ThomMa99,DT,Florida,75,314,5.23,4,121,Denver Broncos,14,76,2
2007,Doug Free,FreeDo20,OT,Northern Illinois,78,324,5.19,4,122,Dallas Cowboys,49,124,7
2007,Fred Bennett,BennFr99,CB,South Carolina,73,196,4.46,4,123,Houston Texans,7,49,1
2007,Mansfield Wrotto,WrotMa20,OG,Georgia Tech,75,317,5.4,4,124,Seattle Seahawks,6,27,1
2007,Dashon Goldson,GoldDa99,S,Washington,74,205,4.6,4,126,San Francisco 49ers,41,127,7
2007,Kareem Brown,BrowKa99,DT,Miami (FL),76,290,5.38,4,127,New England Patriots,0,1,0
2007,Chris Davis,DaviCh02,WR,Florida State,70,181,4.5,4,128,Tennessee Titans,0,17,0
2007,Scott Chandler,ChanSc00,TE,Iowa,79,270,4.78,4,129,San Diego Chargers,18,90,2
2007,Josh Beekman,BeekJo20,OG,Boston Col.,74,313,5.36,4,130,Chicago Bears,10,28,1
2007,Ryan McBean,McBeRy99,DT,Oklahoma State,76,286,4.98,4,132,Pittsburgh Steelers,11,47,1
2007,Martrez Milner,MilnMa00,TE,Georgia,76,252,4.79,4,133,Atlanta Falcons,0,8,0
2007,Antwan Barnes,BarnAn99,OLB,Florida International,73,240,4.43,4,134,Baltimore Ravens,7,88,0
2007,Joe Cohen,CoheJo00,DT,Florida,74,313,5.1,4,135,San Francisco 49ers,0,7,0
2007,LeRon McClain,McClLe00,FB,Alabama,72,256,4.75,4,137,Baltimore Ravens,13,111,6
2007,Jay Richardson,RichJa99,DE,Ohio State,78,279,5.0,5,138,Oakland Raiders,12,59,2
2007,Dustin Fry,FryxDu20,C,Clemson,75,314,5.28,5,139,St. Louis Rams,0,4,0
2007,Brandon McDonald,McDoBr99,CB,Memphis,71,181,4.58,5,140,Cleveland Browns,15,80,2
2007,Steve Breaston,BreaSt00,WR,Michigan,72,193,4.46,5,142,Arizona Cardinals,26,86,3
2007,Brandon Harrison,HarrBr99,S,Stanford,74,227,4.58,5,144,Houston Texans,2,15,0
2007,Aundrae Allison,AlliAu00,WR,East Carolina,72,198,4.39,5,146,Minnesota Vikings,3,26,0
2007,Tarell Brown,BrowTa99,CB,Texas,71,190,4.45,5,147,San Francisco 49ers,24,117,4
2007,Kolby Smith,SmitKo00,RB,Louisville,71,220,4.5,5,148,Kansas City Chiefs,4,27,0
2007,Uche Nwaneri,NwanUc20,OG,Purdue,75,325,5.37,5,149,Jacksonville Jaguars,37,104,6
2007,Josh Gattis,GattJo99,S,Wake Forest,73,206,4.51,5,150,Jacksonville Jaguars,0,4,0
2007,Jeff Rowe,RoweJe00,QB,Nevada,77,226,4.91,5,151,Cincinnati Bengals,0,0,0
2007,Antonio Johnson,JohnAn03,DT,Mississippi State,75,310,5.15,5,152,Tennessee Titans,21,83,3
2007,Kevin Boss,BossKe00,TE,Western Oregon,78,252,4.78,5,153,New York Giants,17,74,4
2007,Clifton Ryan,RyanCl99,DT,Michigan State,75,310,5.12,5,154,St. Louis Rams,13,49,2
2007,Dante Rosario,RosaDa00,TE,Oregon,75,244,4.78,5,155,Carolina Panthers,9,122,1
2007,David Clowney,ClowDa00,WR,Virginia Tech,72,188,4.36,5,157,Green Bay Packers,3,28,0
2007,Justin Medlock,MedlJu20,K,UCLA,72,201,4.89,5,160,Kansas City Chiefs,1,11,0
2007,Brandon Frye,FryeBr21,OT,Virginia Tech,76,301,5.08,5,163,Houston Texans,2,11,0
2007,Tim Shaw,ShawTi99,OLB,Penn State,73,236,4.51,5,164,Carolina Panthers,6,80,0
2007,Eric Frampton,FramEr99,S,Washington State,71,204,4.61,5,165,Oakland Raiders,5,91,0
2007,Derek Landri,LandDe99,DT,Notre Dame,74,288,4.96,5,166,Jacksonville Jaguars,15,88,1
2007,Kevin Payne,PaynKe99,S,La-Monroe,72,220,4.6,5,167,Chicago Bears,10,32,1
2007,Corey Graham,GrahCo99,CB,New Hampshire,72,195,4.42,5,168,Chicago Bears,33,184,5
2007,Legedu Naanee,NaanLe00,WR,Boise State,74,225,4.41,5,172,San Diego Chargers,13,73,2
2007,Michael Coe,CoexMi99,CB,Arkansas,73,190,4.53,5,173,Indianapolis Colts,2,38,0
2007,Troy Smith,SmitTr02,QB,Ohio State,72,225,4.72,5,174,Baltimore Ravens,6,20,0
2007,Rufus Alexander,AlexRu20,OLB,Oklahoma,73,228,4.79,6,176,Minnesota Vikings,0,1,0
2007,Nick Folk,FolkNi20,K,Arizona,73,225,4.95,6,178,Dallas Cowboys,38,260,3
2007,H.B. Blades,BladH.99,ILB,Pittsburgh,71,236,4.69,6,179,Washington Redskins,9,64,0
2007,Kasey Studdard,StudKa20,OG,Texas,74,303,5.18,6,183,Houston Texans,8,25,1
2007,John Wendling,WendJo99,S,Wyoming,73,222,4.48,6,184,Buffalo Bills,7,110,0
2007,Matt Toeaina,ToeaMa99,DT,Oregon,74,307,5.11,6,187,Cincinnati Bengals,12,36,2
2007,Adam Koets,KoetAd20,OT,Oregon State,77,298,5.08,6,189,New York Giants,3,11,0
2007,Desmond Bishop,BishDe99,ILB,California,74,239,4.78,6,192,Green Bay Packers,18,75,2
2007,Mason Crosby,CrosMa20,K,Colorado,73,212,5.18,6,193,Green Bay Packers,33,261,1
2007,David Irons,IronDa99,CB,Auburn,70,190,4.44,6,194,Atlanta Falcons,1,20,0
2007,Deon Anderson,AndeDe01,FB,Connecticut,71,243,4.73,6,195,Dallas Cowboys,1,39,1
2007,Courtney Taylor,TaylCo00,WR,Auburn,74,204,4.5,6,197,Seattle Seahawks,1,18,0
2007,Daren Stone,StonDa99,S,Maine,75,218,4.58,6,203,Atlanta Falcons,2,20,0
2007,Jacob Ford,FordJa99,DE,Central Arkansas,76,249,4.65,6,204,Tennessee Titans,7,43,0
2007,Jordan Palmer,PalmJo20,QB,Texas-El Paso,78,231,4.98,6,205,Washington Redskins,0,5,0
2007,Prescott Burgess,BurgPr99,OLB,Michigan,75,240,4.82,6,207,Baltimore Ravens,2,40,0
2007,Corey Hilliard,HillCo21,OT,Oklahoma State,77,308,5.29,6,209,New England Patriots,9,47,0
2007,Jordan Kent,KentJo20,WR,Oregon,76,217,4.49,6,210,Seattle Seahawks,0,14,0
2007,Ben Patrick,PatrBe00,TE,Duke,75,252,4.74,7,215,Arizona Cardinals,4,42,2
2007,Kelvin Smith,SmitKe97,ILB,Syracuse,74,240,4.8,7,219,Miami Dolphins,0,7,0
2007,Marvin Mitchell,MitcMa99,ILB,Tennessee,75,249,4.87,7,220,New Orleans Saints,12,98,1
2007,Trumaine McBride,McBrTr99,CB,Mississippi,69,185,4.57,7,221,Chicago Bears,14,84,2
2007,Derek Schouman,SchoDe00,FB,Boise State,74,247,4.74,7,222,Buffalo Bills,2,25,1
2007,Michael Johnson,JohnMi99,S,Arizona,75,205,4.62,7,224,New York Giants,14,49,2
2007,Brandon Fields,FielBr20,P,Michigan State,77,239,5.26,7,225,Miami Dolphins,21,130,0
2007,C.J. Wilson,WilsC.99,CB,Baylor,73,195,4.62,7,226,Carolina Panthers,1,23,0
2007,Dallas Baker,BakeDa01,WR,Florida,75,208,4.53,7,227,Pittsburgh Steelers,0,8,0
2007,DeShawn Wynn,WynnDe00,RB,Florida,70,232,4.47,7,228,Green Bay Packers,3,23,0
2007,Dan Santucci,SantDa20,OG,Notre Dame,75,301,5.13,7,230,Cincinnati Bengals,0,2,0
2007,Syndric Steptoe,StepSy20,WR,Arizona,69,194,4.59,7,234,Cleveland Browns,1,16,0
2007,Chansi Stuckey,StucCh20,WR,Clemson,71,197,4.56,7,235,New York Jets,10,55,0
2007,C.J. Ah You,AhYoC.00,DE,Oklahoma,76,274,4.7,7,239,Buffalo Bills,4,33,0
2007,Brandon Siler,SileBr99,ILB,Florida,74,241,4.62,7,240,San Diego Chargers,12,74,1
2007,Clark Harris,HarrCl20,TE,Rutgers,77,261,4.8,7,243,Green Bay Packers,11,206,0
2007,Jason Snelling,SnelJa00,FB,Virginia,71,230,4.79,7,244,Atlanta Falcons,21,96,0
2007,Kenneth Darby,DarbKe00,RB,Alabama,70,211,4.75,7,246,Tampa Bay Buccaneers,4,41,0
2007,Ahmad Bradshaw,BradAh00,RB,Marshall,69,198,4.55,7,250,New York Giants,42,103,3
2007,Chad Nkang,NkanCh99,S,Elon,71,220,4.52,7,251,Jacksonville Jaguars,3,23,0
2007,Chinedum Ndukwe,NdukCh99,S,Notre Dame,74,206,4.49,7,253,Cincinnati Bengals,15,55,2
2007,Jonathan Holland,HollJo01,WR,Louisiana Tech,72,191,4.45,7,254,Oakland Raiders,1,17,0
2008,Jake Long,LongJa20,OT,Michigan,79,313,5.22,1,1,Miami Dolphins,54,104,6
2008,Chris Long,LongCh99,DE,Virginia,75,272,4.75,1,2,St. Louis Rams,48,162,6
2008,Matt Ryan,RyanMa00,QB,Boston Col.,77,228,4.89,1,3,Atlanta Falcons,146,234,15
2008,Darren McFadden,McFaDa00,RB,Arkansas,73,211,4.33,1,4,Oakland Raiders,39,103,4
2008,Glenn Dorsey,DorsGl99,DT,LSU,73,297,5.12,1,5,Kansas City Chiefs,37,104,7
2008,Vernon Gholston,GholVe99,DE,Ohio State,75,266,4.65,1,6,New York Jets,6,45,0
2008,Sedrick Ellis,ElliSe99,DT,USC,72,309,5.26,1,7,New Orleans Saints,26,70,5
2008,Derrick Harvey,HarvDe99,DE,Florida,77,271,4.84,1,8,Jacksonville Jaguars,14,52,1
2008,Keith Rivers,RiveKe99,OLB,USC,74,241,4.54,1,9,Cincinnati Bengals,24,74,4
2008,Jerod Mayo,MayoJe99,ILB,Tennessee,73,242,4.54,1,10,New England Patriots,51,103,7
2008,Leodis McKelvin,McKeLe99,CB,Troy,70,190,4.38,1,11,Buffalo Bills,29,111,4
2008,Ryan Clady,CladRy20,OT,Boise State,78,309,5.18,1,12,Denver Broncos,65,107,7
2008,Jonathan Stewart,StewJo00,RB,Oregon,70,235,4.46,1,13,Carolina Panthers,48,134,5
2008,Chris Williams,WillCh03,OT,Vanderbilt,78,315,5.13,1,14,Chicago Bears,25,72,4
2008,Branden Albert,AlbeBr20,OG,Virginia,78,309,5.17,1,15,Kansas City Chiefs,41,120,9
2008,Dominique Rodgers-Cromartie,RodgDo99,CB,Tennessee State,73,184,4.29,1,16,Arizona Cardinals,53,162,7
2008,Gosder Cherilus,CherGo20,OT,Boston Col.,78,314,5.14,1,17,Detroit Lions,48,132,8
2008,Joe Flacco,FlacJo00,QB,Pittsburgh,78,236,4.84,1,18,Baltimore Ravens,97,210,12
2008,Jeff Otah,OtahJe20,OT,Pittsburgh,78,322,5.55,1,19,Carolina Panthers,14,29,2
2008,Aqib Talib,TaliAq99,CB,Kansas,73,202,4.44,1,20,Tampa Bay Buccaneers,68,148,9
2008,Sam Baker,BakeSa21,OT,USC,77,309,5.5,1,21,Atlanta Falcons,32,70,3
2008,Felix Jones,JoneFe00,RB,Arkansas,70,207,4.44,1,22,Dallas Cowboys,27,80,1
2008,Rashard Mendenhall,MendRa00,RB,Illinois,70,225,4.41,1,23,Pittsburgh Steelers,29,72,4
2008,Chris Johnson,JohnCh04,RB,East Carolina,71,197,4.24,1,24,Tennessee Titans,70,130,7
2008,Mike Jenkins,JenkMi99,CB,South Florida,70,197,4.38,1,25,Dallas Cowboys,27,101,4
2008,Duane Brown,BrowDu20,OT,Virginia Tech,76,315,5.07,1,26,Houston Texans,91,220,15
2008,Antoine Cason,CasoAn99,CB,Arizona,72,191,4.45,1,27,San Diego Chargers,27,110,4
2008,Lawrence Jackson,JackLa98,DE,USC,76,271,4.82,1,28,Seattle Seahawks,15,69,2
2008,Kentwan Balmer,BalmKe99,DT,North Carolina,76,308,5.29,1,29,San Francisco 49ers,7,46,1
2008,Dustin Keller,KellDu00,TE,Purdue,74,242,4.53,1,30,New York Jets,22,72,3
2008,Kenny Phillips,PhilKe99,S,Miami (FL),74,212,4.48,1,31,New York Giants,16,59,2
2008,Phillip Merling,MerlPh99,DE,Clemson,76,276,4.73,2,32,Miami Dolphins,6,53,0
2008,Donnie Avery,AverDo00,WR,Houston,71,192,4.43,2,33,St. Louis Rams,21,77,4
2008,Devin Thomas,ThomDe02,WR,Michigan State,74,216,4.41,2,34,Washington Redskins,4,55,1
2008,Brandon Flowers,FlowBr99,CB,Virginia Tech,70,189,4.55,2,35,Kansas City Chiefs,42,119,9
2008,Jordy Nelson,NelsJo00,WR,Kansas State,75,217,4.51,2,36,Green Bay Packers,73,151,7
2008,Curtis Lofton,LoftCu99,ILB,Oklahoma,72,246,4.79,2,37,Atlanta Falcons,49,128,8
2008,John Carlson,CarlJo00,TE,Notre Dame,77,251,4.88,2,38,Seattle Seahawks,16,90,4
2008,Chilo Rachal,RachCh20,OG,USC,77,315,5.16,2,39,San Francisco 49ers,20,64,3
2008,Tracy Porter,PortTr99,CB,Indiana,71,188,4.37,2,40,New Orleans Saints,31,98,6
2008,James Hardy,HardJa00,WR,Indiana,77,217,4.45,2,41,Buffalo Bills,1,16,0
2008,Eddie Royal,RoyaEd00,WR,Virginia Tech,70,184,4.39,2,42,Denver Broncos,35,116,6
2008,Tyrell Johnson,JohnTy99,S,Arkansas State,72,207,4.41,2,43,Minnesota Vikings,10,53,1
2008,Matt Forte,FortMa00,RB,Tulane,73,217,4.44,2,44,Chicago Bears,84,146,9
2008,Jordon Dizon,DizoJo99,OLB,Colorado,72,229,4.71,2,45,Detroit Lions,2,28,0
2008,Jerome Simpson,SimpJe00,WR,Coastal Carolina,74,199,4.42,2,46,Cincinnati Bengals,18,63,3
2008,Trevor Laws,LawsTr99,DT,Notre Dame,73,304,5.09,2,47,Philadelphia Eagles,7,56,0
2008,Fred Davis,DaviFr01,TE,USC,75,255,4.68,2,48,Washington Redskins,14,72,3
2008,DeSean Jackson,JackDe00,WR,California,70,169,4.35,2,49,Philadelphia Eagles,75,183,11
2008,Calais Campbell,CampCa99,DE,Miami (FL),80,290,5.04,2,50,Arizona Cardinals,113,280,17
2008,Malcolm Kelly,KellMa01,WR,Oklahoma,76,224,4.68,2,51,Washington Redskins,3,21,1
2008,Quentin Groves,GrovQu99,OLB,Auburn,75,259,4.53,2,52,Jacksonville Jaguars,17,100,2
2008,Limas Sweed,SweeLi00,WR,Texas,76,215,4.48,2,53,Pittsburgh Steelers,1,20,0
2008,Jason Jones,JoneJa99,DE,East. Michigan,77,273,4.76,2,54,Tennessee Titans,32,109,4
2008,Ray Rice,RiceRa00,RB,Rutgers,68,199,4.42,2,55,Baltimore Ravens,63,92,5
2008,Brian Brohm,BrohBr00,QB,Louisville,75,230,4.81,2,56,Green Bay Packers,0,3,0
2008,Chad Henne,HennCh01,QB,Michigan,75,230,4.92,2,57,Miami Dolphins,26,78,3
2008,Dexter Jackson,JackDe01,WR,Appalachian State,69,182,4.33,2,58,Tampa Bay Buccaneers,0,7,0
2008,Mike Pollak,PollMi20,C,Arizona State,75,301,4.99,2,59,Indianapolis Colts,26,81,2
2008,Pat Lee,LeexPa99,CB,Colorado,72,200,4.41,2,60,Green Bay Packers,4,47,1
2008,Martellus Bennett,BennMa00,TE,Texas A&M,78,259,4.68,2,61,Dallas Cowboys,35,144,8
2008,Terrence Wheatley,WheaTe99,CB,Colorado,70,187,4.37,2,62,New England Patriots,1,12,0
2008,Terrell Thomas,ThomTe99,CB,USC,72,202,4.45,2,63,New York Giants,18,60,2
2008,Kevin Smith,SmitKe02,RB,Central Florida,73,217,4.53,3,64,Detroit Lions,19,54,2
2008,John Greco,GrecJo20,OT,Toledo,77,305,5.29,3,65,St. Louis Rams,29,132,5
2008,Kendall Langford,LangKe98,DE,Kansas State,77,287,4.95,3,66,Miami Dolphins,43,136,8
2008,Charles Godfrey,GodfCh99,CB,Iowa,72,207,4.43,3,67,Carolina Panthers,27,95,5
2008,Chevis Jackson,JackCh99,CB,LSU,72,192,4.52,3,68,Atlanta Falcons,4,33,0
2008,Jacob Hester,HestJa00,FB,LSU,71,226,4.61,3,69,San Diego Chargers,6,65,1
2008,Earl Bennett,BennEa00,WR,Vanderbilt,71,209,4.48,3,70,Chicago Bears,19,78,1
2008,Tavares Gooden,GoodTa99,ILB,Miami (FL),73,234,4.62,3,71,Baltimore Ravens,9,58,1
2008,Chris Ellis,ElliCh99,DE,Virginia Tech,76,263,4.71,3,72,Buffalo Bills,2,15,0
2008,Jamaal Charles,CharJa00,RB,Texas,71,200,4.38,3,73,Kansas City Chiefs,66,119,4
2008,Dan Connor,ConnDa99,ILB,Penn State,74,231,4.67,3,74,Carolina Panthers,13,62,2
2008,Reggie Smith,SmitRe99,CB,Oklahoma,72,199,4.61,3,75,San Francisco 49ers,5,45,1
2008,Brad Cottam,CottBr00,TE,Tennessee,79,270,4.63,3,76,Kansas City Chiefs,2,24,1
2008,Pat Sims,SimsPa99,DT,Auburn,74,310,5.06,3,77,Cincinnati Bengals,27,130,3
2008,Shawn Crable,CrabSh99,OLB,Michigan,77,245,4.61,3,78,New England Patriots,0,6,0
2008,Antwaun Molden,MoldAn99,CB,East. Kentucky,73,198,4.39,3,79,Houston Texans,4,51,0
2008,Bryan Smith,SmitBr96,OLB,McNeese State,74,231,4.74,3,80,Philadelphia Eagles,1,6,0
2008,Early Doucet,DoucEa00,WR,LSU,72,209,4.59,3,81,Arizona Cardinals,10,54,0
2008,DaJuan Morgan,MorgDa98,S,North Carolina State,72,205,4.5,3,82,Kansas City Chiefs,3,30,0
2008,Jeremy Zuttah,ZuttJe20,OT,Rutgers,75,303,4.99,3,83,Tampa Bay Buccaneers,46,131,8
2008,Harry Douglas,DougHa00,WR,Louisville,71,176,4.51,3,84,Atlanta Falcons,31,118,2
2008,Craig Stevens,StevCr00,TE,California,75,254,4.59,3,85,Tennessee Titans,5,109,5
2008,Tom Zbikowski,ZbikTo99,S,Notre Dame,71,211,4.44,3,86,Baltimore Ravens,11,64,1
2008,Andre Fluellen,FlueAn99,DT,Florida State,74,296,5.0,3,87,Detroit Lions,8,81,0
2008,Bruce Davis,DaviBr99,OLB,UCLA,75,252,4.78,3,88,Pittsburgh Steelers,0,15,0
2008,Steve Slaton,SlatSt00,RB,West Virginia,69,197,4.45,3,89,Houston Texans,21,45,2
2008,Marcus Harrison,HarrMa98,DT,Arkansas,75,317,5.06,3,90,Chicago Bears,6,37,1
2008,Jermichael Finley,FinlJe00,TE,Texas,76,243,4.82,3,91,Green Bay Packers,27,70,3
2008,Cliff Avril,AvriCl99,OLB,Purdue,75,253,4.51,3,92,Detroit Lions,51,140,7
2008,Philip Wheeler,WheePh99,ILB,Georgia Tech,74,248,4.76,3,93,Indianapolis Colts,29,133,3
2008,Kevin O'Connell,OConKe00,QB,San Diego State,77,225,4.61,3,94,New England Patriots,0,2,0
2008,Mario Manningham,MannMa01,WR,Michigan,72,181,4.59,3,95,New York Giants,22,67,4
2008,Chad Rinehart,RineCh20,OG,New Mexico,77,320,5.42,3,96,Washington Redskins,23,58,1
2008,Andre Caldwell,CaldAn00,WR,Florida,72,204,4.35,3,97,Cincinnati Bengals,12,105,0
2008,Thomas DeCoud,DeCoTh99,S,California,73,207,4.5,3,98,Atlanta Falcons,37,104,6
2008,Oniel Cousins,CousOn00,OT,Texas-El Paso,76,308,5.11,3,99,Baltimore Ravens,10,75,0
2008,Tyvon Branch,BranTy99,CB,Connecticut,71,204,4.31,4,100,Oakland Raiders,28,106,5
2008,Justin King,KingJu99,CB,Penn State,71,192,4.31,4,101,St. Louis Rams,9,38,1
2008,Jeremy Thompson,ThomJe99,DE,Wake Forest,76,264,4.75,4,102,Green Bay Packers,1,15,0
2008,Beau Bell,BellBe99,ILB,UNLV,73,244,4.9,4,104,Cleveland Browns,0,5,0
2008,Will Franklin,FranWi00,WR,Missouri,72,214,4.37,4,105,Kansas City Chiefs,1,13,0
2008,Marcus Smith,SmitMa01,WR,New Mexico,73,221,4.51,4,106,Baltimore Ravens,0,21,0
2008,Cody Wallace,WallCo20,C,Texas A&M,76,296,5.3,4,107,San Francisco 49ers,13,49,1
2008,Kory Lichtensteiger,LichKo20,C,Bowling Green,74,298,5.25,4,108,Denver Broncos,34,93,4
2008,Mike McGlynn,McGlMi20,OG,Pittsburgh,76,311,5.38,4,109,Philadelphia Eagles,29,83,4
2008,Shawn Murphy,MurpSh20,OG,Utah State,76,320,5.38,4,110,Miami Dolphins,0,1,0
2008,Martin Rucker,RuckMa00,TE,Missouri,77,251,4.75,4,111,Cleveland Browns,0,12,0
2008,Anthony Collins,CollAn21,OT,Kansas,77,317,5.54,4,112,Cincinnati Bengals,16,69,1
2008,Dwight Lowery,LoweDw99,CB,San Jose State,71,201,4.54,4,113,New York Jets,35,116,6
2008,Dre Moore,MoorDr99,DT,Maryland,76,305,4.84,4,115,Tampa Bay Buccaneers,1,7,0
2008,Kenny Iwebema,IwebKe99,DE,Iowa,76,274,4.91,4,116,Arizona Cardinals,2,31,0
2008,Quintin Demps,DempQu99,S,Texas-El Paso,72,206,4.39,4,117,Philadelphia Eagles,22,110,3
2008,Xavier Adibi,AdibXa99,OLB,Virginia Tech,74,232,4.69,4,118,Houston Texans,4,44,0
2008,Jack Williams,WillJa96,CB,Kent State,69,186,4.43,4,119,Denver Broncos,2,22,0
2008,Craig Steltz,StelCr99,S,LSU,73,213,4.63,4,120,Chicago Bears,6,77,0
2008,Red Bryant,BryaRe99,DT,Texas A&M,76,318,5.0,4,121,Seattle Seahawks,31,86,4
2008,Tashard Choice,ChoiTa00,RB,Georgia Tech,70,215,4.48,4,122,Dallas Cowboys,13,88,0
2008,Bryan Kehl,KehlBr99,OLB,BYU,74,242,4.67,4,123,New York Giants,7,72,0
2008,Justin Tryon,TryoJu99,CB,Arizona State,69,190,4.42,4,124,Washington Redskins,6,63,0
2008,Arman Shields,ShieAr00,WR,Richmond,73,194,4.37,4,125,Oakland Raiders,0,0,0
2008,Lavelle Hawkins,HawkLa00,WR,California,71,187,4.57,4,126,Tennessee Titans,7,56,0
2008,Jacob Tamme,TammJa00,TE,Kentucky,75,236,4.58,4,127,Indianapolis Colts,21,130,2
2008,Keenan Burton,BurtKe00,WR,Kentucky,72,201,4.44,4,128,St. Louis Rams,3,22,1
2008,Jonathan Wilhite,WilhJo99,CB,Auburn,69,185,4.38,4,129,New England Patriots,10,54,0
2008,Tony Hills,HillTo21,OT,Texas,77,309,5.16,4,130,Pittsburgh Steelers,3,32,0
2008,Jack Ikegwuonu,IkegJa99,CB,Wisconsin,70,194,4.44,4,131,Philadelphia Eagles,0,1,0
2008,Derek Fine,FineDe00,TE,Kansas,75,251,4.83,4,132,Buffalo Bills,2,18,1
2008,David Hale,HaleDa22,OT,Weber State,78,314,5.27,4,133,Baltimore Ravens,1,18,0
2008,Stanford Keglar,KeglSt99,OLB,Purdue,74,239,4.58,4,134,Tennessee Titans,3,35,0
2008,Kenneth Moore,MoorKe00,WR,Wake Forest,71,195,4.47,5,136,Detroit Lions,1,14,0
2008,Robert James,JameRo99,OLB,Arizona State,70,219,4.7,5,138,Atlanta Falcons,1,19,0
2008,Ryan Torain,ToraRy00,RB,Arizona State,72,222,4.61,5,139,Denver Broncos,5,22,1
2008,Gary Barnidge,BarnGa01,TE,Louisville,78,243,4.61,5,141,Carolina Panthers,14,124,4
2008,Zack Bowman,BowmZa20,CB,Nebraska,72,197,4.39,5,142,Chicago Bears,15,99,1
2008,Orlando Scandrick,ScanOr99,CB,Boise State,70,192,4.32,5,143,Dallas Cowboys,26,143,4
2008,DeMario Pressley,PresDe99,DT,North Carolina State,75,301,5.09,5,144,New Orleans Saints,1,8,0
2008,Jerome Felton,FeltJe00,FB,Furman,72,241,4.68,5,146,Detroit Lions,3,132,3
2008,Alvin Bowen,BoweAl99,OLB,Iowa State,73,223,4.79,5,147,Buffalo Bills,0,2,0
2008,Carlton Powell,PoweCa98,DT,Virginia Tech,74,292,5.1,5,148,Denver Broncos,0,3,0
2008,Breno Giacomini,GiacBr20,OT,Louisville,79,303,5.2,5,150,Green Bay Packers,36,94,5
2008,Frank Okam,OkamFr99,DT,Texas,76,347,5.32,5,151,Houston Texans,3,25,0
2008,Letroy Guion,GuioLe99,DT,Florida State,75,303,5.31,5,152,Minnesota Vikings,28,112,4
2008,Kroy Biermann,BierKr99,OLB,Montana,75,246,4.85,5,154,Atlanta Falcons,24,114,3
2008,Thomas Williams,WillTh99,ILB,USC,73,238,4.86,5,155,Jacksonville Jaguars,1,15,0
2008,Dennis Dixon,DixoDe00,QB,Oregon,75,195,4.58,5,156,Pittsburgh Steelers,2,4,0
2008,Roy Schuening,SchuRo20,OG,Oregon State,76,306,5.29,5,157,St. Louis Rams,0,1,0
2008,Kellen Davis,DaviKe01,TE,Michigan State,78,262,4.59,5,158,Chicago Bears,5,125,4
2008,Trae Williams,WillTr97,CB,South Florida,69,193,4.51,5,159,Jacksonville Jaguars,0,0,0
2008,Josh Johnson,JohnJo05,QB,San Diego,75,213,4.53,5,160,Tampa Bay Buccaneers,9,50,0
2008,Marcus Howard,HowaMa99,OLB,Georgia,72,237,4.45,5,161,Indianapolis Colts,1,9,0
2008,Erik Ainge,AingEr00,QB,Tennessee,77,225,4.98,5,162,New York Jets,0,0,0
2008,Owen Schmitt,SchmOw00,FB,West Virginia,74,247,4.73,5,163,Seattle Seahawks,1,74,0
2008,Carl Nicks,NickCa20,OT,Nebraska,77,341,5.22,5,164,New Orleans Saints,53,73,4
2008,Jonathan Goff,GoffJo99,ILB,Vanderbilt,74,245,4.63,5,165,New York Giants,9,37,1
2008,Marcus Thomas,ThomMa01,RB,Texas-El Paso,72,213,4.59,5,166,San Diego Chargers,0,3,0
2008,Durant Brooks,BrooDu20,P,Georgia Tech,72,204,5.2,6,168,Washington Redskins,0,6,0
2008,Barry Richardson,RichBa20,OT,Clemson,79,320,5.45,6,170,Kansas City Chiefs,19,65,3
2008,Marcus Henry,HenrMa00,WR,Kansas,76,207,4.55,6,171,New York Jets,0,0,0
2008,Thomas Brown,BrowTh01,RB,Georgia,68,204,4.51,6,172,Atlanta Falcons,0,0,0
2008,Dominique Barber,BarbDo99,S,Minnesota,72,210,4.68,6,173,Houston Texans,5,39,0
2008,Josh Morgan,MorgJo00,WR,Virginia Tech,72,219,4.46,6,174,San Francisco 49ers,21,93,5
2008,Geno Hayes,HayeGe98,OLB,Florida State,73,226,4.64,6,175,Tampa Bay Buccaneers,30,101,5
2008,Jalen Parmele,ParmJa00,RB,Toledo,71,224,4.47,6,176,Miami Dolphins,1,36,0
2008,Taylor Mehlhaff,MehlTa99,K,Wisconsin,70,183,4.92,6,178,New Orleans Saints,0,3,0
2008,Xavier Omon,OmonXa00,RB,Northwest Missouri State,71,228,4.52,6,179,Buffalo Bills,0,7,0
2008,Nick Hayden,HaydNi99,DT,Wisconsin,76,291,5.14,6,181,Carolina Panthers,25,76,4
2008,Kevin Robinson,RobiKe00,WR,Utah State,71,202,4.69,6,182,Kansas City Chiefs,0,8,0
2008,Spencer Larsen,LarsSp99,ILB,Arizona,74,238,4.85,6,183,Denver Broncos,5,63,1
2008,Mike Gibson,GibsMi20,OG,California,75,305,5.27,6,184,Philadelphia Eagles,5,36,0
2008,Chris Harrington,HarrCh97,DE,Texas A&M,76,264,4.84,6,185,Arizona Cardinals,0,6,0
2008,Colt Brennan,BrenCo00,QB,Hawaii,74,207,4.79,6,186,Washington Redskins,0,0,0
2008,John Sullivan,SullJo24,C,Notre Dame,75,301,5.35,6,187,Minnesota Vikings,54,153,8
2008,Mike Humpal,HumpMi99,OLB,Iowa,74,244,4.82,6,188,Pittsburgh Steelers,0,0,0
2008,Tyler Schmitt,SchmTy99,LS,San Diego State,74,231,4.93,6,189,Seattle Seahawks,0,0,0
2008,Ahtyba Rubin,RubiAh99,DT,Iowa State,75,315,5.2,6,190,Cleveland Browns,47,144,7
2008,Paul Hubbard,HubbPa00,WR,Wisconsin,75,221,4.49,6,191,Cleveland Browns,0,1,0
2008,DeJuan Tribble,TribDe99,CB,Boston Col.,69,189,4.59,6,192,San Diego Chargers,0,0,0
2008,Jaymar Johnson,JohnJa01,WR,Jackson State,71,177,4.5,6,193,Minnesota Vikings,0,7,0
2008,Donald Thomas,ThomDo26,OG,Connecticut,75,303,5.0,6,195,Miami Dolphins,16,45,1
2008,Tom Santi,SantTo00,TE,Virginia,75,250,4.8,6,196,Indianapolis Colts,2,9,0
2008,Andre Woodson,WoodAn00,QB,Kentucky,76,229,4.85,6,198,New York Giants,0,0,0
2008,Steve Justice,JustSt20,C,Wake Forest,75,293,5.24,6,201,Indianapolis Colts,1,8,0
2008,Mike Hart,HartMi00,RB,Michigan,69,206,4.69,6,202,Indianapolis Colts,3,21,0
2008,Lex Hilliard,HillLe00,FB,Montana,71,231,4.68,6,204,Miami Dolphins,3,62,1
2008,Pierre Garcon,GarcPi00,WR,Mount Union,72,210,4.42,6,205,Indianapolis Colts,54,148,10
2008,Matt Flynn,FlynMa00,QB,LSU,74,231,4.79,7,209,Green Bay Packers,8,51,0
2008,Wilrey Fontenot,FontWi99,CB,Arizona,69,171,4.4,7,212,Atlanta Falcons,0,0,0
2008,Chauncey Washington,WashCh00,RB,USC,71,211,4.45,7,213,Jacksonville Jaguars,0,11,0
2008,Larry Grant,GranLa99,OLB,Ohio State,73,235,4.76,7,214,San Francisco 49ers,10,68,1
2008,Justin Harper,HarpJu01,WR,Virginia Tech,75,213,4.56,7,215,Baltimore Ravens,0,2,0
2008,Caleb Campbell,CampCa00,S,Army,74,229,4.57,7,218,Detroit Lions,0,2,0
2008,Demetress Bell,BellDe20,OT,Michigan State,77,303,5.18,7,219,Buffalo Bills,13,40,2
2008,Josh Barrett,BarrJo99,S,Arizona State,74,223,4.34,7,220,Denver Broncos,3,25,0
2008,Alex Brink,BrinAl00,QB,Washington State,74,211,4.96,7,223,Houston Texans,0,0,0
2008,Brandon Keith,KeitBr20,OT,New Mexico,77,343,5.27,7,225,Arizona Cardinals,8,26,2
2008,Peyton Hillis,HillPe00,FB,Arkansas,73,240,4.64,7,227,Denver Broncos,21,81,3
2008,King Dunlap,DunlKi20,OT,Auburn,80,310,5.28,7,230,Philadelphia Eagles,32,98,4
2008,Justin Forsett,ForsJu00,RB,California,68,194,4.62,7,233,Seattle Seahawks,32,122,2
2008,Corey Clark,ClarCo21,OT,Texas A&M,77,315,5.28,7,234,San Diego Chargers,0,2,0
2008,Jamey Richard,RichJa20,C,Buffalo,77,295,5.22,7,236,Indianapolis Colts,11,48,0
2008,Adrian Arrington,ArriAd00,WR,Michigan,75,203,4.55,7,237,New Orleans Saints,1,5,0
2008,Cory Boyd,BoydCo01,RB,South Carolina,72,213,4.52,7,238,Tampa Bay Buccaneers,0,1,0
2008,Allen Patrick,PatrAl00,RB,Oklahoma,73,198,4.55,7,240,Baltimore Ravens,0,0,0
2008,Geoff Schwartz,SchwGe20,OT,Oregon,78,332,5.36,7,241,Carolina Panthers,18,74,2
2008,Lionel Dotson,DotsLi99,DT,Arizona,76,296,5.38,7,245,Miami Dolphins,0,12,0
2008,Mario Urrutia,UrruMa00,WR,Louisville,77,232,4.59,7,246,Cincinnati Bengals,0,0,0
2008,Kirk Barton,BartKi20,OT,Ohio State,76,310,5.01,7,247,Chicago Bears,0,1,0
2008,Marcus Monk,MonkMa00,WR,Arkansas,76,222,4.56,7,248,Chicago Bears,0,0,0
2008,Chris Horton,HortCh99,S,UCLA,72,212,4.54,7,249,Washington Redskins,8,29,1
2009,Matthew Stafford,StafMa00,QB,Georgia,74,225,4.81,1,1,Detroit Lions,133,241,16
2009,Jason Smith,SmitJa22,OT,Baylor,77,309,5.09,1,2,St. Louis Rams,10,45,2
2009,Tyson Jackson,JackTy98,DE,LSU,76,296,4.94,1,3,Kansas City Chiefs,34,122,7
2009,Aaron Curry,CurrAa99,OLB,Wake Forest,74,254,4.52,1,4,Seattle Seahawks,16,48,3
2009,Mark Sanchez,SancMa00,QB,USC,74,227,4.93,1,5,New York Jets,32,79,4
2009,Andre Smith,SmitAn23,OT,Alabama,76,332,5.28,1,6,Cincinnati Bengals,41,121,8
2009,Darrius Heyward-Bey,HeywDa00,WR,Maryland,74,210,4.3,1,7,Oakland Raiders,23,144,5
2009,Eugene Monroe,MonrEu20,OT,Virginia,77,309,5.18,1,8,Jacksonville Jaguars,32,93,6
2009,B.J. Raji,RajiBJ99,DT,Boston Col.,73,337,5.12,1,9,Green Bay Packers,33,91,5
2009,Michael Crabtree,CrabMi00,WR,Texas Tech,73,215,4.54,1,10,San Francisco 49ers,53,143,10
2009,Aaron Maybin,MaybAa99,DE,Penn State,76,249,4.64,1,11,Buffalo Bills,5,48,0
2009,Knowshon Moreno,MoreKn00,RB,Georgia,71,217,4.5,1,12,Denver Broncos,33,63,3
2009,Brian Orakpo,OrakBr99,DE,Texas,75,263,4.63,1,13,Washington Redskins,58,132,8
2009,Malcolm Jenkins,JenkMa99,CB,Ohio State,72,204,4.51,1,14,New Orleans Saints,68,199,12
2009,Brian Cushing,CushBr99,OLB,USC,75,243,4.64,1,15,Houston Texans,52,104,7
2009,Larry English,EnglLa99,OLB,Northern Illinois,74,255,4.74,1,16,San Diego Chargers,7,64,1
2009,Josh Freeman,FreeJo00,QB,Kansas State,78,248,4.9,1,17,Tampa Bay Buccaneers,37,62,4
2009,Robert Ayers,AyerRo99,DE,Tennessee,75,272,4.77,1,18,Denver Broncos,27,120,5
2009,Jeremy Maclin,MaclJe00,WR,Missouri,72,198,4.43,1,19,Philadelphia Eagles,50,114,8
2009,Brandon Pettigrew,PettBr00,TE,Oklahoma State,77,263,4.8,1,20,Detroit Lions,22,93,7
2009,Alex Mack,MackAl20,C,California,76,311,5.17,1,21,Cleveland Browns,86,196,12
2009,Percy Harvin,HarvPe00,WR,Florida,71,192,4.39,1,22,Minnesota Vikings,43,75,4
2009,Michael Oher,OherMi20,OT,Mississippi,76,309,5.16,1,23,Baltimore Ravens,42,110,7
2009,Peria Jerry,JerrPe99,DT,Mississippi,74,299,4.98,1,24,Atlanta Falcons,13,64,2
2009,Vontae Davis,DaviVo99,CB,Illinois,71,203,4.4,1,25,Miami Dolphins,45,121,8
2009,Clay Matthews,MattCl99,OLB,USC,75,240,4.58,1,26,Green Bay Packers,77,156,10
2009,Donald Brown,BrowDo00,RB,Connecticut,70,210,4.46,1,27,Indianapolis Colts,25,89,1
2009,Eric Wood,WoodEr20,C,Louisville,76,310,5.19,1,28,Buffalo Bills,47,120,9
2009,Hakeem Nicks,NickHa01,WR,North Carolina,73,212,4.51,1,29,New York Giants,40,92,4
2009,Kenny Britt,BritKe00,WR,Rutgers,75,218,4.47,1,30,Tennessee Titans,35,116,5
2009,Beanie Wells,WellCh00,RB,Ohio State,73,235,4.38,1,31,Arizona Cardinals,14,51,2
2009,Ziggy Hood,HoodEv99,DT,Missouri,75,300,4.83,1,32,Pittsburgh Steelers,38,142,5
2009,Louis Delmas,DelmLo99,S,West. Michigan,71,202,4.52,2,33,Detroit Lions,25,78,6
2009,Patrick Chung,ChunPa99,S,Oregon,71,212,4.49,2,34,New England Patriots,38,153,10
2009,James Laurinaitis,LaurJa99,ILB,Ohio State,74,244,4.72,2,35,St. Louis Rams,51,117,7
2009,Brian Robiskie,RobiBr00,WR,Ohio State,75,209,4.46,2,36,Cleveland Browns,3,38,1
2009,Alphonso Smith,SmitAl98,CB,Wake Forest,69,193,4.47,2,37,Denver Broncos,8,42,1
2009,Rey Maualuga,MauaRe99,ILB,USC,74,249,4.91,2,38,Cincinnati Bengals,49,120,9
2009,Eben Britton,BritEb20,OT,Arizona,78,309,5.14,2,39,Jacksonville Jaguars,17,60,1
2009,Ron Brace,BracRo99,DT,Boston Col.,75,330,5.48,2,40,New England Patriots,6,39,1
2009,Darius Butler,ButlDa99,CB,Connecticut,70,183,4.41,2,41,New England Patriots,22,124,0
2009,Jairus Byrd,ByrdJa99,CB,Oregon,70,207,4.68,2,42,Buffalo Bills,38,118,7
2009,Everette Brown,BrowEv99,DE,Florida State,73,256,4.65,2,43,Carolina Panthers,6,44,0
2009,Pat White,WhitPa01,QB,West Virginia,72,197,4.55,2,44,Miami Dolphins,1,13,0
2009,Clint Sintim,SintCl99,OLB,Virginia,75,256,4.75,2,45,New York Giants,2,24,0
2009,Connor Barwin,BarwCo99,OLB,Cincinnati,76,256,4.47,2,46,Houston Texans,51,142,7
2009,Darcel McBath,McBaDa99,S,Texas Tech,72,198,4.53,2,48,Denver Broncos,3,37,0
2009,Max Unger,UngeMa20,C,Oregon,77,309,5.26,2,49,Seattle Seahawks,69,130,9
2009,Mohamed Massaquoi,MassMo00,WR,Georgia,73,210,4.51,2,50,Cleveland Browns,11,54,3
2009,Andy Levitre,LeviAn20,OG,Oregon State,75,305,5.33,2,51,Buffalo Bills,55,143,9
2009,David Veikune,VeikDa99,DE,Hawaii,74,257,4.75,2,52,Cleveland Browns,1,14,0
2009,LeSean McCoy,McCoLe01,RB,Pittsburgh,70,198,4.5,2,53,Philadelphia Eagles,83,170,10
2009,Phil Loadholt,LoadPh20,OT,Oklahoma,80,332,5.45,2,54,Minnesota Vikings,36,89,6
2009,William Moore,MoorWi99,S,Missouri,72,221,4.49,2,55,Atlanta Falcons,30,76,5
2009,Fili Moala,MoalFi99,DT,USC,76,305,5.07,2,56,Indianapolis Colts,19,64,3
2009,Paul Kruger,KrugPa99,DE,Utah,76,263,4.79,2,57,Baltimore Ravens,29,114,4
2009,Sherrod Martin,MartSh99,CB,Troy,73,198,4.43,2,59,Carolina Panthers,16,84,2
2009,Will Beatty,BeatWi20,OT,Connecticut,78,307,5.06,2,60,New York Giants,30,89,4
2009,Sean Smith,SmitSe99,CB,Utah,75,214,4.47,2,61,Miami Dolphins,38,137,8
2009,Sen'Derrick Marks,MarkSe99,DT,Auburn,74,306,5.0,2,62,Tennessee Titans,27,103,4
2009,Cody Brown,BrowCo96,OLB,Connecticut,74,244,4.76,2,63,Arizona Cardinals,0,0,0
2009,Richard Quinn,QuinRi00,TE,North Carolina,76,264,4.88,2,64,Denver Broncos,0,30,0
2009,Shonn Greene,GreeSh00,RB,Iowa,70,227,4.55,3,65,New York Jets,23,85,2
2009,Bradley Fletcher,FletBr99,CB,Iowa,72,196,4.44,3,66,St. Louis Rams,24,73,3
2009,Alex Magee,MageAl99,DT,Purdue,75,298,4.82,3,67,Kansas City Chiefs,2,25,0
2009,Jarron Gilbert,GilbJa99,DE,San Jose State,77,288,4.81,3,68,Chicago Bears,0,5,0
2009,Michael Johnson,JohnMi98,DE,Georgia Tech,79,266,4.61,3,70,Cincinnati Bengals,54,155,8
2009,Matt Shaughnessy,ShauMa99,DE,Wisconsin,77,266,4.86,3,71,Oakland Raiders,22,75,3
2009,Terrance Knighton,KnigTe99,DT,Temple,75,321,4.93,3,72,Jacksonville Jaguars,37,108,6
2009,Glen Coffee,CoffGl00,RB,Alabama,72,209,4.5,3,74,San Francisco 49ers,2,14,0
2009,Robert Brewster,BrewRo20,OT,Ball State,76,325,5.29,3,75,Dallas Cowboys,0,1,0
2009,DeAndre Levy,LevyDe99,OLB,Wisconsin,74,236,4.56,3,76,Detroit Lions,45,95,6
2009,Antoine Caldwell,CaldAn20,C,Alabama,75,309,5.24,3,77,Houston Texans,11,39,0
2009,Louis Vasquez,VasqLo20,OG,Texas Tech,77,333,5.22,3,78,San Diego Chargers,59,102,7
2009,Kraig Urbik,UrbiKr20,OG,Wisconsin,77,328,5.25,3,79,Pittsburgh Steelers,27,100,4
2009,Kevin Barnes,BarnKe99,CB,Maryland,72,187,4.45,3,80,Washington Redskins,3,31,0
2009,Roy Miller,MillRo99,DT,Texas,73,310,4.93,3,81,Tampa Bay Buccaneers,33,119,5
2009,Derrick Williams,WillDe05,WR,Penn State,71,194,4.47,3,82,Detroit Lions,0,18,0
2009,Brandon Tate,TateBr00,WR,North Carolina,72,183,4.52,3,83,New England Patriots,16,127,1
2009,Mike Wallace,WallMi00,WR,Mississippi,72,199,4.33,3,84,Pittsburgh Steelers,57,144,8
2009,Ramses Barden,BardRa00,WR,Cal Poly,78,229,4.51,3,85,New York Giants,5,29,0
2009,Asher Allen,AlleAs99,CB,Georgia,69,194,4.48,3,86,Minnesota Vikings,8,36,2
2009,Patrick Turner,TurnPa00,WR,USC,77,223,4.59,3,87,Miami Dolphins,1,24,0
2009,Lardarius Webb,WebbLa99,CB,Nicholls State,70,179,4.35,3,88,Baltimore Ravens,36,127,5
2009,Jared Cook,CookJa02,TE,South Carolina,77,246,4.49,3,89,Tennessee Titans,48,194,5
2009,Chris Owens,OwenCh99,CB,San Jose State,70,181,4.44,3,90,Atlanta Falcons,11,87,1
2009,Deon Butler,ButlDe00,WR,Penn State,70,182,4.31,3,91,Seattle Seahawks,4,35,1
2009,Jerraud Powers,PoweJe99,CB,Auburn,69,188,4.43,3,92,Indianapolis Colts,30,100,7
2009,Corvey Irvin,IrviCo99,DT,Georgia,75,301,4.96,3,93,Carolina Panthers,1,24,0
2009,Ryan Mouton,MoutRy99,CB,Hawaii,69,187,4.47,3,94,Tennessee Titans,4,36,0
2009,Rashad Johnson,JohnRa98,S,Alabama,71,203,4.49,3,95,Arizona Cardinals,25,114,4
2009,Keenan Lewis,LewiKe96,CB,Oregon State,73,208,4.47,3,96,Pittsburgh Steelers,22,83,3
2009,Tyrone McKenzie,McKeTy99,OLB,South Florida,74,243,4.76,3,97,New England Patriots,1,19,0
2009,Chase Coffman,CoffCh00,TE,Missouri,78,244,4.83,3,98,Cincinnati Bengals,0,39,0
2009,Juaquin Iglesias,IgleJu00,WR,Oklahoma,73,210,4.44,3,99,Chicago Bears,0,1,0
2009,Travis Beckum,BeckTr00,TE,Wisconsin,75,243,4.61,3,100,New York Giants,2,48,0
2009,Stephen McGee,McGeSt00,QB,Texas A&M,75,225,4.61,4,101,Dallas Cowboys,2,3,0
2009,Donald Washington,WashDo98,CB,Ohio State,72,197,4.5,4,102,Kansas City Chiefs,4,32,0
2009,Darell Scott,ScotDo99,DT,Clemson,75,312,4.92,4,103,St. Louis Rams,5,33,0
2009,Kaluka Maiava,MaiaKa99,OLB,USC,71,229,4.65,4,104,Cleveland Browns,13,63,1
2009,Jonathan Luigs,LuigJo20,C,Arkansas,76,301,5.14,4,106,Cincinnati Bengals,1,8,0
2009,Mike Thomas,ThomMi01,WR,Arizona,68,195,4.3,4,107,Jacksonville Jaguars,21,61,2
2009,Brian Hartline,HartBr00,WR,Ohio State,74,195,4.49,4,108,Miami Dolphins,32,104,5
2009,Victor Butler,ButlVi99,OLB,Oregon State,74,248,4.72,4,110,Dallas Cowboys,6,65,0
2009,Mike Goodson,GoodMi00,RB,Texas A&M,72,208,4.43,4,111,Carolina Panthers,7,42,0
2009,Glover Quin,QuinGl99,S,New Mexico,71,204,4.5,4,112,Houston Texans,51,159,10
2009,David Bruton,BrutDa99,S,Notre Dame,74,219,4.4,4,114,Denver Broncos,10,108,0
2009,Chip Vaughn,VaugCh99,S,Wake Forest,73,221,4.42,4,116,New Orleans Saints,0,3,0
2009,Kyle Moore,MoorKy99,DE,USC,77,272,4.76,4,117,Tampa Bay Buccaneers,8,31,1
2009,Stanley Arnoux,ArnoSt99,ILB,Wake Forest,72,232,4.56,4,118,New Orleans Saints,1,9,0
2009,D.J. Moore,MoorDJ99,CB,Vanderbilt,69,192,4.56,4,119,Chicago Bears,6,47,0
2009,Brandon Williams,WillBr95,DE,Texas Tech,74,261,4.78,4,120,Dallas Cowboys,0,6,0
2009,Shawn Nelson,NelsSh00,TE,Southern Miss,77,240,4.52,4,121,Buffalo Bills,1,17,1
2009,Anthony Hill,HillAn00,TE,North Carolina State,77,262,4.84,4,122,Houston Texans,0,12,0
2009,Louis Murphy,MurpLo00,WR,Florida,74,203,4.32,4,124,Oakland Raiders,19,95,1
2009,Lawrence Sidbury,SidbLa99,DE,Richmond,74,266,4.53,4,125,Atlanta Falcons,5,50,0
2009,Austin Collie,CollAu00,WR,BYU,73,200,4.53,4,127,Indianapolis Colts,18,49,0
2009,Tony Fiammetta,FiamTo00,FB,Syracuse,72,245,4.58,4,128,Carolina Panthers,1,51,2
2009,Andre Brown,BrowAn03,RB,North Carolina State,72,224,4.37,4,129,New York Giants,7,22,1
2009,Gerald McRath,McRaGe99,ILB,Southern Miss,74,231,4.49,4,130,Tennessee Titans,7,40,1
2009,Seth Olsen,OlseSe20,OG,Iowa,77,306,5.23,4,132,Denver Broncos,3,14,0
2009,Tyronne Green,GreeTy20,OG,Auburn,74,309,5.4,4,133,San Diego Chargers,15,41,2
2009,Gartrell Johnson,JohnGa01,RB,Colorado State,70,219,4.67,4,134,San Diego Chargers,0,19,0
2009,Troy Kropog,KropTr20,OT,Tulane,77,309,5.3,4,135,Tennessee Titans,0,7,0
2009,Jason Phillips,PhilJa99,ILB,TCU,73,239,4.6,5,137,Baltimore Ravens,3,29,0
2009,Johnny Knox,KnoxJo00,WR,Abilene Christian,71,185,4.34,5,140,Chicago Bears,20,45,2
2009,Kenny McKinley,McKiKe00,WR,South Carolina,72,189,4.37,5,141,Denver Broncos,0,8,0
2009,Kevin Huber,HubeKe20,P,Cincinnati,73,220,4.87,5,142,Cincinnati Bengals,23,216,1
2009,DeAngelo Smith,SmitDe98,CB,Cincinnati,71,194,4.5,5,143,Dallas Cowboys,1,7,0
2009,Jarett Dillard,DillJa00,WR,Rice,70,191,4.5,5,144,Jacksonville Jaguars,4,21,0
2009,Quinn Johnson,JohnQu00,FB,LSU,73,246,4.72,5,145,Green Bay Packers,0,44,1
2009,Scott McKillop,McKiSc99,ILB,Pittsburgh,73,244,4.7,5,146,San Francisco 49ers,2,16,0
2009,Nic Harris,HarrNi99,OLB,Oklahoma,74,234,4.83,5,147,Buffalo Bills,5,30,0
2009,Brandon Hughes,HughBr99,CB,Oregon State,70,182,4.4,5,148,San Diego Chargers,2,31,0
2009,Davon Drew,DrewDa00,TE,East Carolina,76,256,4.78,5,149,Baltimore Ravens,0,0,0
2009,Jasper Brinkley,BrinJa99,ILB,South Carolina,74,252,4.67,5,150,Minnesota Vikings,21,94,3
2009,Rhett Bomar,BomaRh00,QB,SMU,74,225,4.7,5,151,New York Giants,0,0,0
2009,James Casey,CaseJa00,FB,Rice,75,246,4.69,5,152,Houston Texans,7,95,1
2009,Cornelius Ingram,IngrCo00,TE,Florida,76,245,4.68,5,153,Philadelphia Eagles,0,0,0
2009,Xavier Fulton,FultXa20,OT,Illinois,76,302,5.01,5,155,Tampa Bay Buccaneers,0,0,0
2009,Garrett Reynolds,ReynGa20,OT,North Carolina,80,309,5.32,5,156,Atlanta Falcons,18,68,2
2009,Macho Harris,HarrVi99,CB,Virginia Tech,71,198,4.46,5,157,Philadelphia Eagles,3,18,0
2009,Cody Glenn,GlenCo99,OLB,Nebraska,72,244,4.67,5,158,Washington Redskins,2,19,0
2009,Fenuki Tupou,TupoFe20,OT,Oregon,77,314,5.2,5,159,Philadelphia Eagles,0,0,0
2009,Brooks Foster,FostBr00,WR,North Carolina,72,211,4.44,5,160,St. Louis Rams,0,0,0
2009,Jamon Meredith,MereJa20,OT,South Carolina,77,304,4.99,5,162,Green Bay Packers,14,67,2
2009,Duke Robinson,RobiDu21,OG,Oklahoma,77,329,5.32,5,163,Carolina Panthers,0,0,0
2009,Thomas Morstead,MorsTh00,P,SMU,76,225,4.83,5,164,New Orleans Saints,29,272,3
2009,Chris Clemons,ClemCh97,S,Clemson,72,208,4.33,5,165,Miami Dolphins,20,80,3
2009,Michael Hamlin,HamlMi99,S,Clemson,74,214,4.57,5,166,Dallas Cowboys,0,12,0
2009,Herman Johnson,JohnHe23,OG,LSU,79,364,5.5,5,167,Arizona Cardinals,0,0,0
2009,Joe Burnett,BurnJo99,CB,Central Florida,69,192,4.58,5,168,Pittsburgh Steelers,1,15,0
2009,Nate Davis,DaviNa00,QB,Ball State,73,226,4.95,5,171,San Francisco 49ers,0,0,0
2009,David Buehler,BuehDa44,K,USC,74,227,4.57,5,172,Dallas Cowboys,2,36,0
2009,Javon Ringer,RingJa00,RB,Michigan State,69,205,4.5,5,173,Tennessee Titans,5,37,0
2009,Tom Brandstater,BranTo00,QB,Fresno State,77,220,4.87,6,174,Denver Broncos,0,1,0
2009,Quinten Lawrence,LawrQu00,WR,McNeese State,72,184,4.4,6,175,Kansas City Chiefs,0,6,0
2009,Don Carey,CareDo00,CB,Norfolk State,71,192,4.49,6,177,Cleveland Browns,12,100,1
2009,Morgan Trent,TrenMo99,CB,Michigan,73,193,4.5,6,179,Cincinnati Bengals,4,36,0
2009,Andrew Gardner,GardAn20,OT,Georgia Tech,79,304,4.96,6,181,Miami Dolphins,7,28,0
2009,Jarius Wynn,WynnJa99,DE,Georgia,75,275,4.94,6,182,Green Bay Packers,8,69,0
2009,Cary Harris,HarrCa99,CB,USC,71,187,4.66,6,183,Buffalo Bills,1,6,0
2009,Bear Pascoe,PascBe00,TE,Fresno State,77,251,4.89,6,184,San Francisco 49ers,3,85,2
2009,Cedric Peerman,PeerCe00,RB,Virginia,69,216,4.34,6,185,Baltimore Ravens,4,92,0
2009,Brandon Underwood,UndeBr99,S,Cincinnati,73,198,4.48,6,187,Green Bay Packers,2,23,0
2009,Kevin Ellison,ElliKe98,OLB,USC,73,227,4.75,6,189,San Diego Chargers,4,13,1
2009,Coye Francies,FranCo99,CB,San Jose State,72,185,4.63,6,191,Cleveland Browns,1,23,0
2009,Matt Slauson,SlauMa20,OG,Nebraska,77,316,5.26,6,193,New York Jets,43,116,6
2009,Brandon Gibson,GibsBr00,WR,Washington State,72,210,4.59,6,194,Philadelphia Eagles,17,76,3
2009,James Davis,DaviJa03,RB,Clemson,71,218,4.45,6,195,Cleveland Browns,1,9,0
2009,Stephen Hodge,HodgSt99,OLB,TCU,72,234,4.59,6,197,Dallas Cowboys,0,0,0
2009,Jake Ingram,IngrJa20,LS,Hawaii,75,232,4.9,6,198,New England Patriots,1,25,0
2009,DeAndre Wright,WrigDe99,CB,New Mexico,71,198,4.52,6,200,New York Giants,0,0,0
2009,Curtis Painter,PainCu00,QB,Purdue,75,225,4.87,6,201,Indianapolis Colts,2,14,1
2009,Will Davis,DaviWi99,DE,Illinois,74,261,4.84,6,204,Arizona Cardinals,3,21,0
2009,Dominique Edison,EdisDo00,WR,Stephen F. Austin,74,204,4.42,6,206,Tennessee Titans,0,5,0
2009,Myron Pryor,PryoMy99,DT,Kentucky,72,319,5.03,6,207,New England Patriots,3,24,0
2009,John Phillips,PhilJo00,TE,Virginia,77,251,4.78,6,208,Dallas Cowboys,2,120,1
2009,Bernard Scott,ScotBe00,RB,Abilene Christian,70,200,4.44,6,209,Cincinnati Bengals,9,49,0
2009,Vance Walker,WalkVa99,DT,Georgia Tech,74,304,5.32,7,210,Atlanta Falcons,21,104,1
2009,Chris Ogbonnaya,OgboCh00,RB,Texas,72,220,4.57,7,211,St. Louis Rams,7,53,1
2009,Javarris Williams,WillJa05,RB,Tennessee State,69,223,4.51,7,212,Kansas City Chiefs,0,4,0
2009,Paul Fanaika,FanaPa20,OG,Arizona State,77,327,5.48,7,213,Philadelphia Eagles,13,33,2
2009,Captain Munnerlyn,MunnCa99,CB,South Carolina,68,182,4.41,7,216,Carolina Panthers,35,154,4
2009,Curtis Taylor,TaylCu99,S,LSU,74,209,4.49,7,219,San Francisco 49ers,0,13,0
2009,Eddie Williams,WillEd00,FB,Idaho,73,239,4.79,7,221,Washington Redskins,0,6,0
2009,Troy Nolan,NolaTr99,S,Arizona State,72,206,4.58,7,223,Houston Texans,5,38,0
2009,A.Q. Shipley,ShipA.20,C,Penn State,73,304,5.19,7,226,Pittsburgh Steelers,33,110,4
2009,Mike Mickens,MickMi99,CB,Cincinnati,71,184,4.53,7,227,Dallas Cowboys,0,0,0
2009,Lydon Murtha,MurtLy20,OT,Nebraska,79,306,4.82,7,228,Detroit Lions,2,9,0
2009,Manuel Johnson,JohnMa04,WR,Oklahoma,71,189,4.5,7,229,Dallas Cowboys,0,2,0
2009,Moise Fokou,FokoMo99,OLB,Maryland,73,233,4.65,7,230,Philadelphia Eagles,18,73,2
2009,Jamarca Sanford,SanfJa99,S,Mississippi,70,214,4.43,7,231,Minnesota Vikings,15,95,3
2009,Sammie Stroughter,StroSa00,WR,Oregon State,69,189,4.45,7,233,Tampa Bay Buccaneers,5,33,0
2009,Darryl Richard,RichDa97,DT,Georgia Tech,74,303,5.08,7,234,New England Patriots,0,0,0
2009,Zack Follett,FollZa99,OLB,California,74,236,4.69,7,235,Detroit Lions,2,17,0
2009,Jaimie Thomas,ThomJa22,OG,Maryland,76,323,5.29,7,236,Indianapolis Colts,1,8,0
2009,David Johnson,JohnDa05,FB,Arkansas State,73,260,4.73,7,241,Pittsburgh Steelers,3,98,1
2009,Marko Mitchell,MitcMa00,WR,Nevada,76,218,4.43,7,243,Washington Redskins,0,10,0
2009,Ricky Jean-Francois,JeanRi99,DT,LSU,75,295,5.19,7,244,San Francisco 49ers,23,137,4
2009,Courtney Greene,GreeCo99,S,Rutgers,72,212,4.55,7,245,Seattle Seahawks,5,30,1
2009,Cameron Morrah,MorrCa00,TE,California,75,244,4.61,7,248,Seattle Seahawks,2,27,0
2009,Rashad Jennings,JennRa00,RB,Liberty,73,231,4.52,7,250,Jacksonville Jaguars,31,93,5
2009,Tiquan Underwood,UndeTi00,WR,Rutgers,73,184,4.31,7,253,Jacksonville Jaguars,9,45,1
2009,Trevor Canfield,CanfTr20,OG,Cincinnati,76,307,5.28,7,254,Arizona Cardinals,0,0,0
2009,Dan Gronkowski,GronDa00,TE,Maryland,77,255,4.79,7,255,Detroit Lions,1,21,0
2010,Sam Bradford,BradSa00,QB,Oklahoma,76,236,4.79,1,1,St. Louis Rams,44,83,5
2010,Ndamukong Suh,SuhxNd99,DT,Nebraska,76,307,5.03,1,2,Detroit Lions,100,199,12
2010,Gerald McCoy,McCoGe99,DT,Oklahoma,76,295,5.04,1,3,Tampa Bay Buccaneers,69,140,10
2010,Trent Williams,WillTr21,OT,Oklahoma,77,315,4.81,1,4,Washington Redskins,109,206,15
2010,Eric Berry,BerrEr99,S,Tennessee,72,211,4.4,1,5,Kansas City Chiefs,50,89,5
2010,Russell Okung,OkunRu20,OT,Oklahoma State,77,307,5.18,1,6,Seattle Seahawks,56,131,9
2010,Joe Haden,HadeJo99,CB,Florida,71,193,4.52,1,7,Cleveland Browns,62,158,10
2010,Rolando McClain,McClRo00,ILB,Alabama,75,254,4.68,1,8,Oakland Raiders,25,65,5
2010,C.J. Spiller,SpilC.00,RB,Clemson,71,196,4.37,1,9,Buffalo Bills,34,90,3
2010,Tyson Alualu,AluaTy99,DE,California,74,295,4.87,1,10,Jacksonville Jaguars,45,193,7
2010,Anthony Davis,DaviAn27,OT,Rutgers,77,323,5.36,1,11,San Francisco 49ers,31,72,4
2010,Ryan Mathews,MathRy00,RB,Fresno State,72,218,4.37,1,12,San Diego Chargers,44,86,5
2010,Brandon Graham,GrahBr99,OLB,Michigan,73,268,4.71,1,13,Philadelphia Eagles,59,215,6
2010,Earl Thomas,ThomEa99,CB,Texas,70,208,4.43,1,14,Seattle Seahawks,82,140,9
2010,Jason Pierre-Paul,PierJa99,DE,South Florida,77,270,4.71,1,15,New York Giants,74,185,11
2010,Derrick Morgan,MorgDe99,DE,Georgia Tech,75,266,4.77,1,16,Tennessee Titans,40,118,8
2010,Mike Iupati,IupaMi20,OG,Idaho,77,331,5.24,1,17,San Francisco 49ers,67,140,10
2010,Maurkice Pouncey,PounMa20,C,Florida,76,304,5.25,1,18,Pittsburgh Steelers,78,134,9
2010,Sean Weatherspoon,WeatSe99,OLB,Missouri,73,239,4.62,1,19,Atlanta Falcons,22,67,2
2010,Kareem Jackson,JackKa99,CB,Alabama,70,196,4.4,1,20,Houston Texans,52,205,12
2010,Jermaine Gresham,GresJe00,TE,Oklahoma,77,261,4.66,1,21,Cincinnati Bengals,28,132,9
2010,Demaryius Thomas,ThomDe03,WR,Georgia Tech,75,224,4.52,1,22,Denver Broncos,69,143,8
2010,Bryan Bulaga,BulaBr20,OT,Iowa,77,314,5.2,1,23,Green Bay Packers,56,126,9
2010,Dez Bryant,BryaDe01,WR,Oklahoma State,74,225,4.52,1,24,Dallas Cowboys,61,119,7
2010,Tim Tebow,TeboTi00,QB,Florida,75,236,4.71,1,25,Denver Broncos,12,35,1
2010,Dan Williams,WillDa99,DT,Tennessee,74,327,5.19,1,26,Arizona Cardinals,29,102,6
2010,Devin McCourty,McCoDe99,CB,Rutgers,71,193,4.38,1,27,New England Patriots,71,205,13
2010,Jared Odrick,OdriJa99,DT,Penn State,77,304,5.03,1,28,Miami Dolphins,29,87,3
2010,Kyle Wilson,WilsKy99,CB,Boise State,70,194,4.43,1,29,New York Jets,16,95,2
2010,Jahvid Best,BestJa00,RB,California,70,199,4.34,1,30,Detroit Lions,13,22,2
2010,Jerry Hughes,HughJe99,OLB,TCU,74,255,4.65,1,31,Indianapolis Colts,68,225,9
2010,Patrick Robinson,RobiPa99,CB,Florida State,71,190,4.46,1,32,New Orleans Saints,25,123,1
2010,Rodger Saffold,SaffRo20,OT,Indiana,77,316,5.21,2,33,St. Louis Rams,71,176,11
2010,Chris Cook,CookCh99,CB,Virginia,74,212,4.45,2,34,Minnesota Vikings,10,40,2
2010,Brian Price,PricBr99,DT,UCLA,73,303,5.12,2,35,Tampa Bay Buccaneers,4,20,1
2010,Dexter McCluster,McClDe00,WR,Mississippi,69,172,4.53,2,36,Kansas City Chiefs,21,89,1
2010,Nate Allen,AlleNa99,S,South Florida,72,207,4.5,2,37,Philadelphia Eagles,29,100,5
2010,T.J. Ward,WardT.99,S,Oregon,70,211,4.56,2,38,Cleveland Browns,41,107,7
2010,Arrelious Benn,BennAr00,WR,Illinois,73,219,4.57,2,39,Tampa Bay Buccaneers,8,61,2
2010,Koa Misi,MisiKo99,OLB,Utah,75,251,4.75,2,40,Miami Dolphins,30,84,6
2010,Torell Troup,TrouTo00,DT,Central Florida,75,314,5.12,2,41,Buffalo Bills,2,21,0
2010,Rob Gronkowski,GronRo00,TE,Arizona,78,264,4.68,2,42,New England Patriots,78,143,11
2010,Sergio Kindle,KindSe99,OLB,Texas,75,250,4.65,2,43,Baltimore Ravens,0,3,0
2010,Lamarr Houston,HousLa99,DT,Texas,75,305,4.84,2,44,Oakland Raiders,31,100,5
2010,Zane Beadles,BeadZa20,OG,Utah,76,310,5.28,2,45,Denver Broncos,53,137,7
2010,Linval Joseph,JoseLi99,DT,East Carolina,76,328,5.09,2,46,New York Giants,70,203,11
2010,Daryl Washington,WashDa99,OLB,TCU,74,230,4.58,2,47,Arizona Cardinals,34,59,4
2010,Jimmy Clausen,ClauJi00,QB,Notre Dame,75,222,4.76,2,48,Carolina Panthers,3,21,1
2010,Taylor Mays,MaysTa99,S,USC,75,230,4.31,2,49,San Francisco 49ers,9,80,0
2010,Javier Arenas,ArenJa99,CB,Alabama,69,197,4.6,2,50,Kansas City Chiefs,9,69,1
2010,Toby Gerhart,GerhTo00,RB,Stanford,72,231,4.5,2,51,Minnesota Vikings,16,82,0
2010,Jason Worilds,WoriJa99,OLB,Virginia Tech,73,254,4.65,2,52,Pittsburgh Steelers,22,73,2
2010,Jermaine Cunningham,CunnJe99,DE,Florida,75,266,4.89,2,53,New England Patriots,8,38,1
2010,Carlos Dunlap,DunlCa99,DE,Florida,78,277,4.68,2,54,Cincinnati Bengals,67,197,7
2010,Sean Lee,LeexSe99,ILB,Penn State,74,236,4.71,2,55,Dallas Cowboys,53,118,7
2010,Mike Neal,NealMi99,DT,Purdue,75,294,4.87,2,56,Green Bay Packers,17,68,2
2010,Terrence Cody,CodyTe99,DT,Alabama,76,354,5.71,2,57,Baltimore Ravens,14,57,1
2010,Ben Tate,TateBe00,RB,Auburn,71,220,4.34,2,58,Houston Texans,14,51,0
2010,Montario Hardesty,HardMo00,RB,Tennessee,72,225,4.49,2,59,Cleveland Browns,4,23,0
2010,Golden Tate,TateGo00,WR,Notre Dame,70,199,4.42,2,60,Seattle Seahawks,58,160,7
2010,Vladimir Ducasse,DucaVl20,OT,Massachusetts,76,332,5.21,2,61,New York Jets,21,111,4
2010,Brandon Spikes,SpikBr99,ILB,Florida,75,249,5.05,2,62,New England Patriots,25,78,5
2010,Pat Angerer,AngePa99,ILB,Iowa,72,235,4.71,2,63,Indianapolis Colts,18,54,3
2010,Charles Brown,BrowCh28,OT,USC,77,303,5.21,2,64,New Orleans Saints,15,54,1
2010,Jerome Murphy,MurpJe99,CB,South Florida,72,196,4.5,3,65,St. Louis Rams,3,33,0
2010,Amari Spievey,SpieAm99,CB,Iowa,71,195,4.52,3,66,Detroit Lions,11,35,2
2010,Myron Lewis,LewiMy99,S,Vanderbilt,74,203,4.42,3,67,Tampa Bay Buccaneers,1,28,0
2010,Jon Asamoah,AsamJo20,OG,Illinois,76,305,5.07,3,68,Kansas City Chiefs,21,75,4
2010,Jared Veldheer,VeldJa20,OT,Hillsdale,80,312,5.06,3,69,Oakland Raiders,45,121,8
2010,Ed Dickson,DickEd00,TE,Oregon,76,249,4.59,3,70,Baltimore Ravens,16,134,7
2010,Morgan Burnett,BurnMo99,S,Georgia Tech,73,209,4.51,3,71,Green Bay Packers,32,121,8
2010,Alex Carrington,CarrAl99,DE,Arkansas State,77,285,4.92,3,72,Buffalo Bills,7,59,1
2010,John Jerry,JerrJo20,OT,Mississippi,77,328,5.15,3,73,Miami Dolphins,40,132,6
2010,D'Anthony Smith,SmitDA99,DT,Louisiana Tech,74,304,5.01,3,74,Jacksonville Jaguars,1,12,0
2010,Major Wright,WrigMa99,S,Florida,71,206,4.44,3,75,Chicago Bears,20,77,3
2010,Damian Williams,WillDa04,WR,USC,73,197,4.52,3,77,Tennessee Titans,10,57,1
2010,Brandon LaFell,LaFeBr00,WR,LSU,74,211,4.58,3,78,Carolina Panthers,43,125,5
2010,Donald Butler,ButlDo99,ILB,Washington,73,245,4.61,3,79,San Diego Chargers,29,85,5
2010,J.D. Walton,WaltJ.20,C,Baylor,75,300,5.19,3,80,Denver Broncos,22,56,3
2010,Earl Mitchell,MitcEa99,DT,Arizona,74,296,4.75,3,81,Houston Texans,29,130,4
2010,Emmanuel Sanders,SandEm00,WR,SMU,71,186,4.4,3,82,Pittsburgh Steelers,63,172,9
2010,Corey Peters,PeteCo00,DT,Kentucky,75,300,4.98,3,83,Atlanta Falcons,49,164,9
2010,Jordan Shipley,ShipJo00,WR,Texas,71,193,4.6,3,84,Cincinnati Bengals,7,24,0
2010,Colt McCoy,McCoCo00,QB,Texas,73,216,4.79,3,85,Cleveland Browns,17,56,2
2010,Daniel Te'o-Nesheim,Teo-Da99,DE,Washington,75,263,4.73,3,86,Philadelphia Eagles,12,39,2
2010,Eric Decker,DeckEr00,WR,Minnesota,75,217,4.54,3,87,Denver Broncos,45,111,5
2010,Andre Roberts,RobeAn00,WR,Citadel,71,195,4.4,3,88,Arizona Cardinals,24,182,2
2010,Armanti Edwards,EdwaAr00,WR,Appalachian State,71,187,4.41,3,89,Carolina Panthers,1,41,0
2010,Taylor Price,PricTa00,WR,Ohio,72,204,4.4,3,90,New England Patriots,1,6,0
2010,Navorro Bowman,BowmNa99,OLB,Penn State,72,242,4.7,3,91,San Francisco 49ers,71,99,5
2010,Shawn Lauvao,LauvSh20,OG,Arizona State,75,315,5.22,3,92,Cleveland Browns,36,99,7
2010,Tony Moeaki,MoeaTo00,TE,Iowa,75,245,4.69,3,93,Kansas City Chiefs,10,49,2
2010,Kevin Thomas,ThomKe99,CB,USC,72,192,4.41,3,94,Indianapolis Colts,2,9,0
2010,Jimmy Graham,GrahJi00,TE,Miami (FL),78,260,4.53,3,95,New Orleans Saints,61,197,10
2010,Brandon Ghee,GheeBr99,CB,Wake Forest,72,192,4.37,3,96,Cincinnati Bengals,2,29,0
2010,Rennie Curran,CurrRe99,OLB,Georgia,71,235,4.75,3,97,Tennessee Titans,1,9,0
2010,Mike Johnson,JohnMi23,OG,Alabama,77,312,5.37,3,98,Atlanta Falcons,2,18,0
2010,Mardy Gilyard,GilyMa00,WR,Cincinnati,72,187,4.61,4,99,St. Louis Rams,1,19,0
2010,Everson Griffen,GrifEv99,DE,USC,75,273,4.65,4,100,Minnesota Vikings,67,170,6
2010,Mike Williams,WillMi04,WR,Syracuse,73,221,4.53,4,101,Tampa Bay Buccaneers,25,63,3
2010,Darryl Sharpton,SharDa01,ILB,Miami (FL),71,236,4.81,4,102,Houston Texans,10,47,1
2010,Perry Riley,RilePe00,OLB,LSU,73,239,4.69,4,103,Washington Redskins,30,90,6
2010,Alterraun Verner,VernAl99,CB,UCLA,70,189,4.52,4,104,Tennessee Titans,33,125,4
2010,Trevard Lindley,LindTr99,CB,Kentucky,71,183,4.51,4,105,Philadelphia Eagles,1,11,0
2010,Bruce Campbell,CampBr20,OT,Maryland,78,314,4.75,4,106,Oakland Raiders,1,19,0
2010,Marcus Easley,EaslMa00,WR,Connecticut,75,210,4.39,4,107,Buffalo Bills,1,42,0
2010,Jacoby Ford,FordJa01,WR,Clemson,69,186,4.28,4,108,Oakland Raiders,12,38,1
2010,Corey Wootton,WootCo99,DE,Northwestern,78,270,4.92,4,109,Chicago Bears,14,60,1
2010,Darrell Stuckey,StucDa20,S,Kansas,71,205,4.46,4,110,San Diego Chargers,8,89,0
2010,Walter Thurmond,ThurWa99,CB,Oregon,71,189,4.53,4,111,Seattle Seahawks,12,52,1
2010,Joe McKnight,McKnJo00,RB,USC,71,198,4.4,4,112,New York Jets,7,41,0
2010,Aaron Hernandez,HernAa00,TE,Florida,74,245,4.64,4,113,New England Patriots,21,38,2
2010,Dennis Pitta,PittDe00,TE,BYU,76,245,4.68,4,114,Baltimore Ravens,16,66,1
2010,Phillip Dillard,DillPh99,ILB,Nebraska,72,245,4.65,4,115,New York Giants,0,7,0
2010,Thaddeus Gibson,GibsTh99,OLB,Ohio State,74,243,4.78,4,116,Pittsburgh Steelers,0,4,0
2010,Joe Hawley,HawlJo20,C,UNLV,75,297,5.21,4,117,Atlanta Falcons,27,91,3
2010,Garrett Graham,GrahGa00,TE,Wisconsin,75,243,4.71,4,118,Houston Texans,7,60,2
2010,A.J. Edds,EddsA.99,OLB,Iowa,76,246,4.62,4,119,Miami Dolphins,1,17,0
2010,Geno Atkins,AtkiGe99,DT,Georgia,73,293,4.75,4,120,Cincinnati Bengals,89,161,9
2010,Keenan Clayton,ClayKe99,OLB,Oklahoma,73,229,4.59,4,121,Philadelphia Eagles,3,36,0
2010,Mike Kafka,KafkMi00,QB,Northwestern,75,225,4.93,4,122,Philadelphia Eagles,0,4,0
2010,Al Woods,WoodAl99,DT,LSU,76,309,5.15,4,123,New Orleans Saints,34,161,6
2010,Eric Norwood,NorwEr99,OLB,South Carolina,73,245,4.71,4,124,Carolina Panthers,2,28,0
2010,Clay Harbor,HarbCl00,FB,Missouri State,75,252,4.62,4,125,Philadelphia Eagles,7,98,2
2010,Akwasi Owusu-Ansah,OwusAk99,CB,Indiana (PA),72,207,4.32,4,126,Dallas Cowboys,1,15,0
2010,E.J. Wilson,WilsE.99,DE,North Carolina,74,286,4.97,4,127,Seattle Seahawks,0,2,0
2010,Jason Fox,FoxxJa20,OT,Miami (FL),79,303,5.45,4,128,Detroit Lions,9,37,1
2010,O'Brien Schofield,SchoOB99,OLB,Wisconsin,74,221,4.63,4,130,Arizona Cardinals,15,84,2
2010,Roddrick Muckelroy,MuckRo99,OLB,Texas,74,246,4.68,4,131,Cincinnati Bengals,1,19,0
2010,Michael Hoomanawanui,HoomMi00,TE,Illinois,76,264,4.77,5,132,St. Louis Rams,5,87,3
2010,Kam Chancellor,ChanKa99,S,Virginia Tech,75,231,4.62,5,133,Seattle Seahawks,49,109,7
2010,Ricky Sapp,SappRi99,OLB,Clemson,76,252,4.65,5,134,Philadelphia Eagles,1,17,0
2010,Dominique Franks,FranDo99,CB,Oklahoma,71,194,4.46,5,135,Atlanta Falcons,6,52,0
2010,Kendrick Lewis,LewiKe00,S,Mississippi,72,198,4.73,5,136,Kansas City Chiefs,30,103,6
2010,Perrish Cox,CoxxPe99,CB,Oklahoma State,71,195,4.58,5,137,Denver Broncos,19,81,4
2010,John Conner,ConnJo00,FB,Kentucky,71,246,4.64,5,139,New York Jets,0,62,1
2010,Ed Wang,WangEd20,OT,Virginia Tech,77,314,5.18,5,140,Buffalo Bills,0,6,0
2010,Joshua Moore,MoorJo99,CB,Kansas State,71,188,4.5,5,141,Chicago Bears,0,3,0
2010,Cameron Sheffield,ShefCa99,OLB,Troy,74,257,4.92,5,142,Kansas City Chiefs,1,17,0
2010,Sherrick McManis,McMaSh99,CB,Northwestern,71,195,4.48,5,144,Houston Texans,9,142,0
2010,Nolan Carroll,CarrNo00,CB,Maryland,71,204,4.42,5,145,Miami Dolphins,20,103,4
2010,Cam Thomas,ThomCa99,DT,North Carolina,76,330,5.16,5,146,San Diego Chargers,16,103,2
2010,Mitch Petrus,PetrMi20,OG,Arkansas,75,310,5.34,5,147,New York Giants,4,27,0
2010,Hall Davis,DaviHa21,DE,Louisiana-Lafayette,76,271,4.84,5,149,St. Louis Rams,0,3,0
2010,Zoltan Mesko,MeskZo99,P,Michigan,76,240,4.79,5,150,New England Patriots,6,55,0
2010,Chris Scott,ScotCh23,OG,Tennessee,77,319,5.52,5,151,Pittsburgh Steelers,9,45,0
2010,Andrew Quarless,QuarAn00,TE,Penn State,76,254,4.68,5,154,Green Bay Packers,9,60,2
2010,John Skelton,SkelJo00,QB,Fordham,77,243,4.85,5,155,Arizona Cardinals,4,20,1
2010,David Reed,ReedDa00,WR,Utah,72,191,4.56,5,156,Baltimore Ravens,2,36,0
2010,Arthur Jones,JoneAr22,DT,Syracuse,75,301,5.04,5,157,Baltimore Ravens,18,64,2
2010,Matt Tennant,TennMa20,C,Boston Col.,77,300,5.15,5,158,New Orleans Saints,3,36,0
2010,Riley Cooper,CoopRi00,WR,Florida,75,222,4.53,5,159,Philadelphia Eagles,17,88,3
2010,Larry Asante,AsanLa99,S,Nebraska,72,212,4.62,5,160,Cleveland Browns,2,39,0
2010,Chris DeGeare,DeGeCh20,OG,Wake Forest,76,325,5.12,5,161,Minnesota Vikings,2,8,0
2010,Chris Carter,CartCh00,WR,California-Davis,71,191,4.49,5,162,Pittsburgh Steelers,6,75,0
2010,Brody Eldridge,EldrBr00,TE,Oklahoma,77,261,4.72,5,162,Indianapolis Colts,0,27,2
2010,Reshad Jones,JoneRe99,S,Georgia,73,214,4.51,5,163,Miami Dolphins,44,128,8
2010,Crezdon Butler,ButlCr99,CB,Clemson,72,191,4.43,5,164,Pittsburgh Steelers,2,46,0
2010,Kerry Meier,MeieKe00,WR,Kansas,74,224,4.62,5,165,Atlanta Falcons,0,12,0
2010,Stevenson Sylvester,SylvSt99,OLB,Utah,74,231,4.71,5,166,Pittsburgh Steelers,6,50,0
2010,Nate Triplett,TripNa99,OLB,Minnesota,75,250,4.7,5,167,Minnesota Vikings,0,8,0
2010,Marshall Newhouse,NewhMa20,OG,TCU,76,319,4.99,5,169,Green Bay Packers,40,133,4
2010,Anthony Dixon,DixoAn00,RB,Mississippi State,73,233,4.67,6,173,San Francisco 49ers,7,96,0
2010,Greg Hardy,HardGr99,DE,Mississippi,76,281,4.82,6,175,Carolina Panthers,33,75,4
2010,Carlton Mitchell,MitcCa00,WR,South Florida,75,215,4.46,6,177,Cleveland Browns,0,16,0
2010,Arthur Moats,MoatAr00,OLB,James Madison,72,246,4.64,6,178,Buffalo Bills,22,121,3
2010,Sam Young,YounSa21,OT,Notre Dame,80,316,5.2,6,179,Dallas Cowboys,16,103,1
2010,Dan LeFevour,LeFeDa00,QB,Central Michigan,75,230,4.6,6,181,Chicago Bears,0,0,0
2010,Nate Byham,ByhaNa00,TE,Pittsburgh,76,268,4.97,6,182,San Francisco 49ers,0,29,0
2010,Eric Olsen,OlseEr20,C,Notre Dame,76,306,5.25,6,183,Denver Broncos,3,23,0
2010,Adrian Tracy,TracAd99,OLB,William & Mary,75,248,4.76,6,184,New York Giants,1,16,0
2010,Anthony McCoy,McCoAn00,TE,USC,76,259,4.71,6,185,Seattle Seahawks,4,41,1
2010,Clifton Geathers,GeatCl99,DE,South Carolina,79,299,4.98,6,186,Cleveland Browns,3,37,0
2010,Shelley Smith,SmitSh22,OG,Colorado State,75,300,5.03,6,187,Houston Texans,7,36,0
2010,Jonathan Dwyer,DwyeJo00,RB,Georgia Tech,71,229,4.64,6,188,Pittsburgh Steelers,8,38,1
2010,Travis Goethel,GoetTr99,ILB,Arizona State,74,240,4.81,6,190,Oakland Raiders,1,16,0
2010,Dezmon Briscoe,BrisDe00,WR,Kansas,74,207,4.66,6,191,Cincinnati Bengals,4,25,0
2010,James Starks,StarJa00,RB,Buffalo,74,218,4.5,6,193,Green Bay Packers,26,76,0
2010,Antonio Brown,BrowAn04,WR,Central Michigan,70,186,4.56,6,195,Pittsburgh Steelers,92,146,7
2010,Jamar Wall,WallJa99,CB,Texas Tech,70,204,4.52,6,196,Dallas Cowboys,0,2,0
2010,Trindon Holliday,HollTr00,WR,LSU,65,166,4.34,6,197,Houston Texans,4,33,0
2010,David Gettis,GettDa00,WR,Baylor,75,217,4.43,6,198,Carolina Panthers,3,17,1
2010,Tony Pike,PikeTo00,QB,Cincinnati,78,223,4.9,6,204,Carolina Panthers,0,1,0
2010,Ted Larsen,LarsTe20,C,North Carolina State,75,304,5.19,6,205,New England Patriots,36,137,5
2010,Kyle Williams,WillKy01,WR,Arizona State,70,188,4.4,6,206,San Francisco 49ers,6,39,0
2010,Thomas Welch,WelcTh20,OT,Vanderbilt,78,307,5.42,7,208,New England Patriots,2,27,0
2010,Levi Brown,BrowLe00,QB,Troy,75,229,4.93,7,209,Buffalo Bills,0,1,0
2010,Cody Grimm,GrimCo99,S,Virginia Tech,71,203,4.55,7,210,Tampa Bay Buccaneers,5,23,1
2010,Willie Young,YounWi99,DE,North Carolina State,77,251,4.88,7,213,Detroit Lions,22,98,2
2010,Dekoda Watson,WatsDe99,OLB,Florida State,73,240,4.55,7,217,Tampa Bay Buccaneers,11,108,0
2010,Jamar Chaney,ChanJa98,ILB,Mississippi State,73,242,4.54,7,220,Philadelphia Eagles,13,54,1
2010,Syd'Quan Thompson,ThomSy99,CB,California,69,186,4.75,7,225,Denver Broncos,1,13,0
2010,George Selvie,SelvGe99,DE,South Florida,76,252,4.93,7,226,St. Louis Rams,17,80,2
2010,Dorin Dickerson,DickDo00,TE,Pittsburgh,73,226,4.4,7,227,Houston Texans,1,23,0
2010,Erik Cook,CookEr00,C,New Mexico,78,318,5.55,7,229,Washington Redskins,1,6,0
2010,C.J. Wilson,WilsC.98,DE,East Carolina,75,290,4.83,7,230,Green Bay Packers,13,84,2
2010,Selvish Capers,CapeSe20,OT,West Virginia,77,308,5.11,7,231,Washington Redskins,0,3,0
2010,Jammie Kirlew,KirlJa99,DE,Indiana,73,260,5.05,7,232,Denver Broncos,0,1,0
2010,Jim Dray,DrayJi00,TE,Stanford,77,246,4.82,7,233,Arizona Cardinals,3,94,2
2010,Dedrick Epps,EppsDe00,TE,Miami (FL),75,250,4.7,7,235,San Diego Chargers,0,6,0
2010,Dexter Davis,DaviDe99,OLB,Arizona State,73,244,4.62,7,236,Seattle Seahawks,1,16,0
2010,Sean Canfield,CanfSe00,QB,Oregon State,76,223,4.93,7,239,New Orleans Saints,0,0,0
2010,Kavell Conner,ConnKa99,OLB,Clemson,72,242,4.59,7,240,Indianapolis Colts,20,78,3
2010,Doug Worthington,WortDo99,DT,Ohio State,77,292,5.02,7,242,Pittsburgh Steelers,0,8,0
2010,Jeff Owens,OwenJe20,DT,Georgia,73,304,4.97,7,243,Philadelphia Eagles,0,1,0
2010,Kurt Coleman,ColeKu99,S,Ohio State,70,192,4.55,7,244,Philadelphia Eagles,33,146,6
2010,Brandon Deaderick,DeadBr99,DT,Alabama,76,314,5.08,7,247,New England Patriots,9,60,0
2010,Zac Robinson,RobiZa00,QB,Oklahoma State,74,214,4.68,7,250,New England Patriots,0,0,0
2010,Erik Lorig,LoriEr99,DE,Stanford,75,281,4.86,7,253,Tampa Bay Buccaneers,2,66,1
2010,Josh Hull,HullJo99,ILB,Penn State,75,237,4.93,7,254,St. Louis Rams,3,39,0
2011,Cam Newton,NewtCa00,QB,Auburn,77,248,4.56,1,1,Carolina Panthers,115,148,9
2011,Von Miller,MillVo00,OLB,Texas A&M,75,246,4.42,1,2,Denver Broncos,105,205,10
2011,Marcell Dareus,DareMa00,DT,Alabama,75,319,4.93,1,3,Buffalo Bills,56,121,7
2011,A.J. Green,GreeA.00,WR,Georgia,76,211,4.48,1,4,Cincinnati Bengals,77,158,10
2011,Patrick Peterson,PetePa00,CB,LSU,72,219,4.31,1,5,Arizona Cardinals,103,201,13
2011,Julio Jones,JoneJu02,WR,Alabama,75,220,4.34,1,6,Atlanta Falcons,101,166,9
2011,Aldon Smith,SmitAl04,DE,Missouri,76,263,4.74,1,7,San Francisco 49ers,34,75,4
2011,Jake Locker,LockJa00,QB,Washington,74,231,4.51,1,8,Tennessee Titans,15,30,1
2011,Tyron Smith,SmitTy00,OT,USC,77,307,4.93,1,9,Dallas Cowboys,91,171,12
2011,Blaine Gabbert,GabbBl00,QB,Missouri,76,234,4.61,1,10,Jacksonville Jaguars,17,69,2
2011,J.J. Watt,WattJ.00,DE,Wisconsin,77,290,4.81,1,11,Houston Texans,110,151,10
2011,Christian Ponder,PondCh00,QB,Florida State,74,229,4.63,1,12,Minnesota Vikings,22,38,3
2011,Nick Fairley,FairNi00,DT,Auburn,76,291,4.84,1,13,Detroit Lions,23,77,4
2011,Robert Quinn,QuinRo00,DE,North Carolina,76,265,4.62,1,14,St. Louis Rams,69,169,9
2011,Mike Pouncey,PounMi00,OG,Florida,77,303,5.12,1,15,Miami Dolphins,52,114,7
2011,Ryan Kerrigan,KerrRy00,DE,Purdue,76,267,4.67,1,16,Washington Redskins,63,172,9
2011,Nate Solder,SoldNa00,OT,Colorado,80,319,4.96,1,17,New England Patriots,64,146,9
2011,Corey Liuget,LiugCo00,DT,Illinois,74,298,4.97,1,18,San Diego Chargers,42,124,7
2011,Prince Amukamara,AmukPr00,CB,Nebraska,72,206,4.38,1,19,New York Giants,36,113,8
2011,Adrian Clayborn,ClayAd00,DE,Iowa,75,281,4.78,1,20,Tampa Bay Buccaneers,26,125,2
2011,Phil Taylor,TaylPh00,DT,Baylor,75,334,5.09,1,21,Cleveland Browns,19,44,2
2011,Anthony Castonzo,CastAn00,OT,Boston Col.,79,311,5.21,1,22,Indianapolis Colts,58,144,10
2011,Danny Watkins,WatkDa00,OG,Baylor,75,310,5.36,1,23,Philadelphia Eagles,9,24,1
2011,Cameron Jordan,JordCa00,DE,California,76,287,4.74,1,24,New Orleans Saints,109,244,15
2011,James Carpenter,CarpJa00,OT,Alabama,76,321,5.22,1,25,Seattle Seahawks,49,132,10
2011,Jon Baldwin,BaldJo00,WR,Pittsburgh,76,228,4.49,1,26,Kansas City Chiefs,4,33,1
2011,Jimmy Smith,SmitJi03,CB,Colorado,74,211,4.42,1,27,Baltimore Ravens,33,128,5
2011,Mark Ingram,IngrMa01,RB,Alabama,69,215,4.62,1,28,New Orleans Saints,66,156,5
2011,Gabe Carimi,CariGa00,OT,Wisconsin,79,314,5.18,1,29,Chicago Bears,12,48,1
2011,Muhammad Wilkerson,WilkMu00,DT,Temple,76,315,4.96,1,30,New York Jets,58,108,7
2011,Cameron Heyward,HeywCa01,DE,Ohio State,77,294,4.95,1,31,Pittsburgh Steelers,115,230,13
2011,Derek Sherrod,SherDe00,OT,Mississippi State,77,321,5.18,1,32,Green Bay Packers,3,20,0
2011,Ras-I Dowling,DowlRa00,CB,Virginia,73,198,4.4,2,33,New England Patriots,1,12,0
2011,Aaron Williams,WillAa00,CB,Texas,72,204,4.55,2,34,Buffalo Bills,17,59,4
2011,Andy Dalton,DaltAn00,QB,TCU,74,215,4.83,2,35,Cincinnati Bengals,92,179,11
2011,Colin Kaepernick,KaepCo00,QB,Nevada,77,233,4.53,2,36,San Francisco 49ers,45,69,4
2011,Jabaal Sheard,SheaJa00,DE,Pittsburgh,75,264,4.68,2,37,Cleveland Browns,47,145,7
2011,Ryan Williams,WillRy00,RB,Virginia Tech,69,212,4.59,2,38,Arizona Cardinals,1,5,0
2011,Akeem Ayers,AyerAk00,OLB,UCLA,74,254,4.81,2,39,Tennessee Titans,28,97,4
2011,Bruce Carter,CartBr00,OLB,North Carolina,73,241,4.57,2,40,Dallas Cowboys,20,101,3
2011,Jarvis Jenkins,JenkJa01,DT,Clemson,76,310,5.03,2,41,Washington Redskins,23,98,3
2011,Brooks Reed,ReedBr00,OLB,Arizona,74,263,4.65,2,42,Houston Texans,37,131,6
2011,Kyle Rudolph,RudoKy00,TE,Notre Dame,78,259,4.83,2,43,Minnesota Vikings,36,165,10
2011,Titus Young,YounTi00,WR,Boise State,71,174,4.43,2,44,Detroit Lions,8,26,2
2011,Rahim Moore,MoorRa00,S,UCLA,72,202,4.58,2,45,Denver Broncos,20,64,3
2011,Orlando Franklin,FranOr00,OT,Miami (FL),77,316,5.11,2,46,Denver Broncos,42,90,6
2011,Lance Kendricks,KendLa00,TE,Wisconsin,75,243,4.65,2,47,St. Louis Rams,16,137,6
2011,Stefen Wisniewski,WisnSt01,C,Penn State,75,313,5.29,2,48,Oakland Raiders,41,139,6
2011,Ben Ijalana,IjalBe00,OG,Villanova,76,317,5.2,2,49,Indianapolis Colts,6,34,1
2011,Marcus Gilchrist,GilcMa00,CB,Clemson,70,195,4.45,2,50,San Diego Chargers,33,128,6
2011,Da'Quan Bowers,BoweDa00,DE,Clemson,75,280,4.92,2,51,Tampa Bay Buccaneers,7,53,0
2011,Marvin Austin,AustMa00,DT,North Carolina,74,309,4.84,2,52,New York Giants,2,26,0
2011,Stephen Paea,PaeaSt00,DT,Oregon State,73,303,4.98,2,53,Chicago Bears,19,83,3
2011,Jaiquawn Jarrett,JarrJa00,S,Temple,72,198,4.62,2,54,Philadelphia Eagles,5,47,0
2011,Rodney Hudson,HudsRo00,C,Florida State,74,299,5.27,2,55,Kansas City Chiefs,61,159,9
2011,Shane Vereen,VereSh00,RB,California,70,210,4.49,2,56,New England Patriots,25,79,1
2011,Mikel Leshoure,LeshMi00,RB,Illinois,72,227,4.56,2,57,Detroit Lions,5,17,1
2011,Torrey Smith,SmitTo02,WR,Maryland,73,204,4.41,2,58,Baltimore Ravens,37,119,7
2011,Greg Little,LittGr00,WR,North Carolina,74,231,4.51,2,59,Cleveland Browns,12,54,3
2011,Brandon Harris,HarrBr00,CB,Miami (FL),69,191,4.46,2,60,Houston Texans,3,42,0
2011,Jonas Mouton,MoutJo00,OLB,Michigan,73,239,4.84,2,61,San Diego Chargers,0,3,0
2011,Daniel Thomas,ThomDa03,RB,Kansas State,72,230,4.62,2,62,Miami Dolphins,11,52,0
2011,Marcus Gilbert,GilbMa00,OT,Florida,78,330,5.41,2,63,Pittsburgh Steelers,36,88,5
2011,Randall Cobb,CobbRa00,WR,Kentucky,70,191,4.46,2,64,Green Bay Packers,64,166,5
2011,Terrell McClain,McClTe00,DT,South Florida,74,297,4.98,3,65,Carolina Panthers,17,92,2
2011,Dontay Moch,MochDo00,OLB,Nevada,73,248,4.4,3,66,Cincinnati Bengals,0,8,0
2011,Nate Irving,IrviNa00,ILB,North Carolina State,73,240,4.74,3,67,Denver Broncos,9,62,1
2011,Kelvin Sheppard,ShepKe00,ILB,LSU,74,250,4.7,3,68,Buffalo Bills,25,107,4
2011,Rob Housler,HousRo01,TE,Florida Atlantic,77,248,4.46,3,69,Arizona Cardinals,9,65,3
2011,Justin Houston,HousJu00,OLB,Georgia,75,270,4.62,3,70,Kansas City Chiefs,74,170,10
2011,DeMarco Murray,MurrDe00,RB,Oklahoma,72,213,4.37,3,71,Dallas Cowboys,60,99,7
2011,Martez Wilson,WilsMa01,ILB,Illinois,76,250,4.42,3,72,New Orleans Saints,2,38,0
2011,Stevan Ridley,RidlSt00,RB,LSU,71,225,4.65,3,73,New England Patriots,25,73,1
2011,Ryan Mallett,MallRy00,QB,Arkansas,79,253,5.37,3,74,New England Patriots,4,21,0
2011,John Moffitt,MoffJo00,OG,Wisconsin,76,319,5.51,3,75,Seattle Seahawks,6,19,1
2011,Will Rackley,RackWi01,OG,Lehigh,75,309,5.39,3,76,Jacksonville Jaguars,8,26,2
2011,Jurrell Casey,CaseJu00,DT,USC,73,300,5.04,3,77,Tennessee Titans,72,142,9
2011,Austin Pettis,PettAu00,WR,Boise State,75,209,4.56,3,78,St. Louis Rams,8,47,0
2011,Leonard Hankerson,HankLe00,WR,Miami (FL),73,209,4.4,3,79,Washington Redskins,12,41,1
2011,Chris Culliver,CullCh00,CB,South Carolina,72,199,4.36,3,80,San Francisco 49ers,12,52,1
2011,Demarcus Van Dyke,VanDDe00,CB,Miami (FL),73,176,4.28,3,81,Oakland Raiders,3,25,0
2011,Vincent Brown,BrowVi00,WR,San Diego State,71,187,4.68,3,82,San Diego Chargers,9,38,1
2011,Jerrel Jernigan,JernJe00,WR,Troy,69,185,4.46,3,83,New York Giants,2,34,0
2011,Mason Foster,FostMa00,OLB,Washington,73,245,4.75,3,84,Tampa Bay Buccaneers,40,107,6
2011,Jah Reid,ReidJa00,OT,Central Florida,79,327,5.32,3,85,Baltimore Ravens,10,61,2
2011,Allen Bailey,BailAl00,DE,Miami (FL),75,285,4.71,3,86,Kansas City Chiefs,34,133,3
2011,Drake Nevis,NeviDr00,DT,LSU,73,294,5.06,3,87,Indianapolis Colts,4,26,0
2011,Johnny Patrick,PatrJo00,CB,Louisville,71,191,4.59,3,88,New Orleans Saints,4,37,0
2011,Shareece Wright,WrigSh00,CB,USC,71,185,4.41,3,89,San Diego Chargers,21,91,2
2011,Curtis Marsh,MarsCu01,CB,Utah State,72,197,4.42,3,90,Philadelphia Eagles,1,26,0
2011,Akeem Dent,DentAk00,ILB,Georgia,73,242,4.73,3,91,Atlanta Falcons,17,90,2
2011,Joe Barksdale,BarkJo00,OT,LSU,77,325,5.31,3,92,Oakland Raiders,35,106,5
2011,Chris Conte,ContCh00,S,California,74,197,4.52,3,93,Chicago Bears,28,104,7
2011,Kenrick Ellis,ElliKe01,DT,Kansas State,77,346,5.19,3,94,New York Jets,10,56,0
2011,Curtis Brown,BrowCu01,CB,Texas,72,185,4.51,3,95,Pittsburgh Steelers,2,34,0
2011,Alex Green,GreeAl00,RB,Hawaii,72,225,4.45,3,96,Green Bay Packers,5,29,0
2011,Sione Fua,FuaxSi00,DT,Stanford,73,308,5.28,3,97,Carolina Panthers,5,40,1
2011,Brandon Hogan,HogaBr00,CB,West Virginia,70,192,4.43,4,98,Carolina Panthers,0,3,0
2011,K.J. Wright,WrigK.00,OLB,Mississippi State,75,246,4.71,4,99,Seattle Seahawks,64,161,10
2011,Da'Norris Searcy,SearDa00,S,North Carolina,71,223,4.55,4,100,Buffalo Bills,24,109,3
2011,Clint Boling,BoliCl00,OG,Georgia,77,308,5.28,4,101,Cincinnati Bengals,46,111,7
2011,Jordan Cameron,CameJo00,TE,USC,77,254,4.53,4,102,Cleveland Browns,13,66,4
2011,Sam Acho,AchoSa00,OLB,Texas,74,262,4.67,4,103,Arizona Cardinals,30,110,4
2011,Luke Stocker,StocLu00,TE,Tennessee,77,258,4.68,4,104,Tampa Bay Buccaneers,5,142,7
2011,Roy Helu,HeluRo00,RB,Nebraska,71,219,4.4,4,105,Washington Redskins,13,57,1
2011,Christian Ballard,BallCh00,DE,Iowa,76,283,4.75,4,106,Minnesota Vikings,3,32,0
2011,Quinton Carter,CartQu01,S,Oklahoma,73,208,4.57,4,108,Denver Broncos,5,30,1
2011,Colin McCarthy,McCaCo00,ILB,Miami (FL),73,238,4.59,4,109,Tennessee Titans,11,36,1
2011,David Arkin,ArkiDa00,OG,Missouri State,77,300,5.31,4,110,Dallas Cowboys,0,3,0
2011,Clyde Gates,GateCl00,WR,Abilene Christian,72,192,4.31,4,111,Miami Dolphins,3,32,0
2011,Greg Salas,SalaGr00,WR,Hawaii,73,210,4.53,4,112,St. Louis Rams,4,29,0
2011,Chimdi Chekwa,ChekCh00,CB,Ohio State,72,191,4.38,4,113,Oakland Raiders,2,35,0
2011,Cecil Shorts,ShorCe00,WR,Mount Union,72,205,4.5,4,114,Jacksonville Jaguars,19,70,4
2011,Kendall Hunter,HuntKe00,RB,Oklahoma State,67,199,4.46,4,115,San Francisco 49ers,12,45,0
2011,Casey Matthews,MattCa00,ILB,Oregon,73,231,4.78,4,116,Philadelphia Eagles,10,64,1
2011,James Brewer,BrewJa00,OT,Indiana,78,323,5.21,4,117,New York Giants,4,26,0
2011,Jalil Brown,BrowJa00,CB,Colorado,73,204,4.52,4,118,Kansas City Chiefs,4,47,0
2011,Delone Carter,CartDe01,RB,Syracuse,69,222,4.54,4,119,Indianapolis Colts,3,27,0
2011,Alex Henery,HeneAl00,K,Nebraska,73,177,4.87,4,120,Philadelphia Eagles,8,50,0
2011,Chris Hairston,HairCh00,OT,Clemson,78,326,5.38,4,122,Buffalo Bills,17,74,2
2011,Tandon Doss,DossTa00,WR,Indiana,74,201,4.62,4,123,Baltimore Ravens,4,35,0
2011,Owen Marecic,MareOw00,FB,Stanford,72,248,4.87,4,124,Cleveland Browns,0,24,0
2011,Taiwan Jones,JoneTa00,RB,East. Washington,72,194,4.33,4,125,Oakland Raiders,3,139,0
2011,Bilal Powell,PoweBi00,RB,Louisville,70,207,4.51,4,126,New York Jets,26,109,3
2011,Roc Carmichael,CarmRo00,CB,Virginia Tech,70,192,4.41,4,127,Houston Texans,2,19,0
2011,Cortez Allen,AlleCo00,CB,Citadel,73,197,4.5,4,128,Pittsburgh Steelers,10,56,0
2011,Julius Thomas,ThomJu00,TE,Portland State,77,246,4.64,4,129,Denver Broncos,21,71,5
2011,Jamie Harper,HarpJa01,RB,Clemson,71,233,4.53,4,130,Tennessee Titans,1,23,0
2011,Davon House,HousDa00,CB,New Mexico State,72,200,4.44,4,131,Green Bay Packers,17,87,2
2011,Kealoha Pilares,PilaKe00,WR,Hawaii,70,199,4.42,5,132,Carolina Panthers,1,20,0
2011,Johnny White,WhitJo01,RB,North Carolina,70,209,4.5,5,133,Buffalo Bills,0,19,0
2011,Robert Sands,SandRo00,S,West Virginia,76,217,4.53,5,134,Cincinnati Bengals,0,1,0
2011,Ricky Stanzi,StanRi00,QB,Iowa,76,223,4.87,5,135,Kansas City Chiefs,0,0,0
2011,Anthony Sherman,SherAn00,FB,Connecticut,70,242,4.74,5,136,Arizona Cardinals,5,153,3
2011,Buster Skrine,SkriBu00,CB,Tenn-Chattanooga,69,186,4.37,5,137,Cleveland Browns,35,158,4
2011,Marcus Cannon,CannMa00,OT,TCU,77,358,5.26,5,138,New England Patriots,43,124,5
2011,Brandon Burton,BurtBr00,CB,Utah,72,190,4.5,5,139,Minnesota Vikings,1,19,0
2011,D.J. Williams,WillD.00,TE,Arkansas,74,245,4.59,5,141,Green Bay Packers,4,35,0
2011,Karl Klug,KlugKa00,DE,Iowa,75,275,4.85,5,142,Tennessee Titans,13,109,0
2011,Josh Thomas,ThomJo01,CB,Buffalo,70,191,4.46,5,143,Dallas Cowboys,7,51,0
2011,Shiloh Keo,KeoxSh00,S,Idaho,71,219,4.74,5,144,Houston Texans,8,56,1
2011,Jacquizz Rodgers,RodgJa00,RB,Oregon State,66,196,4.59,5,145,Atlanta Falcons,24,110,0
2011,DeJon Gomes,GomeDe00,S,Nebraska,71,208,4.5,5,146,Washington Redskins,5,46,0
2011,Denarius Moore,MoorDe02,WR,Tennessee,72,194,4.43,5,148,Oakland Raiders,15,57,3
2011,Dion Lewis,LewiDi00,RB,Pittsburgh,67,193,4.56,5,149,Philadelphia Eagles,31,102,2
2011,Jason Pinkston,PinkJa00,OT,Pittsburgh,75,317,5.39,5,150,Cleveland Browns,10,25,1
2011,Ahmad Black,BlacAh00,S,Florida,69,184,4.7,5,151,Tampa Bay Buccaneers,3,24,0
2011,T.J. Yates,YateT.00,QB,North Carolina,75,219,5.06,5,152,Houston Texans,6,22,0
2011,Jeremy Kerley,KerlJe00,WR,TCU,69,189,4.56,5,153,New York Jets,23,99,4
2011,Richard Sherman,SherRi00,CB,Stanford,75,195,4.54,5,154,Seattle Seahawks,97,144,9
2011,Niles Paul,PaulNi00,WR,Nebraska,73,224,4.45,5,155,Washington Redskins,7,88,1
2011,Mark LeGree,LegrMa00,S,Appalachian State,71,210,4.49,5,156,Seattle Seahawks,0,0,0
2011,Doug Hogue,HoguDo01,OLB,Syracuse,74,235,4.62,5,157,Detroit Lions,2,27,0
2011,Jermale Hines,HineJe00,S,Ohio State,73,219,4.59,5,158,St. Louis Rams,0,10,0
2011,Lee Smith,SmitLe00,TE,Marshall,78,266,4.94,5,159,New England Patriots,5,149,4
2011,Nathan Enderle,EndeNa00,QB,Idaho,76,240,5.12,5,160,Chicago Bears,0,0,0
2011,Julian Vandervelde,VandJu00,OG,Iowa,74,301,5.12,5,161,Philadelphia Eagles,1,18,0
2011,Chris Carter,CartCh00,OLB,Fresno State,73,248,4.58,5,162,Pittsburgh Steelers,6,75,0
2011,Daniel Kilgore,KilgDa00,OG,Appalachian State,75,308,5.28,5,163,San Francisco 49ers,26,98,3
2011,Chykie Brown,BrowCh05,CB,Texas,71,190,4.49,5,164,Baltimore Ravens,5,59,0
2011,Pernell McPhee,McPhPe00,DE,Mississippi State,75,278,4.91,5,165,Baltimore Ravens,29,141,3
2011,Lawrence Wilson,WilsLa01,OLB,Connecticut,73,229,4.71,6,166,Carolina Panthers,0,0,0
2011,Ryan Whalen,WhalRy00,WR,Stanford,73,202,4.53,6,167,Cincinnati Bengals,0,17,0
2011,DeMarcus Love,LoveDe00,OT,Arkansas,76,315,5.18,6,168,Minnesota Vikings,0,0,0
2011,Chris White,WhitCh03,ILB,Mississippi State,75,240,4.65,6,169,Buffalo Bills,3,51,0
2011,Quan Sturdivant,SturQu00,ILB,North Carolina,73,241,4.75,6,171,Arizona Cardinals,0,0,0
2011,Brandon Fusco,FuscBr00,C,Slippery Rock,76,306,5.18,6,172,Minnesota Vikings,35,90,6
2011,Byron Maxwell,MaxwBy00,CB,Clemson,72,202,4.43,6,173,Seattle Seahawks,22,83,3
2011,Charles Clay,ClayCh00,FB,Tulsa,75,245,4.69,6,174,Miami Dolphins,29,127,9
2011,Dwayne Harris,HarrDw00,WR,East Carolina,70,203,4.53,6,176,Dallas Cowboys,12,109,0
2011,Evan Royster,RoysEv00,RB,Penn State,72,212,4.65,6,177,Washington Redskins,4,32,0
2011,Aldrick Robinson,RobiAl00,WR,SMU,70,184,4.35,6,178,Washington Redskins,12,82,0
2011,Caleb Schlauderaff,SchlCa00,OG,Utah,76,305,5.18,6,179,Green Bay Packers,1,12,0
2011,Tyrod Taylor,TaylTy00,QB,Virginia Tech,73,217,4.47,6,180,Baltimore Ravens,50,100,3
2011,Ronald Johnson,JohnRo05,WR,USC,71,199,4.46,6,182,San Francisco 49ers,0,0,0
2011,Jordan Todman,TodmJo00,RB,Connecticut,69,203,4.4,6,183,San Diego Chargers,5,74,0
2011,Greg Jones,JoneGr02,ILB,Michigan State,72,242,4.75,6,185,New York Giants,3,22,0
2011,D.J. Smith,SmitD.00,OLB,Appalachian State,71,239,4.71,6,186,Green Bay Packers,5,24,0
2011,Allen Bradford,BradAl00,RB,USC,71,242,4.53,6,187,Tampa Bay Buccaneers,1,19,0
2011,Chris Rucker,RuckCh00,CB,Michigan State,72,195,4.54,6,188,Indianapolis Colts,2,15,0
2011,Mike Mohamed,MohaMi00,ILB,California,75,239,4.65,6,189,Denver Broncos,4,26,0
2011,Jason Kelce,KelcJa00,C,Cincinnati,75,280,4.89,6,191,Philadelphia Eagles,102,193,12
2011,Matt Bosher,BoshMa00,P,Miami (FL),73,208,4.78,6,192,Atlanta Falcons,14,130,0
2011,Brian Rolle,RollBr00,OLB,Ohio State,70,229,4.53,6,193,Philadelphia Eagles,6,20,1
2011,J.T. Thomas,ThomJ.02,OLB,West Virginia,73,241,4.65,6,195,Chicago Bears,12,62,2
2011,Keith Williams,WillKe04,OG,Nebraska,76,318,5.28,6,196,Pittsburgh Steelers,0,2,0
2011,Ricky Elmore,ElmoRi00,DE,Arizona,76,255,4.88,6,197,Green Bay Packers,0,0,0
2011,Tyler Sash,SashTy00,S,Iowa,72,211,4.62,6,198,New York Giants,1,23,0
2011,Jerrell Powe,PoweJe00,DT,Mississippi,74,335,5.25,6,199,Kansas City Chiefs,5,28,0
2011,Ross Homan,HomaRo00,OLB,Ohio State,73,240,4.66,6,200,Minnesota Vikings,0,0,0
2011,Steve Schilling,SchiSt00,OG,Michigan,76,308,5.18,6,201,San Diego Chargers,5,26,0
2011,Virgil Green,GreeVi00,TE,Nevada,75,249,4.54,7,204,Denver Broncos,8,137,5
2011,Justin Rogers,RogeJu00,CB,Richmond,70,180,4.45,7,206,Buffalo Bills,4,39,0
2011,Greg McElroy,McElGr00,QB,Alabama,74,220,4.84,7,208,New York Jets,1,2,0
2011,Andrew Jackson,JackAn00,OG,Fresno State,77,299,5.27,7,210,Atlanta Falcons,0,0,0
2011,Bruce Miller,MillBr02,OLB,Central Florida,73,254,4.81,7,211,San Francisco 49ers,7,85,5
2011,Brandyn Thompson,ThomBr00,CB,Boise State,69,189,4.5,7,213,Washington Redskins,1,6,0
2011,Derek Newton,NewtDe00,OT,Arkansas State,77,311,5.0,7,214,Houston Texans,28,83,4
2011,D'Aundre Reed,ReedD'00,DE,Arizona,76,261,4.84,7,215,Minnesota Vikings,0,6,0
2011,Maurice Hurt,HurtMa00,OG,Florida,75,318,5.39,7,217,Washington Redskins,6,21,1
2011,Shaun Chapas,ChapSh00,FB,Georgia,74,247,4.87,7,220,Dallas Cowboys,0,6,0
2011,Da'Rel Scott,ScotDa01,RB,Maryland,71,211,4.4,7,221,New York Giants,1,20,0
2011,Markus White,WhitMa01,DE,Florida State,75,266,4.86,7,224,Washington Redskins,0,5,0
2011,Anthony Allen,AlleAn01,RB,Georgia Tech,73,228,4.56,7,225,Baltimore Ravens,1,21,0
2011,Greg Romeus,RomeGr00,DE,Pittsburgh,77,264,4.79,7,226,New Orleans Saints,0,0,0
2011,Cliff Matthews,MattCl01,DE,South Carolina,75,257,4.81,7,230,Atlanta Falcons,3,35,0
2011,Lawrence Guy,GuyxLa00,DT,Arizona State,76,305,4.96,7,233,Green Bay Packers,63,181,7
2011,Stephen Burton,BurtSt00,WR,West Texas A&M,73,221,4.5,7,236,Minnesota Vikings,0,19,0
2011,Greg Lloyd,LloyGr01,ILB,Connecticut,73,246,4.8,7,237,Philadelphia Eagles,0,2,0
2011,Daniel Hardy,HardDa00,TE,Idaho,76,249,4.78,7,238,Tampa Bay Buccaneers,0,0,0
2011,Mike Person,PersMi00,OG,Montana State,76,299,5.07,7,239,San Francisco 49ers,23,73,3
2011,Stanley Havili,HaviSt00,FB,USC,72,227,4.64,7,240,Philadelphia Eagles,1,28,1
2011,Lee Ziemba,ZiemLe00,OT,Auburn,78,317,5.5,7,244,Carolina Panthers,1,6,0
2011,Jeremy Beal,BealJe00,DE,Oklahoma,74,262,5.14,7,247,Denver Broncos,0,0,0
2011,Eric Hagg,HaggEr00,S,Nebraska,73,209,4.62,7,248,Cleveland Browns,3,22,0
2011,DeMarco Sampson,SampDe00,WR,San Diego State,74,204,4.41,7,249,Arizona Cardinals,0,12,0
2011,Chris Neild,NeilCh00,DT,West Virginia,74,319,5.06,7,253,Washington Redskins,2,24,0
2011,Cheta Ozougwu,OzouCh00,DE,Rice,74,247,4.84,7,254,Houston Texans,0,9,0
2012,Andrew Luck,LuckAn00,QB,Stanford,76,234,4.59,1,1,Indianapolis Colts,72,86,5
2012,Robert Griffin,GrifRo01,QB,Baylor,74,223,4.33,1,2,Washington Redskins,36,56,3
2012,Trent Richardson,RichTr00,RB,Alabama,69,228,4.48,1,3,Cleveland Browns,17,46,3
2012,Matt Kalil,KaliMa00,OT,USC,79,306,4.96,1,4,Minnesota Vikings,34,82,5
2012,Justin Blackmon,BlacJu00,WR,Oklahoma State,73,207,4.46,1,5,Jacksonville Jaguars,9,20,1
2012,Morris Claiborne,ClaiMo00,CB,LSU,71,188,4.5,1,6,Dallas Cowboys,25,85,5
2012,Mark Barron,BarrMa00,S,Alabama,73,213,4.54,1,7,Tampa Bay Buccaneers,58,119,7
2012,Ryan Tannehill,TannRy00,QB,Texas A&M,76,221,4.65,1,8,Miami Dolphins,91,155,10
2012,Luke Kuechly,KuecLu00,ILB,Boston Col.,75,242,4.58,1,9,Carolina Panthers,91,118,8
2012,Stephon Gilmore,GilmSt00,CB,South Carolina,72,190,4.38,1,10,Buffalo Bills,75,180,12
2012,Dontari Poe,PoexDo00,DT,Memphis,75,346,4.89,1,11,Kansas City Chiefs,55,128,8
2012,Fletcher Cox,CoxxFl00,DT,Mississippi State,76,298,4.77,1,12,Philadelphia Eagles,95,188,12
2012,Michael Floyd,FloyMi00,WR,Notre Dame,75,220,4.4,1,13,Arizona Cardinals,28,102,3
2012,Michael Brockers,BrocMi00,DT,LSU,77,322,5.31,1,14,St. Louis Rams,58,160,10
2012,Bruce Irvin,IrviBr00,OLB,West Virginia,75,245,4.41,1,15,Seattle Seahawks,42,140,6
2012,Quinton Coples,CoplQu00,DE,North Carolina,78,284,4.69,1,16,New York Jets,17,62,2
2012,Dre Kirkpatrick,KirkDr00,CB,Alabama,74,186,4.5,1,17,Cincinnati Bengals,31,119,5
2012,Melvin Ingram,IngrMe00,OLB,South Carolina,73,264,4.69,1,18,San Diego Chargers,57,148,6
2012,Shea McClellin,McClSh00,OLB,Boise State,75,260,4.62,1,19,Chicago Bears,17,66,3
2012,Kendall Wright,WrigKe01,WR,Baylor,70,196,4.49,1,20,Tennessee Titans,28,82,3
2012,Chandler Jones,JoneCh03,DE,Syracuse,77,266,4.77,1,21,New England Patriots,77,154,10
2012,Brandon Weeden,WeedBr00,QB,Oklahoma State,75,221,4.89,1,22,Cleveland Browns,13,35,1
2012,Riley Reiff,ReifRi00,OT,Iowa,78,313,5.16,1,23,Detroit Lions,60,164,10
2012,David DeCastro,DeCaDa00,OG,Stanford,77,316,5.32,1,24,Pittsburgh Steelers,69,125,8
2012,Dont'a Hightower,HighDo01,ILB,Alabama,74,265,4.62,1,25,New England Patriots,65,117,8
2012,Whitney Mercilus,MercWh00,DE,Illinois,76,261,4.68,1,26,Houston Texans,49,138,8
2012,Kevin Zeitler,ZeitKe00,OG,Wisconsin,76,314,5.32,1,27,Cincinnati Bengals,67,214,14
2012,Nick Perry,PerrNi00,DE,USC,75,271,4.55,1,28,Green Bay Packers,22,81,3
2012,Harrison Smith,SmitHa00,S,Notre Dame,74,213,4.54,1,29,Minnesota Vikings,72,209,13
2012,A.J. Jenkins,JenkA.00,WR,Illinois,72,190,4.37,1,30,San Francisco 49ers,2,28,0
2012,Doug Martin,MartDo00,RB,Boise State,69,223,4.46,1,31,Tampa Bay Buccaneers,39,84,7
2012,David Wilson,WilsDa01,RB,Virginia Tech,70,206,4.38,1,32,New York Giants,5,21,0
2012,Brian Quick,QuicBr00,WR,Appalachian State,75,220,4.5,2,33,St. Louis Rams,11,84,0
2012,Coby Fleener,FleeCo00,TE,Stanford,78,247,4.51,2,34,Indianapolis Colts,25,87,4
2012,Courtney Upshaw,UpshCo00,DE,Alabama,74,272,4.74,2,35,Baltimore Ravens,27,90,3
2012,Derek Wolfe,WolfDe00,DT,Cincinnati,77,295,4.93,2,36,Denver Broncos,48,122,9
2012,Mitchell Schwartz,SchwMi00,OT,California,77,318,5.38,2,37,Cleveland Browns,75,134,8
2012,Andre Branch,BranAn00,DE,Clemson,76,259,4.67,2,38,Jacksonville Jaguars,22,95,3
2012,Janoris Jenkins,JenkJa03,CB,Florida,70,193,4.41,2,39,St. Louis Rams,52,144,10
2012,Amini Silatolu,SilaAm00,OG,Midwestern State,76,311,5.33,2,40,Carolina Panthers,18,54,1
2012,Cordy Glenn,GlenCo00,OT,Georgia,78,345,5.08,2,41,Buffalo Bills,38,97,6
2012,Jonathan Martin,MartJo01,OT,Stanford,77,312,5.27,2,42,Miami Dolphins,14,38,2
2012,Stephen Hill,HillSt00,WR,Georgia Tech,76,215,4.36,2,43,New York Jets,4,23,2
2012,Jeff Allen,AlleJe01,OT,Illinois,76,307,5.17,2,44,Kansas City Chiefs,27,84,4
2012,Alshon Jeffery,JeffAl00,WR,South Carolina,75,216,4.48,2,45,Chicago Bears,48,109,8
2012,Mychal Kendricks,KendMy00,ILB,California,71,239,4.44,2,46,Philadelphia Eagles,38,104,7
2012,Kendall Reyes,ReyeKe00,DT,Connecticut,76,299,4.82,2,49,San Diego Chargers,22,76,3
2012,Isaiah Pead,PeadIs00,RB,Cincinnati,70,197,4.39,2,50,St. Louis Rams,1,30,0
2012,Jerel Worthy,WortJe00,DT,Michigan State,74,308,5.0,2,51,Green Bay Packers,4,40,0
2012,Zach Brown,BrowZa00,OLB,North Carolina,73,244,4.44,2,52,Tennessee Titans,41,100,5
2012,Devon Still,StilDe00,DT,Penn State,77,303,5.01,2,53,Cincinnati Bengals,3,33,0
2012,Ryan Broyles,BroyRy00,WR,Oklahoma,70,192,4.57,2,54,Detroit Lions,3,21,0
2012,Peter Konz,KonzPe00,C,Wisconsin,77,314,5.16,2,55,Atlanta Falcons,16,39,2
2012,Mike Adams,AdamMi02,OT,Ohio State,79,323,5.28,2,56,Pittsburgh Steelers,11,53,1
2012,Brock Osweiler,OsweBr00,QB,Arizona State,79,242,4.83,2,57,Denver Broncos,14,49,1
2012,Lavonte David,DaviLa00,OLB,Nebraska,73,233,4.57,2,58,Tampa Bay Buccaneers,93,215,14
2012,Vinny Curry,CurrVi00,DE,Marshall,75,266,4.87,2,59,Philadelphia Eagles,22,134,1
2012,Kelechi Osemele,OsemKe00,OT,Iowa State,77,333,5.22,2,60,Baltimore Ravens,47,101,6
2012,LaMichael James,JameLa00,RB,Oregon,68,194,4.35,2,61,San Francisco 49ers,2,18,0
2012,Casey Hayward,HaywCa00,CB,Vanderbilt,71,192,4.47,2,62,Green Bay Packers,50,152,7
2012,Rueben Randle,RandRu00,WR,LSU,75,210,4.55,2,63,New York Giants,21,64,2
2012,Dwayne Allen,AlleDw00,TE,Clemson,75,255,4.85,3,64,Indianapolis Colts,12,86,4
2012,Trumaine Johnson,JohnTr05,CB,Montana,74,204,4.5,3,65,St. Louis Rams,30,102,5
2012,Josh Robinson,RobiJo01,CB,Central Florida,70,199,4.29,3,66,Minnesota Vikings,10,93,1
2012,Ronnie Hillman,HillRo00,RB,San Diego State,69,200,4.42,3,67,Denver Broncos,17,56,1
2012,DeVier Posey,PoseDe00,WR,Ohio State,74,211,4.39,3,68,Houston Texans,2,26,0
2012,T.J. Graham,GrahT.00,WR,North Carolina State,71,188,4.34,3,69,Buffalo Bills,7,47,1
2012,Bryan Anger,AngeBr00,P,California,76,208,4.86,3,70,Jacksonville Jaguars,25,229,3
2012,Josh LeRibeus,LeRiJo00,OG,SMU,75,312,5.31,3,71,Washington Redskins,11,50,1
2012,Olivier Vernon,VernOl00,DE,Miami (FL),74,261,4.73,3,72,Miami Dolphins,50,127,8
2012,Brandon Taylor,TaylBr02,S,LSU,71,209,4.52,3,73,San Diego Chargers,1,4,0
2012,Donald Stephenson,StepDo00,OT,Oklahoma,77,312,4.94,3,74,Kansas City Chiefs,18,80,1
2012,Russell Wilson,WilsRu00,QB,Wisconsin,71,204,4.53,3,75,Seattle Seahawks,140,205,12
2012,Demario Davis,DaviDe00,OLB,Arkansas State,74,235,4.49,3,77,New York Jets,104,229,13
2012,Michael Egnew,EgneMi00,TE,Missouri,77,252,4.52,3,78,Miami Dolphins,0,18,0
2012,Jamell Fleming,FlemJa00,CB,Oklahoma,71,206,4.43,3,80,Arizona Cardinals,5,46,0
2012,Tyrone Crawford,CrawTy00,DE,Boise State,76,275,4.82,3,81,Dallas Cowboys,34,112,5
2012,Mike Martin,MartMi01,DT,Michigan,73,306,4.8,3,82,Tennessee Titans,6,46,0
2012,Mohamed Sanu,SanuMo00,WR,Rutgers,73,211,4.62,3,83,Cincinnati Bengals,41,136,5
2012,Bernard Pierce,PierBe00,RB,Temple,72,218,4.45,3,84,Baltimore Ravens,10,52,0
2012,Bill Bentley,BentBi00,CB,Colorado,70,182,4.42,3,85,Detroit Lions,3,20,0
2012,Sean Spence,SpenSe00,OLB,Miami (FL),71,231,4.66,3,86,Pittsburgh Steelers,13,53,1
2012,John Hughes,HughJo00,DT,Cincinnati,74,309,5.32,3,87,Cleveland Browns,10,66,0
2012,Nick Foles,FoleNi00,QB,Arizona,77,243,5.14,3,88,Philadelphia Eagles,32,71,3
2012,Jake Bequette,BequJa00,DE,Arkansas,77,274,4.75,3,90,New England Patriots,0,8,0
2012,Lamar Holmes,HolmLa00,OT,Southern Miss,77,323,5.29,3,91,Atlanta Falcons,10,21,1
2012,T.Y. Hilton,HiltT.00,WR,Florida International,69,183,4.34,3,92,Indianapolis Colts,72,146,8
2012,Brandon Thompson,ThomBr01,DT,Clemson,74,314,5.2,3,93,Cincinnati Bengals,7,39,0
2012,Jayron Hosley,HoslJa00,CB,Virginia Tech,70,178,4.38,3,94,New York Giants,8,43,0
2012,Tony Bergstrom,BergTo00,OT,Utah,77,313,5.19,3,95,Oakland Raiders,12,86,0
2012,Chris Givens,GiveCh00,WR,Wake Forest,71,198,4.35,4,96,St. Louis Rams,12,60,2
2012,Lamar Miller,MillLa01,RB,Miami (FL),71,212,4.34,4,97,Miami Dolphins,42,106,6
2012,Ben Jones,JoneBe01,C,Georgia,75,303,5.35,4,99,Houston Texans,58,172,10
2012,Travis Benjamin,BenjTr00,WR,Miami (FL),70,172,4.31,4,100,Cleveland Browns,25,111,2
2012,Omar Bolden,BoldOm00,CB,Arizona State,70,202,4.51,4,101,Denver Broncos,5,56,0
2012,Kirk Cousins,CousKi00,QB,Michigan State,75,214,4.84,4,102,Washington Redskins,102,176,9
2012,Frank Alexander,AlexFr00,DE,Oklahoma,76,270,4.8,4,103,Carolina Panthers,6,29,0
2012,Joe Adams,AdamJo01,WR,Arkansas,71,179,4.51,4,104,Carolina Panthers,0,9,0
2012,Nigel Bradham,BradNi00,OLB,Florida State,74,241,4.56,4,105,Buffalo Bills,44,116,7
2012,Robert Turbin,TurbRo00,RB,Utah State,70,222,4.42,4,106,Seattle Seahawks,16,82,0
2012,Devon Wylie,WyliDe00,WR,Fresno State,69,187,4.36,4,107,Kansas City Chiefs,0,8,0
2012,Philip Blake,BlakPh00,C,Baylor,75,311,5.17,4,108,Denver Broncos,0,0,0
2012,Alameda Ta'amu,Ta'aAl00,DT,Washington,74,348,5.3,4,109,Pittsburgh Steelers,3,21,0
2012,Ladarius Green,GreeLa00,TE,Louisiana-Lafayette,78,238,4.45,4,110,San Diego Chargers,11,53,2
2012,Evan Rodriguez,RodrEv00,FB,Temple,73,239,4.53,4,111,Chicago Bears,0,20,0
2012,Bobby Massie,MassBo00,OT,Mississippi,78,316,5.18,4,112,Arizona Cardinals,45,131,9
2012,Kyle Wilber,WilbKy00,OLB,Wake Forest,76,249,4.73,4,113,Dallas Cowboys,13,135,1
2012,Jaye Howard,HowaJa00,DT,Florida,75,301,4.78,4,114,Seattle Seahawks,17,45,2
2012,Coty Sensabaugh,SensCo00,CB,Clemson,71,189,4.33,4,115,Tennessee Titans,19,107,2
2012,Orson Charles,CharOr00,TE,Georgia,74,251,4.73,4,116,Cincinnati Bengals,2,49,0
2012,Joe Looney,LoonJo01,OG,Wake Forest,75,309,5.02,4,117,San Francisco 49ers,21,104,2
2012,Jarius Wright,WrigJa02,WR,Arkansas,70,182,4.39,4,118,Minnesota Vikings,24,111,1
2012,Keenan Robinson,RobiKe01,ILB,Texas,75,242,4.72,4,119,Washington Redskins,17,58,2
2012,Phillip Thomas,ThomPh00,S,Syracuse,71,198,4.68,4,119,Washington Redskins,2,8,0
2012,James-Michael Johnson,JohnJa04,ILB,Nevada,73,241,4.6,4,120,Cleveland Browns,11,48,2
2012,Keshawn Martin,MartKe01,WR,Michigan State,71,188,4.42,4,121,Houston Texans,7,58,1
2012,Nick Toon,ToonNi00,WR,Wisconsin,74,215,4.49,4,122,New Orleans Saints,3,17,0
2012,Brandon Boykin,BoykBr00,CB,Georgia,69,182,4.44,4,123,Philadelphia Eagles,9,64,0
2012,Ron Brooks,BrooRo01,CB,LSU,70,190,4.37,4,124,Buffalo Bills,6,53,0
2012,Ronnell Lewis,LewiRo02,OLB,Oklahoma,74,253,4.65,4,125,Detroit Lions,1,8,0
2012,Jared Crick,CricJa00,DE,Nebraska,76,279,4.91,4,126,Houston Texans,28,79,3
2012,Rhett Ellison,ElliRh00,TE,USC,77,251,4.78,4,128,Minnesota Vikings,9,113,4
2012,Miles Burris,BurrMi00,OLB,San Diego State,74,246,4.67,4,129,Oakland Raiders,14,38,2
2012,Christian Thompson,ThomCh01,S,South Carolina State,72,211,4.42,4,130,Baltimore Ravens,0,7,0
2012,Brandon Mosley,MoslBr00,OT,Auburn,78,314,5.14,4,131,New York Giants,2,22,0
2012,Mike Daniels,DaniMi00,DT,Iowa,72,291,4.84,4,132,Green Bay Packers,41,124,6
2012,Jerron McMillian,McMiJe00,S,Maine,71,203,4.47,4,133,Green Bay Packers,2,28,0
2012,Greg Childs,ChilGr00,WR,Arkansas,75,219,4.52,4,134,Minnesota Vikings,0,0,0
2012,Josh Chapman,ChapJo00,DT,Alabama,73,316,5.02,5,136,Indianapolis Colts,7,29,1
2012,Malik Jackson,JackMa02,DE,Tennessee,77,284,4.85,5,137,Denver Broncos,45,142,5
2012,Tahir Whitehead,WhitTa00,OLB,Temple,73,233,4.62,5,138,Detroit Lions,41,142,7
2012,Robert Blanton,BlanRo00,CB,Notre Dame,73,208,4.66,5,139,Minnesota Vikings,9,72,1
2012,Najee Goode,GoodNa00,ILB,West Virginia,72,244,4.55,5,140,Tampa Bay Buccaneers,10,90,0
2012,Adam Gettis,GettAd00,OG,Iowa,74,293,4.9,5,141,Washington Redskins,1,17,0
2012,Brandon Marshall,MarsBr01,OLB,Nevada,73,242,4.72,5,142,Jacksonville Jaguars,30,74,4
2012,Josh Norman,NormJo01,CB,Coastal Carolina,72,197,4.61,5,143,Carolina Panthers,43,141,8
2012,Zebrie Sanders,SandZe00,OT,Florida State,78,320,5.33,5,144,Buffalo Bills,0,0,0
2012,DeQuan Menzie,MenzDe00,CB,Alabama,71,202,4.65,5,146,Kansas City Chiefs,0,0,0
2012,Tank Carder,CardTa00,ILB,TCU,74,236,4.58,5,147,Buffalo Bills,5,78,0
2012,Johnnie Troutman,TrouJo00,OG,Penn State,76,325,5.52,5,149,San Diego Chargers,14,29,2
2012,Rokevious Watkins,WatkRo00,OG,South Carolina,76,338,5.29,5,150,St. Louis Rams,1,4,0
2012,Senio Kelemete,KeleSe00,OG,Washington,76,307,5.39,5,151,Arizona Cardinals,25,97,1
2012,Danny Coale,CoalDa00,WR,Virginia Tech,72,201,4.42,5,152,Dallas Cowboys,0,0,0
2012,Josh Kaddu,KaddJo00,OLB,Oregon,75,239,4.67,5,155,Miami Dolphins,0,6,0
2012,Shaun Prater,PratSh00,CB,Iowa,70,190,4.5,5,156,Cincinnati Bengals,2,21,0
2012,Bradie Ewing,EwinBr00,FB,Wisconsin,72,239,4.73,5,157,Atlanta Falcons,0,2,0
2012,Jack Crawford,CrawJa00,DE,Penn State,77,274,4.74,5,158,Oakland Raiders,18,109,3
2012,Chris Rainey,RainCh00,RB,Florida,68,180,4.36,5,159,Pittsburgh Steelers,1,18,0
2012,Ryan Miller,MillRy00,OG,Colorado,79,321,5.16,5,160,Cleveland Browns,1,8,0
2012,Corey White,WhitCo01,S,Samford,71,206,4.53,5,162,New Orleans Saints,12,66,1
2012,Terrell Manning,MannTe00,OLB,North Carolina State,74,237,4.71,5,163,Green Bay Packers,0,10,0
2012,Jonathan Massaquoi,MassJo00,OLB,Troy,74,264,4.81,5,164,Atlanta Falcons,6,39,0
2012,Darius Fleming,FlemDa00,OLB,Notre Dame,74,245,4.71,5,165,San Francisco 49ers,1,11,0
2012,Marvin Jones,JoneMa02,WR,California,74,199,4.46,5,166,Cincinnati Bengals,53,151,8
2012,George Iloka,IlokGe00,S,Boise State,76,225,4.6,5,167,Cincinnati Bengals,29,103,4
2012,Juron Criner,CrinJu00,WR,Arizona,74,224,4.66,5,168,Oakland Raiders,1,13,0
2012,Asa Jackson,JackAs00,CB,Cal Poly,70,191,4.48,5,169,Baltimore Ravens,3,26,0
2012,Vick Ballard,BallVi00,RB,Mississippi State,70,219,4.59,5,170,Indianapolis Colts,5,17,1
2012,Alfred Morris,MorrAl00,RB,Florida Atlantic,70,219,4.63,6,173,Washington Redskins,36,114,4
2012,Blair Walsh,WalsBl00,K,Georgia,69,187,4.96,6,175,Minnesota Vikings,14,89,0
2012,Mike Harris,HarrMi00,CB,Florida State,70,188,4.52,6,176,Jacksonville Jaguars,6,36,0
2012,Justin Bethel,BethJu00,S,Presbyterian,72,200,4.52,6,177,Arizona Cardinals,20,193,0
2012,Mark Asper,AspeMa00,OG,Oregon,78,319,5.32,6,178,Buffalo Bills,0,7,0
2012,Andrew Tiller,TillAn01,OG,Syracuse,76,324,5.44,6,179,New Orleans Saints,6,28,0
2012,Winston Guy,GuyxWi00,S,Kentucky,73,218,4.62,6,181,Seattle Seahawks,3,34,0
2012,Cyrus Gray,GrayCy00,RB,Texas A&M,70,206,4.4,6,182,Kansas City Chiefs,1,35,0
2012,B.J. Cunningham,CunnB.00,WR,Michigan State,73,211,4.52,6,183,Miami Dolphins,0,2,0
2012,Ryan Lindley,LindRy00,QB,San Diego State,76,229,4.86,6,185,Arizona Cardinals,-4,10,0
2012,James Hanna,HannJa00,TE,Oklahoma,76,252,4.43,6,186,Dallas Cowboys,3,78,4
2012,Danny Trevathan,TrevDa00,OLB,Kentucky,72,237,4.84,6,188,Denver Broncos,47,117,7
2012,Markelle Martin,MartMa00,S,Oklahoma State,73,207,4.47,6,190,Tennessee Titans,0,0,0
2012,Dan Herron,HerrDa00,RB,Ohio State,70,213,4.57,6,191,Cincinnati Bengals,5,35,0
2012,Charles Mitchell,MitcCh01,S,Mississippi State,71,202,4.56,6,192,Atlanta Falcons,1,10,0
2012,Tom Compton,CompTo00,OT,South Dakota,77,314,5.01,6,193,Washington Redskins,22,124,2
2012,Marvin McNutt,McNuMa00,WR,Iowa,75,216,4.48,6,194,Philadelphia Eagles,0,5,0
2012,Tommy Streeter,StreTo00,WR,Miami (FL),77,219,4.37,6,198,Baltimore Ravens,0,2,0
2012,Brandon Washington,WashBr00,OG,Miami (FL),75,320,5.14,6,200,Philadelphia Eagles,0,1,0
2012,Matt McCants,McCaMa00,OT,Ala-Birmingham,78,308,5.4,6,201,New York Giants,3,30,0
2012,Terrance Ganaway,GanaTe00,RB,Baylor,71,239,4.61,6,202,New York Jets,0,3,0
2012,Emmanuel Acho,AchoEm00,OLB,Texas,74,238,4.64,6,204,Cleveland Browns,2,20,0
2012,Billy Winn,WinnBi00,DE,Boise State,76,294,4.86,6,205,Cleveland Browns,15,74,2
2012,LaVon Brazill,BrazLa00,WR,Ohio,71,192,4.43,6,206,Indianapolis Colts,3,25,0
2012,Brad Nortman,NortBr00,P,Wisconsin,74,213,4.78,6,207,Carolina Panthers,11,96,0
2012,Justin Anderson,AndeJu00,OT,Georgia,76,335,5.24,7,208,Indianapolis Colts,0,0,0
2012,Audie Cole,ColeAu00,ILB,North Carolina State,76,246,4.76,7,210,Minnesota Vikings,7,57,0
2012,Scott Solomon,SoloSc00,DE,Rice,75,262,4.88,7,211,Tennessee Titans,2,24,0
2012,Kheeston Randall,RandKh00,DT,Texas,77,293,5.0,7,215,Miami Dolphins,1,12,0
2012,Trevor Guyton,GuytTr00,DE,California,75,285,5.01,7,219,Minnesota Vikings,0,0,0
2012,Nate Potter,PottNa00,OT,Boise State,78,303,5.26,7,221,Arizona Cardinals,3,21,0
2012,Caleb McSurdy,McSuCa00,ILB,Montana,73,245,4.82,7,222,Dallas Cowboys,0,0,0
2012,Travis Lewis,LewiTr00,OLB,Oklahoma,73,246,4.83,7,223,Detroit Lions,4,42,0
2012,Alfonzo Dennard,DennAl00,CB,Nebraska,70,204,4.48,7,224,New England Patriots,9,29,1
2012,J.R. Sweezy,SweeJ.00,DT,North Carolina State,77,298,4.97,7,225,Seattle Seahawks,47,117,7
2012,David Molk,MolkDa00,C,Michigan,73,298,5.18,7,226,San Diego Chargers,3,20,0
2012,Rishard Matthews,MattRi00,WR,Nevada,72,217,4.54,7,227,Miami Dolphins,22,87,4
2012,Nathan Stupar,StupNa01,OLB,Penn State,74,241,4.65,7,230,Oakland Raiders,9,82,1
2012,Drake Dunsmore,DunsDr00,FB,Northwestern,74,241,4.63,7,233,Tampa Bay Buccaneers,0,0,0
2012,Marcel Jones,JoneMa03,OT,Nebraska,78,320,5.57,7,234,New Orleans Saints,0,0,0
2012,DeAngelo Tyson,TysoDe00,DT,Georgia,74,315,5.0,7,236,Baltimore Ravens,6,34,0
2012,Cam Johnson,JohnCa01,DE,Virginia,75,268,4.75,7,237,San Francisco 49ers,5,28,1
2012,Junior Hemingway,HemiJu00,WR,Michigan,73,225,4.48,7,238,Kansas City Chiefs,2,31,0
2012,Markus Kuhn,KuhnMa00,DT,North Carolina State,77,299,4.87,7,239,New York Giants,6,39,0
2012,David Paulson,PaulDa01,TE,Oregon,75,246,4.79,7,240,Pittsburgh Steelers,1,32,0
2012,Andrew Datko,DatkAn00,OT,Florida State,78,315,5.19,7,241,Green Bay Packers,0,0,0
2012,Antonio Allen,AlleAn02,S,South Carolina,73,210,4.58,7,242,New York Jets,9,50,2
2012,B.J. Coleman,ColeB.00,QB,Tenn-Chattanooga,75,233,4.94,7,243,Green Bay Packers,0,0,0
2012,Jordan White,WhitJo02,WR,West. Michigan,72,208,4.63,7,244,New York Jets,0,3,0
2012,Trevin Wade,WadeTr00,CB,Arizona,70,192,4.52,7,245,Cleveland Browns,5,47,0
2012,Terrence Frederick,FredTe00,CB,Texas A&M,70,187,4.44,7,246,Pittsburgh Steelers,1,5,0
2012,Kelvin Beachum,BeacKe00,OG,SMU,75,303,5.38,7,248,Pittsburgh Steelers,59,196,11
2012,Travian Robertson,RobeTr00,DT,South Carolina,76,302,5.12,7,249,Atlanta Falcons,1,13,0
2012,Edwin Baker,BakeEd01,RB,Michigan State,68,204,4.44,7,250,San Diego Chargers,1,6,0
2012,Chandler Harnish,HarnCh00,QB,Northern Illinois,74,219,4.68,7,253,Indianapolis Colts,0,0,0
2013,Eric Fisher,FishEr00,OT,Central Michigan,79,306,5.05,1,1,Kansas City Chiefs,62,132,8
2013,Luke Joeckel,JoecLu00,OT,Texas A&M,78,306,5.3,1,2,Jacksonville Jaguars,21,50,3
2013,Dion Jordan,JordDi00,OLB,Oregon,78,248,4.54,1,3,Miami Dolphins,9,63,0
2013,Lane Johnson,JohnLa01,OT,Oklahoma,78,303,4.72,1,4,Philadelphia Eagles,89,170,12
2013,Ziggy Ansah,AnsaEz00,DE,BYU,77,271,4.56,1,5,Detroit Lions,39,93,5
2013,Barkevious Mingo,MingBa00,OLB,LSU,76,241,4.58,1,6,Cleveland Browns,24,126,2
2013,Jonathan Cooper,CoopJo01,OG,North Carolina,74,311,5.07,1,7,Arizona Cardinals,16,46,2
2013,Tavon Austin,AustTa00,WR,West Virginia,68,174,4.34,1,8,St. Louis Rams,26,113,4
2013,Dee Milliner,MillDe00,CB,Alabama,72,201,4.37,1,9,New York Jets,6,21,1
2013,Chance Warmack,WarmCh00,OG,Alabama,74,317,5.49,1,10,Tennessee Titans,22,68,3
2013,D.J. Fluker,FlukDJ00,OT,Alabama,77,339,5.31,1,11,San Diego Chargers,43,108,7
2013,D.J. Hayden,HaydDJ00,CB,Houston,71,191,4.4,1,12,Oakland Raiders,16,92,2
2013,Sheldon Richardson,RichSh00,DT,Missouri,74,294,5.02,1,13,New York Jets,61,138,8
2013,Star Lotulelei,LotuSt00,DT,Utah,74,311,5.14,1,14,Carolina Panthers,48,119,7
2013,Kenny Vaccaro,VaccKe00,S,Texas,72,214,4.63,1,15,New Orleans Saints,34,110,7
2013,E.J. Manuel,ManuEJ00,QB,Florida State,77,237,4.65,1,16,Buffalo Bills,10,30,1
2013,Jarvis Jones,JoneJa05,OLB,Georgia,74,245,4.74,1,17,Pittsburgh Steelers,17,50,1
2013,Eric Reid,ReidEr00,S,LSU,73,213,4.53,1,18,San Francisco 49ers,33,99,7
2013,Justin Pugh,PughJu00,OT,Syracuse,76,307,5.12,1,19,New York Giants,46,132,10
2013,Kyle Long,LongKy00,OG,Oregon,78,313,4.91,1,20,Chicago Bears,40,77,6
2013,Tyler Eifert,EifeTy00,TE,Notre Dame,77,250,4.68,1,21,Cincinnati Bengals,19,74,2
2013,Desmond Trufant,TrufDe00,CB,Washington,72,190,4.38,1,22,Atlanta Falcons,37,113,8
2013,Sharrif Floyd,FloySh00,DT,Florida,75,297,4.92,1,23,Minnesota Vikings,13,44,2
2013,Bjoern Werner,WernBj00,DE,Florida State,75,266,4.83,1,24,Indianapolis Colts,10,38,1
2013,Xavier Rhodes,RhodXa00,CB,Florida State,73,210,4.43,1,25,Minnesota Vikings,49,135,8
2013,Datone Jones,JoneDa03,DE,UCLA,76,283,4.8,1,26,Green Bay Packers,10,68,0
2013,DeAndre Hopkins,HopkDe00,WR,Clemson,73,214,4.57,1,27,Houston Texans,84,195,10
2013,Sylvester Williams,WillSy00,DT,North Carolina,75,313,5.03,1,28,Denver Broncos,29,102,4
2013,Cordarrelle Patterson,PattCo00,WR,Tennessee,74,216,4.42,1,29,Minnesota Vikings,42,183,4
2013,Alec Ogletree,OgleAl00,OLB,Georgia,74,242,4.7,1,30,St. Louis Rams,52,111,7
2013,Travis Frederick,FredTr00,C,Wisconsin,76,312,5.58,1,31,Dallas Cowboys,60,96,6
2013,Matt Elam,ElamMa00,S,Florida,70,208,4.43,1,32,Baltimore Ravens,12,41,2
2013,Jonathan Cyprien,CyprJo00,S,Florida International,72,217,4.64,2,33,Jacksonville Jaguars,25,79,5
2013,Justin Hunter,HuntJu00,WR,Tennessee,76,196,4.44,2,34,Tennessee Titans,9,60,1
2013,Zach Ertz,ErtzZa00,TE,Stanford,77,249,4.76,2,35,Philadelphia Eagles,57,181,9
2013,Darius Slay,SlayDa00,CB,Mississippi State,72,192,4.36,2,36,Detroit Lions,66,187,12
2013,Giovani Bernard,BernGi00,RB,North Carolina,68,202,4.53,2,37,Cincinnati Bengals,42,135,2
2013,Manti Te'o,TeoxMa00,ILB,Notre Dame,73,241,4.82,2,38,San Diego Chargers,20,62,4
2013,Geno Smith,SmitGe00,QB,West Virginia,74,218,4.58,2,39,New York Jets,57,111,6
2013,Tank Carradine,CarrCo00,DE,Florida State,76,276,4.9,2,40,San Francisco 49ers,7,46,0
2013,Robert Woods,WoodRo02,WR,USC,72,201,4.51,2,41,Buffalo Bills,59,171,10
2013,Menelik Watson,WatsMe00,OT,Florida State,77,310,5.29,2,42,Oakland Raiders,9,34,2
2013,Johnthan Banks,BankJo00,CB,Mississippi State,74,185,4.61,2,43,Tampa Bay Buccaneers,11,57,2
2013,Kawann Short,ShorKa00,DT,Purdue,75,299,5.08,2,44,Carolina Panthers,41,99,5
2013,Kevin Minter,MintKe00,ILB,LSU,72,246,4.81,2,45,Arizona Cardinals,27,123,3
2013,Kiko Alonso,AlonKi00,ILB,Oregon,75,238,4.74,2,46,Buffalo Bills,33,86,4
2013,Gavin Escobar,EscoGa00,TE,San Diego State,78,254,4.84,2,47,Dallas Cowboys,2,64,0
2013,Le'Veon Bell,BellLe00,RB,Michigan State,73,230,4.6,2,48,Pittsburgh Steelers,61,96,5
2013,Johnathan Hankins,HankJo00,DT,Ohio State,75,320,5.31,2,49,New York Giants,50,169,10
2013,Jon Bostic,BostJo00,OLB,Florida,73,245,4.59,2,50,Chicago Bears,36,121,5
2013,David Amerson,AmerDa00,CB,North Carolina State,73,205,4.44,2,51,Washington Redskins,20,74,4
2013,Jamie Collins,CollJa00,OLB,Southern Miss,75,250,4.64,2,52,New England Patriots,58,125,7
2013,Margus Hunt,HuntMa00,DE,SMU,80,277,4.62,2,53,Cincinnati Bengals,18,114,1
2013,Jamar Taylor,TaylJa01,CB,Boise State,71,192,4.39,2,54,Miami Dolphins,18,98,2
2013,Vance McDonald,McDoVa00,TE,Rice,76,267,4.69,2,55,San Francisco 49ers,14,101,6
2013,Arthur Brown,BrowAr00,OLB,Kansas State,72,241,4.62,2,56,Baltimore Ravens,3,48,0
2013,D.J. Swearinger,SweaDJ00,S,South Carolina,70,208,4.67,2,57,Houston Texans,28,110,5
2013,Montee Ball,BallMo00,RB,Wisconsin,70,214,4.66,2,58,Denver Broncos,7,21,0
2013,Aaron Dobson,DobsAa00,WR,Marshall,75,210,4.37,2,59,New England Patriots,6,24,1
2013,Robert Alford,AlfoRo00,CB,SE Louisiana,70,188,4.39,2,60,Atlanta Falcons,26,101,5
2013,Eddie Lacy,LacyEd00,RB,Alabama,71,231,4.55,2,61,Green Bay Packers,36,60,3
2013,Christine Michael,MichCh00,RB,Texas A&M,70,220,4.54,2,62,Seattle Seahawks,9,38,1
2013,Travis Kelce,KelcTr00,TE,Cincinnati,77,255,4.63,3,63,Kansas City Chiefs,94,194,12
2013,Dwayne Gratz,GratDw00,CB,Connecticut,71,201,4.47,3,64,Jacksonville Jaguars,10,43,1
2013,Larry Warford,WarfLa00,OG,Kentucky,75,332,5.58,3,65,Detroit Lions,52,101,7
2013,Sio Moore,MoorSi00,OLB,Connecticut,73,245,4.65,3,66,Oakland Raiders,14,46,2
2013,Bennie Logan,LogaBe00,DT,LSU,74,309,5.08,3,67,Philadelphia Eagles,28,89,5
2013,Leon McFadden,McFaLe00,CB,San Diego State,70,193,4.54,3,68,Cleveland Browns,2,34,0
2013,Tyrann Mathieu,MathTy00,CB,LSU,69,186,4.5,3,69,Arizona Cardinals,67,180,11
2013,Blidi Wreh-Wilson,WrehBl00,CB,Connecticut,73,195,4.53,3,70,Tennessee Titans,9,76,1
2013,T.J. McDonald,McDoTJ00,S,USC,74,219,4.59,3,71,St. Louis Rams,24,75,6
2013,Brian Winters,WintBr00,OG,Kent State,76,320,5.22,3,72,New York Jets,31,107,7
2013,Mike Glennon,GlenMi00,QB,North Carolina State,79,225,4.94,3,73,Tampa Bay Buccaneers,9,40,1
2013,Terrance Williams,WillTe01,WR,Baylor,74,208,4.52,3,74,Dallas Cowboys,27,83,4
2013,Terron Armstead,ArmsTe00,OT,Ark-Pine Bluff,77,306,4.71,3,75,New Orleans Saints,67,135,10
2013,Keenan Allen,AlleKe00,WR,California,74,206,4.58,3,76,San Diego Chargers,80,173,11
2013,Dallas Thomas,ThomDa04,OT,Tennessee,77,306,5.08,3,77,Miami Dolphins,13,37,1
2013,Marquise Goodwin,GoodMa00,WR,Texas,69,183,4.27,3,78,Buffalo Bills,24,114,3
2013,Markus Wheaton,WheaMa00,WR,Oregon State,71,189,4.45,3,79,Pittsburgh Steelers,13,59,2
2013,J.J. Wilcox,WilcJ.00,S,Georgia Southern,72,213,4.57,3,80,Dallas Cowboys,16,77,2
2013,Damontre Moore,MoorDa01,DE,Texas A&M,76,250,4.95,3,81,New York Giants,5,66,0
2013,John Jenkins,JenkJo00,DT,Georgia,76,346,5.21,3,82,New Orleans Saints,32,169,4
2013,Logan Ryan,RyanLo00,CB,Rutgers,71,191,4.56,3,83,New England Patriots,41,154,7
2013,Shawn Williams,WillSh02,S,Georgia,72,213,4.46,3,84,Cincinnati Bengals,25,125,4
2013,Jordan Reed,ReedJo02,TE,Florida,74,236,4.72,3,85,Washington Redskins,25,75,3
2013,Hugh Thornton,ThorHu00,OG,Illinois,75,320,5.11,3,86,Indianapolis Colts,16,37,3
2013,Jordan Hill,HillJo01,DT,Penn State,73,303,5.23,3,87,Seattle Seahawks,6,31,0
2013,Corey Lemonier,LemoCo00,DE,Auburn,75,255,4.6,3,88,San Francisco 49ers,4,51,0
2013,Brennan Williams,WillBr03,OT,North Carolina,78,318,5.27,3,89,Houston Texans,0,0,0
2013,Kayvon Webster,WebsKa00,CB,South Florida,70,195,4.41,3,90,Denver Broncos,9,69,1
2013,Stedman Bailey,BailSt01,WR,West Virginia,70,193,4.52,3,92,St. Louis Rams,7,38,0
2013,Will Davis,DaviWi02,CB,Utah State,71,186,4.51,3,93,Miami Dolphins,0,20,0
2013,Brandon Williams,WillBr02,DT,Missouri Southern,73,335,5.37,3,94,Baltimore Ravens,52,128,8
2013,Sam Montgomery,MontSa00,DE,LSU,75,262,4.81,3,95,Houston Texans,0,0,0
2013,Knile Davis,DaviKn00,RB,Arkansas,71,227,4.37,3,96,Kansas City Chiefs,10,57,0
2013,Zaviar Gooden,GoodZa00,OLB,Missouri,73,234,4.47,3,97,Tennessee Titans,4,32,0
2013,Matt Barkley,BarkMa00,QB,USC,74,227,4.91,4,98,Philadelphia Eagles,5,20,1
2013,Mike Edwards,EdwaMi01,CB,Hawaii,69,189,4.56,3,99,Tampa Bay Buccaneers,16,89,1
2013,Nico Johnson,JohnNi00,ILB,Alabama,74,248,4.73,4,99,Kansas City Chiefs,3,18,0
2013,Akeem Spence,SpenAk00,DT,Illinois,73,307,5.15,4,100,Tampa Bay Buccaneers,27,117,4
2013,Ace Sanders,SandAc00,WR,South Carolina,67,173,4.58,4,101,Jacksonville Jaguars,3,27,0
2013,Josh Boyce,BoycJo00,WR,TCU,71,206,4.38,4,102,New England Patriots,1,10,0
2013,Alex Okafor,OkafAl00,DE,Texas,76,264,4.78,4,103,Arizona Cardinals,29,106,5
2013,Jelani Jenkins,JenkJe00,ILB,Florida,72,243,4.65,4,104,Miami Dolphins,15,60,3
2013,Duke Williams,WillDu00,S,Nevada,71,203,4.48,4,105,Buffalo Bills,8,58,0
2013,Dion Sims,SimsDi00,TE,Michigan State,77,262,4.75,4,106,Miami Dolphins,8,78,2
2013,Brian Schwenke,SchwBr00,C,California,75,314,4.99,4,107,Tennessee Titans,14,60,2
2013,Edmund Kugbila,KugbEd00,OG,Valdosta State,76,317,5.13,4,108,Carolina Panthers,0,0,0
2013,David Bakhtiari,BakhDa00,OT,Colorado,76,299,5.18,4,109,Green Bay Packers,84,131,9
2013,Ryan Nassib,NassRy00,QB,Syracuse,74,227,5.06,4,110,New York Giants,0,5,0
2013,Shamarko Thomas,ThomSh00,S,Syracuse,69,213,4.42,4,111,Pittsburgh Steelers,5,66,0
2013,Tyler Wilson,WilsTy00,QB,Arkansas,74,215,4.95,4,112,Oakland Raiders,0,0,0
2013,Barrett Jones,JoneBa00,C,Alabama,76,306,5.43,4,113,St. Louis Rams,0,10,0
2013,B.W. Webb,WebbBW00,CB,William & Mary,70,184,4.51,4,114,Dallas Cowboys,14,80,2
2013,Landry Jones,JoneLa02,QB,Oklahoma,76,225,5.11,4,115,Pittsburgh Steelers,4,18,0
2013,Earl Watford,WatfEa00,OG,James Madison,75,300,5.06,4,116,Arizona Cardinals,15,71,1
2013,Khaseem Greene,GreeKh00,OLB,Rutgers,73,241,4.71,4,117,Chicago Bears,3,25,0
2013,Sean Porter,PortSe00,OLB,Texas A&M,73,229,4.75,4,118,Cincinnati Bengals,0,3,0
2013,Phillip Thomas,ThomPh00,S,Fresno State,72,208,4.65,4,119,Washington Redskins,2,8,0
2013,Gerald Hodges,HodgGe00,OLB,Penn State,73,243,4.78,4,120,Minnesota Vikings,18,81,1
2013,Khaled Holmes,HolmKh00,C,USC,75,302,5.29,4,121,Indianapolis Colts,4,17,0
2013,J.C. Tretter,TretJC00,OG,Cornell,76,307,5.09,4,122,Green Bay Packers,37,111,5
2013,Chris Harper,HarpCh00,WR,Kansas State,73,229,4.55,4,123,Seattle Seahawks,0,4,0
2013,Trevardo Williams,WillTr02,OLB,Connecticut,73,241,4.57,4,124,Houston Texans,0,3,0
2013,Johnathan Franklin,FranJo01,RB,UCLA,70,205,4.49,4,125,Green Bay Packers,1,11,0
2013,William Gholston,GholWi00,DE,Michigan State,78,281,4.96,4,126,Tampa Bay Buccaneers,39,186,7
2013,Malliciah Goodman,GoodMa01,DE,Clemson,76,276,4.87,4,127,Atlanta Falcons,5,37,1
2013,Quinton Patton,PattQu00,WR,Louisiana Tech,72,204,4.53,4,128,San Francisco 49ers,6,40,1
2013,John Simon,SimoJo01,OLB,Ohio State,73,257,4.62,4,129,Baltimore Ravens,34,100,4
2013,Marcus Lattimore,LattMa00,RB,South Carolina,71,221,4.65,4,131,San Francisco 49ers,0,0,0
2013,Devin Taylor,TaylDe00,DE,South Carolina,79,266,4.72,4,132,Detroit Lions,12,63,1
2013,Levine Toilolo,ToilLe00,TE,Stanford,80,260,4.86,4,133,Atlanta Falcons,8,124,5
2013,Sanders Commings,CommSa00,CB,Georgia,72,216,4.41,5,134,Kansas City Chiefs,0,2,0
2013,Denard Robinson,RobiDe00,WR,Michigan,70,199,4.43,5,135,Jacksonville Jaguars,8,55,1
2013,Earl Wolff,WolfEa00,S,North Carolina State,71,209,4.44,5,136,Philadelphia Eagles,4,18,0
2013,Jesse Williams,WillJe02,DT,Alabama,75,323,4.94,5,137,Seattle Seahawks,0,0,0
2013,Tharold Simon,SimoTh00,CB,LSU,74,202,4.51,5,138,Seattle Seahawks,4,20,0
2013,Montori Hughes,HughMo00,DT,Tennessee-Martin,76,329,5.23,5,139,Indianapolis Colts,2,25,0
2013,Stepfan Taylor,TaylSt00,RB,Stanford,69,214,4.76,5,140,Arizona Cardinals,3,61,0
2013,Oday Aboushi,AbouOd00,OT,Virginia,77,308,5.41,5,141,New York Jets,21,85,3
2013,Lavar Edwards,EdwaLa00,DE,LSU,76,277,4.8,5,142,Tennessee Titans,1,25,0
2013,Kenny Stills,StilKe00,WR,Oklahoma,72,194,4.38,5,144,New Orleans Saints,35,130,5
2013,Steve Williams,WillSt02,CB,California,69,181,4.42,5,145,San Diego Chargers,4,32,0
2013,Quanterus Smith,SmitQu00,DE,Western Kentucky,77,250,4.74,5,146,Denver Broncos,1,15,0
2013,A.J. Klein,KleiAJ00,ILB,Iowa State,73,250,4.66,5,148,Carolina Panthers,37,146,5
2013,Brandon McGee,McGeBr00,CB,Miami (FL),71,193,4.4,5,149,St. Louis Rams,1,18,0
2013,Terry Hawthorne,HawtTe00,CB,Illinois,72,195,4.44,5,150,Pittsburgh Steelers,0,0,0
2013,Joseph Randle,RandJo01,RB,Oklahoma State,72,204,4.63,5,151,Dallas Cowboys,7,35,0
2013,Stansly Maponga,MapoSt00,DE,TCU,74,256,4.78,5,153,Atlanta Falcons,2,26,0
2013,Chris Thompson,ThomCh03,RB,Florida State,67,192,4.42,5,154,Washington Redskins,20,74,0
2013,Jeff Locke,LockJe00,P,UCLA,73,209,4.82,5,155,Minnesota Vikings,6,69,0
2013,Tanner Hawkinson,HawkTa00,OT,Kansas,77,298,5.07,5,156,Cincinnati Bengals,0,4,0
2013,Quinton Dial,DialQu00,DT,Alabama,77,318,5.29,5,157,San Francisco 49ers,15,59,2
2013,Micah Hyde,HydeMi00,CB,Iowa,72,197,4.56,5,159,Green Bay Packers,55,158,8
2013,Zac Stacy,StacZa00,RB,Vanderbilt,68,216,4.55,5,160,St. Louis Rams,11,35,1
2013,Tavarres King,KingTa00,WR,Georgia,72,189,4.47,5,161,Denver Broncos,2,17,0
2013,Brandon Jenkins,JenkBr00,DE,Florida State,74,251,5.07,5,162,Washington Redskins,0,5,0
2013,Jordan Mills,MillJo02,OT,Louisiana Tech,77,316,5.37,5,163,Chicago Bears,37,100,5
2013,Mike Gillislee,GillMi00,RB,Florida,71,208,4.55,5,164,Miami Dolphins,11,36,0
2013,Caleb Sturgis,SturCa00,K,Florida,70,188,4.77,5,166,Miami Dolphins,8,68,0
2013,Josh Boyd,BoydJo00,DT,Mississippi State,75,310,5.14,5,167,Green Bay Packers,4,26,0
2013,Ricky Wagner,WagnRi00,OT,Wisconsin,78,308,5.17,5,168,Baltimore Ravens,41,118,6
2013,Josh Evans,EvanJo00,S,Florida,73,207,4.58,6,169,Jacksonville Jaguars,13,49,3
2013,Corey Fuller,FullCo00,WR,Virginia Tech,74,204,4.43,6,171,Detroit Lions,3,28,0
2013,Nick Kasa,KasaNi00,TE,Colorado,78,269,4.71,6,172,Oakland Raiders,0,16,0
2013,Vinston Painter,PainVi00,OT,Virginia Tech,76,306,4.95,6,173,Denver Broncos,0,14,0
2013,Ryan Swope,SwopRy00,WR,Texas A&M,72,205,4.34,6,174,Arizona Cardinals,0,0,0
2013,Jamoris Slaughter,SlauJa00,S,Notre Dame,72,195,4.57,6,175,Cleveland Browns,0,0,0
2013,David Quessenberry,QuesDa00,OT,San Jose State,77,302,5.08,6,176,Houston Texans,20,99,2
2013,Dustin Hopkins,HopkDu00,K,Florida State,74,193,4.74,6,177,Buffalo Bills,22,140,1
2013,Tourek Williams,WillTo00,DE,Florida International,75,260,4.92,6,179,San Diego Chargers,5,44,0
2013,Nick Moody,MoodNi00,OLB,Florida State,73,236,4.71,6,180,San Francisco 49ers,2,24,0
2013,Kenjon Barner,BarnKe00,RB,Oregon,69,196,4.52,6,182,Carolina Panthers,4,76,0
2013,Mychal Rivera,RiveMy00,TE,Tennessee,75,242,4.81,6,184,Oakland Raiders,10,61,1
2013,DeVonte Holloman,HollDe01,OLB,South Carolina,73,243,4.76,6,185,Dallas Cowboys,1,9,0
2013,Andre Ellington,ElliAn00,RB,Clemson,69,199,4.61,6,187,Arizona Cardinals,18,65,1
2013,Cornelius Washington,WashCo00,DE,Georgia,76,265,4.55,6,188,Chicago Bears,5,46,0
2013,Mike James,JameMi00,RB,Miami (FL),70,223,4.53,6,189,Tampa Bay Buccaneers,2,23,0
2013,Rex Burkhead,BurkRe00,RB,Nebraska,70,214,4.73,6,190,Cincinnati Bengals,21,115,0
2013,Bacarri Rambo,RambBa00,S,Georgia,72,211,4.56,6,191,Washington Redskins,8,41,1
2013,John Boyett,BoyeJo00,S,Oregon,70,204,4.64,6,192,Indianapolis Colts,0,0,0
2013,Spencer Ware,WareSp00,RB,LSU,70,228,4.62,6,194,Seattle Seahawks,17,43,1
2013,Alan Bonner,BonnAl00,WR,Jacksonville State,70,193,4.59,6,195,Houston Texans,0,0,0
2013,Jeff Baca,BacaJe00,OG,UCLA,75,302,5.03,6,196,Minnesota Vikings,0,4,0
2013,Cobi Hamilton,HamiCo00,WR,Arkansas,74,212,4.56,6,197,Cincinnati Bengals,2,14,1
2013,Chris Jones,JoneCh04,DT,Bowling Green,74,302,5.33,6,198,Houston Texans,14,41,0
2013,Theo Riddick,RiddTh00,RB,Notre Dame,70,201,4.68,6,199,Detroit Lions,24,88,1
2013,Kapron Lewis-Moore,LewiKa00,DT,Notre Dame,76,298,4.95,6,200,Baltimore Ravens,0,5,0
2013,Khalid Wooten,WootKh00,CB,Nevada,71,210,4.53,6,202,Tennessee Titans,0,3,0
2013,Braden Wilson,WilsBr00,FB,Kansas State,75,251,4.81,6,204,Kansas City Chiefs,0,0,0
2013,Stacy McGee,McGeSt01,DT,Oklahoma,75,308,4.98,6,205,Oakland Raiders,16,81,2
2013,Demetrius McCray,McCrDe00,CB,Appalachian State,73,187,4.54,7,210,Jacksonville Jaguars,8,49,1
2013,Joe Kruger,KrugJo00,DE,Utah,78,269,4.83,7,212,Philadelphia Eagles,0,0,0
2013,Michael Mauti,MautMi00,OLB,Penn State,74,243,4.83,7,213,Minnesota Vikings,6,58,0
2013,Travis Bond,BondTr00,OG,North Carolina,78,329,5.27,7,214,Minnesota Vikings,0,2,0
2013,Tommy Bohanon,BohaTo00,FB,Wake Forest,73,246,4.88,7,215,New York Jets,1,68,1
2013,Armonty Bryant,BryaAr00,DE,East Central (OK),76,263,4.86,7,217,Cleveland Browns,5,36,0
2013,Jordan Poyer,PoyeJo00,CB,Oregon State,72,191,4.54,7,218,Philadelphia Eagles,57,181,9
2013,D.C. Jefferson,JeffD.00,TE,Rutgers,78,255,4.97,7,219,Arizona Cardinals,0,4,0
2013,Brad Sorensen,SoreBr00,QB,Southern Utah,76,229,4.97,7,221,San Diego Chargers,0,0,0
2013,Chris Gragg,GragCh00,TE,Arkansas,75,244,4.5,7,222,Buffalo Bills,1,32,0
2013,Nicholas Williams,WillNi01,DT,Samford,76,309,4.94,7,223,Pittsburgh Steelers,22,97,1
2013,Eric Herman,HermEr00,OG,Ohio,76,320,5.25,7,225,New York Giants,0,0,0
2013,Michael Buchanan,BuchMi00,DE,Illinois,77,255,4.78,7,226,New England Patriots,2,18,0
2013,Garrett Gilkey,GilkGa00,OT,Chadron State,78,318,5.29,7,227,Cleveland Browns,2,22,0
2013,Jawan Jamison,JamiJa00,RB,Rutgers,67,203,4.68,7,228,Washington Redskins,0,0,0
2013,Everett Dawkins,DawkEv00,DT,Florida State,74,292,5.06,7,229,Minnesota Vikings,0,1,0
2013,Kerwynn Williams,WillKe05,RB,Utah State,68,195,4.48,7,230,Indianapolis Colts,6,40,0
2013,Ty Powell,PoweTy00,OLB,Harding,74,249,4.64,7,231,Seattle Seahawks,1,19,0
2013,Sam Barrington,BarrSa00,ILB,South Florida,73,246,4.91,7,232,Green Bay Packers,4,29,1
2013,David Bass,BassDa00,DE,Missouri Western State,76,262,4.84,7,233,Oakland Raiders,9,64,0
2013,Zac Dysert,DyseZa00,QB,Miami (OH),75,231,4.81,7,234,Denver Broncos,0,0,0
2013,Steve Beauharnais,BeauSt00,ILB,Rutgers,73,240,4.84,7,235,New England Patriots,0,5,0
2013,Marquess Wilson,WilsMa02,WR,Washington State,75,194,4.51,7,236,Chicago Bears,6,31,0
2013,Aaron Mellette,MellAa00,WR,Elon,74,217,4.54,7,238,Baltimore Ravens,0,0,0
2013,Reid Fragel,FragRe00,OT,Ohio State,80,308,5.14,7,240,Cincinnati Bengals,0,1,0
2013,Jared Smith,SmitJa02,DT,New Hampshire,75,302,5.08,7,241,Seattle Seahawks,0,0,0
2013,Zeke Motta,MottZe00,S,Notre Dame,74,213,4.75,7,244,Atlanta Falcons,1,10,0
2013,Brandon Hepburn,HepbBr00,ILB,Florida A&M,74,240,4.68,7,245,Detroit Lions,0,0,0
2013,Marc Anthony,AnthMa00,CB,California,71,196,4.63,7,247,Baltimore Ravens,0,0,0
2013,Daimion Stafford,StafDa00,S,Nebraska,72,221,4.69,7,248,Tennessee Titans,7,62,0
2013,Sean Renfree,RenfSe00,QB,Duke,75,219,4.76,7,249,Atlanta Falcons,0,2,0
2013,T.J. Johnson,JohnTJ00,C,South Carolina,76,310,5.33,7,251,Cincinnati Bengals,5,45,0
2013,Justice Cunningham,CunnJu00,TE,South Carolina,75,258,4.94,7,254,Indianapolis Colts,0,3,0
2014,Jadeveon Clowney,ClowJa00,DE,South Carolina,77,266,4.53,1,1,Houston Texans,63,154,10
2014,Greg Robinson,RobiGr01,OT,Auburn,77,332,4.92,1,2,St. Louis Rams,24,83,5
2014,Blake Bortles,BortBl00,QB,Central Florida,77,232,4.93,1,3,Jacksonville Jaguars,44,78,5
2014,Sammy Watkins,WatkSa00,WR,Clemson,73,211,4.43,1,4,Buffalo Bills,43,111,6
2014,Khalil Mack,MackKh00,OLB,Buffalo,75,251,4.65,1,5,Oakland Raiders,105,181,11
2014,Jake Matthews,MattJa00,OT,Texas A&M,77,308,5.07,1,6,Atlanta Falcons,75,198,12
2014,Mike Evans,EvanMi00,WR,Texas A&M,77,231,4.53,1,7,Tampa Bay Buccaneers,80,178,11
2014,Justin Gilbert,GilbJu00,CB,Oklahoma State,72,202,4.37,1,8,Cleveland Browns,4,35,0
2014,Anthony Barr,BarrAn00,OLB,UCLA,77,255,4.66,1,9,Minnesota Vikings,56,116,7
2014,Eric Ebron,EbroEr00,TE,North Carolina,76,250,4.6,1,10,Detroit Lions,29,106,4
2014,Taylor Lewan,LewaTa00,OT,Michigan,79,309,4.87,1,11,Tennessee Titans,48,105,7
2014,"Odell Beckham, Jr.",BeckOd00,WR,LSU,71,198,4.38,1,12,New York Giants,59,121,6
2014,Aaron Donald,DonaAa00,DT,Pittsburgh,73,285,4.68,1,13,St. Louis Rams,123,155,10
2014,Kyle Fuller,FullKy00,CB,Virginia Tech,72,190,4.49,1,14,Chicago Bears,48,113,5
2014,Ryan Shazier,ShazRy00,OLB,Ohio State,73,237,4.58,1,15,Pittsburgh Steelers,27,46,3
2014,Zack Martin,MartZa00,OG,Notre Dame,76,308,5.22,1,16,Dallas Cowboys,103,162,11
2014,C.J. Mosley,MoslC.00,ILB,Alabama,74,234,4.65,1,17,Baltimore Ravens,81,133,8
2014,Calvin Pryor,PryoCa00,S,Louisville,71,207,4.58,1,18,New York Jets,13,46,3
2014,Ja'Wuan James,JameJa01,OT,Tennessee,78,311,5.26,1,19,Miami Dolphins,27,66,4
2014,Brandin Cooks,CookBr00,WR,Oregon State,70,189,4.33,1,20,New Orleans Saints,73,173,10
2014,Ha Ha Clinton-Dix,ClinHa00,S,Alabama,73,208,4.58,1,21,Green Bay Packers,34,98,6
2014,Johnny Manziel,ManzJo00,QB,Texas A&M,72,207,4.68,1,22,Cleveland Browns,4,14,0
2014,Darqueze Dennard,DennDa00,CB,Michigan State,71,199,4.52,1,24,Cincinnati Bengals,13,87,0
2014,Jason Verrett,VerrJa00,CB,TCU,69,189,4.38,1,25,San Diego Chargers,17,41,2
2014,Marcus Smith,SmitMa03,DE,Louisville,75,251,4.66,1,26,Philadelphia Eagles,4,53,0
2014,Deone Bucannon,BucaDe00,S,Washington State,73,211,4.49,1,27,Arizona Cardinals,32,84,4
2014,Kelvin Benjamin,BenjKe00,WR,Florida State,77,240,4.61,1,28,Carolina Panthers,22,61,4
2014,Dominique Easley,EaslDo00,DT,Florida,74,288,4.93,1,29,New England Patriots,7,41,0
2014,Jimmie Ward,WardJi01,S,Northern Illinois,71,193,4.59,1,30,San Francisco 49ers,31,126,6
2014,Bradley Roby,RobyBr00,CB,Ohio State,71,194,4.39,1,31,Denver Broncos,26,135,4
2014,Xavier Su'a-Filo,Sua-Xa00,OG,UCLA,76,307,5.04,2,33,Houston Texans,24,83,3
2014,Demarcus Lawrence,LawrDe00,DE,Boise State,75,251,4.8,2,34,Dallas Cowboys,78,159,8
2014,Joel Bitonio,BitoJo00,OG,Nevada,76,302,4.92,2,35,Cleveland Browns,75,178,11
2014,Derek Carr,CarrDe02,QB,Fresno State,74,214,4.69,2,36,Oakland Raiders,93,169,11
2014,Ra'Shede Hageman,HageRa00,DT,Minnesota,78,310,4.92,2,37,Atlanta Falcons,8,44,1
2014,Austin Seferian-Jenkins,SefeAu00,TE,Washington,77,262,4.75,2,38,Tampa Bay Buccaneers,9,43,2
2014,Marqise Lee,LeexMa00,WR,USC,72,192,4.52,2,39,Jacksonville Jaguars,17,59,2
2014,Kyle Van Noy,VanNKy00,OLB,BYU,75,243,4.71,2,40,Detroit Lions,62,175,8
2014,Lamarcus Joyner,JoynLa00,CB,Florida State,68,184,4.55,2,41,St. Louis Rams,26,110,4
2014,Jordan Matthews,MattJo00,WR,Vanderbilt,75,212,4.46,2,42,Philadelphia Eagles,23,81,3
2014,Weston Richburg,RichWe00,C,Colorado State,75,298,5.1,2,43,New York Giants,33,79,5
2014,Cyrus Kouandjio,KouaCy00,OT,Alabama,79,322,5.59,2,44,Buffalo Bills,6,30,0
2014,Paul Richardson,RichPa01,WR,Colorado,72,175,4.4,2,45,Seattle Seahawks,14,64,3
2014,Stephon Tuitt,TuitSt00,DT,Notre Dame,77,304,4.92,2,46,Pittsburgh Steelers,38,91,6
2014,Trent Murphy,MurpTr00,DE,Stanford,77,250,4.86,2,47,Washington Redskins,33,86,4
2014,Timmy Jernigan,JernTi00,DT,Florida State,74,299,5.06,2,48,Baltimore Ravens,25,76,4
2014,Jace Amaro,AmarJa00,TE,Texas Tech,77,265,4.74,2,49,New York Jets,4,17,0
2014,Ego Ferguson,FergEg00,DT,LSU,75,315,4.98,2,51,Chicago Bears,2,20,0
2014,Troy Niklas,NiklTr00,TE,Notre Dame,78,270,4.84,2,52,Arizona Cardinals,1,41,1
2014,Davante Adams,AdamDa01,WR,Fresno State,73,212,4.56,2,53,Green Bay Packers,92,180,11
2014,Bishop Sankey,SankBi00,RB,Washington,69,209,4.49,2,54,Tennessee Titans,6,29,1
2014,Jeremy Hill,HillJe01,RB,LSU,73,233,4.56,2,55,Cincinnati Bengals,21,55,3
2014,Cody Latimer,LatiCo00,WR,Indiana,74,215,4.52,2,56,Denver Broncos,6,66,1
2014,Carlos Hyde,HydeCa00,RB,Ohio State,72,230,4.62,2,57,San Francisco 49ers,32,102,4
2014,Stanley Jean-Baptiste,JeanSt00,CB,Nebraska,75,218,4.61,2,58,New Orleans Saints,0,5,0
2014,Jack Mewhort,MewhJa00,OT,Ohio State,78,309,5.37,2,59,Indianapolis Colts,22,45,4
2014,Kony Ealy,EalyKo00,DE,Missouri,76,273,4.92,2,60,Carolina Panthers,12,65,0
2014,Allen Robinson,RobiAl02,WR,Penn State,75,220,4.6,2,61,Jacksonville Jaguars,48,139,8
2014,Jimmy Garoppolo,GaroJi00,QB,East. Illinois,74,226,4.97,2,62,New England Patriots,47,85,3
2014,Jarvis Landry,LandJa00,WR,LSU,71,205,4.65,2,63,Miami Dolphins,56,132,8
2014,Justin Britt,BritJu00,OT,Missouri,78,325,5.19,2,64,Seattle Seahawks,41,99,7
2014,C.J. Fiedorowicz,FiedC.00,TE,Iowa,77,265,4.76,3,65,Houston Texans,6,51,2
2014,Morgan Moses,MoseMo00,OT,Virginia,78,314,5.35,3,66,Washington Redskins,65,185,11
2014,Billy Turner,TurnBi00,OT,North Dakota State,77,315,5.16,3,67,Miami Dolphins,35,105,5
2014,Dezmen Southward,SoutDe00,S,Wisconsin,72,211,4.38,3,68,Atlanta Falcons,1,20,0
2014,Charles Sims,SimsCh00,RB,West Virginia,72,214,4.48,3,69,Tampa Bay Buccaneers,13,47,0
2014,Marcus Martin,MartMa01,C,USC,75,320,5.38,3,70,San Francisco 49ers,11,29,2
2014,Christian Kirksey,KirkCh00,OLB,Iowa,74,233,4.72,3,71,Cleveland Browns,40,114,5
2014,Scott Crichton,CricSc00,DE,Oregon State,75,273,4.84,3,72,Minnesota Vikings,2,21,0
2014,Preston Brown,BrowPr00,ILB,Louisville,73,251,4.86,3,73,Buffalo Bills,34,81,6
2014,Jay Bromley,BromJa00,DT,Syracuse,75,306,5.06,3,74,New York Giants,5,57,0
2014,Tre Mason,MasoTr00,RB,Auburn,68,207,4.5,3,75,St. Louis Rams,8,25,1
2014,Travis Swanson,SwanTr00,C,Arkansas,77,312,5.28,3,76,Detroit Lions,23,65,4
2014,Chris Borland,BorlCh00,ILB,Wisconsin,71,248,4.83,3,77,San Francisco 49ers,6,14,1
2014,Spencer Long,LongSp00,OG,Nebraska,77,320,5.16,3,78,Washington Redskins,22,67,3
2014,Terrence Brooks,BrooTe00,S,Florida State,71,198,4.42,3,79,Baltimore Ravens,8,105,0
2014,Dexter McDougle,McDoDe00,CB,Maryland,70,196,4.47,3,80,New York Jets,2,31,0
2014,Gabe Jackson,JackGa00,OG,Mississippi State,75,336,5.34,3,81,Oakland Raiders,47,136,9
2014,Will Sutton,SuttWi00,DT,Arizona State,72,303,5.36,3,82,Chicago Bears,8,36,2
2014,Louis Nix III,NixILo00,DT,Notre Dame,74,331,5.32,3,83,Houston Texans,0,4,0
2014,Kareem Martin,MartKa00,DE,North Carolina,78,272,4.72,3,84,Arizona Cardinals,12,78,2
2014,Khyri Thornton,ThorKh00,DT,Southern Miss,75,304,5.03,3,85,Green Bay Packers,3,23,0
2014,Josh Huff,HuffJo00,WR,Oregon,71,206,4.51,3,86,Philadelphia Eagles,6,37,0
2014,Phillip Gaines,GainPh00,CB,Rice,72,193,4.38,3,87,Kansas City Chiefs,10,70,1
2014,Will Clarke,ClarWi00,DE,West Virginia,78,271,4.77,3,88,Cincinnati Bengals,6,53,0
2014,Chris Watt,WattCh00,OG,Notre Dame,75,310,5.5,3,89,San Diego Chargers,5,17,0
2014,Donte Moncrief,MoncDo00,WR,Mississippi,74,221,4.4,3,90,Indianapolis Colts,18,83,3
2014,John Brown,BrowJo02,WR,Pittsburg State,70,179,4.34,3,91,Arizona Cardinals,36,103,5
2014,Trai Turner,TurnTr01,OG,LSU,75,310,4.93,3,92,Carolina Panthers,51,126,9
2014,Brandon Linder,LindBr00,OG,Miami (FL),78,311,5.35,3,93,Jacksonville Jaguars,31,88,6
2014,Terrance West,WestTe00,RB,Towson,69,225,4.56,3,94,Cleveland Browns,11,43,2
2014,Michael Schofield,SchoMi00,OT,Michigan,78,301,5.01,3,95,Denver Broncos,38,113,5
2014,Jerick McKinnon,McKiJe00,RB,Georgia Southern,69,209,4.41,3,96,Minnesota Vikings,32,116,1
2014,Dri Archer,ArchDr00,WR,Kent State,68,173,4.26,3,97,Pittsburgh Steelers,0,20,0
2014,Richard Rodgers,RodgRi00,TE,California,76,257,4.87,3,98,Green Bay Packers,14,98,2
2014,Crockett Gillmore,GillCr00,TE,Colorado State,78,260,4.89,3,99,Baltimore Ravens,4,32,1
2014,Brandon Thomas,ThomBr02,OG,Clemson,75,317,5.09,3,100,San Francisco 49ers,0,0,0
2014,Jaylen Watkins,WatkJa01,CB,Florida,71,194,4.41,4,101,Philadelphia Eagles,5,53,0
2014,Bashaud Breeland,BreeBa00,CB,Clemson,71,197,4.62,4,102,Washington Redskins,34,107,7
2014,Devonta Freeman,FreeDe00,RB,Florida State,68,206,4.58,4,103,Atlanta Falcons,49,98,4
2014,Jalen Saunders,SaunJa00,WR,Oklahoma,69,165,4.44,4,104,New York Jets,0,9,0
2014,Bryan Stork,StorBr00,C,Florida State,76,315,5.44,4,105,New England Patriots,11,21,1
2014,Bruce Ellington,ElliBr00,WR,South Carolina,69,197,4.45,4,106,San Francisco 49ers,7,44,0
2014,Justin Ellis,ElliJu01,DT,Louisiana Tech,73,334,5.27,4,107,Oakland Raiders,25,117,3
2014,Cassius Marsh,MarsCa00,DE,UCLA,76,252,4.89,4,108,Seattle Seahawks,13,96,0
2014,Ross Cockrell,CockRo00,CB,Duke,72,191,4.56,4,109,Buffalo Bills,20,97,3
2014,Mo Alexander,AlexMa00,S,Utah State,73,220,4.5,4,110,St. Louis Rams,11,57,1
2014,Russell Bodine,BodiRu00,OG,North Carolina,75,310,5.18,4,111,Cincinnati Bengals,30,74,5
2014,DaQuan Jones,JoneDa04,DT,Penn State,76,322,5.35,4,112,Tennessee Titans,60,168,10
2014,Andre Williams,WillAn00,RB,Boston Col.,71,230,4.56,4,113,New York Giants,7,41,0
2014,Aaron Colvin,ColvAa00,CB,Oklahoma,71,177,4.51,4,114,Jacksonville Jaguars,16,65,1
2014,Shaquelle Evans,EvanSh00,WR,UCLA,73,213,4.51,4,115,New York Jets,0,0,0
2014,Keith McGill,McGiKe00,CB,Utah,75,211,4.51,4,116,Oakland Raiders,4,54,0
2014,Ka'Deem Carey,CareKa00,RB,Arizona,69,207,4.69,4,117,Chicago Bears,3,37,0
2014,Martavis Bryant,BryaMa00,WR,Clemson,76,211,4.42,4,118,Pittsburgh Steelers,19,44,1
2014,Anthony Hitchens,HitcAn00,OLB,Iowa,72,240,4.74,4,119,Dallas Cowboys,41,119,7
2014,Logan Thomas,ThomLo00,QB,Virginia Tech,78,248,4.61,4,120,Arizona Cardinals,15,94,3
2014,Carl Bradford,BradCa01,OLB,Arizona State,73,250,4.76,4,121,Green Bay Packers,0,6,0
2014,Marqueston Huff,HuffMa00,S,Wyoming,71,196,4.49,4,122,Tennessee Titans,4,41,0
2014,Kevin Norwood,NorwKe00,WR,Alabama,74,198,4.48,4,123,Seattle Seahawks,1,10,0
2014,De'Anthony Thomas,ThomDe05,RB,Oregon,69,174,4.39,4,124,Kansas City Chiefs,7,69,0
2014,Khairi Fortt,FortKh00,OLB,California,74,248,4.7,4,126,New Orleans Saints,0,3,0
2014,Pierre Desir,DesiPi00,CB,Lindenwood,73,198,4.59,4,127,Cleveland Browns,18,85,3
2014,Tre Boston,BostTr00,S,North Carolina,72,204,4.58,4,128,Carolina Panthers,28,104,4
2014,Dontae Johnson,JohnDo02,CB,North Carolina State,74,200,4.41,4,129,San Francisco 49ers,15,105,1
2014,James White,WhitJa02,RB,Wisconsin,69,204,4.57,4,130,New England Patriots,37,95,0
2014,Brock Vereen,VereBr00,S,Minnesota,72,199,4.47,4,131,Chicago Bears,2,19,0
2014,Kevin Pierre-Louis,PierKe00,OLB,Boston Col.,72,232,4.51,4,132,Seattle Seahawks,15,95,1
2014,Nevin Lawson,LawsNe00,CB,Utah State,69,190,4.48,4,133,Detroit Lions,22,100,5
2014,Brent Urban,UrbaBr00,DE,Virginia,79,295,4.98,4,134,Baltimore Ravens,24,137,2
2014,Tom Savage,SavaTo00,QB,Pittsburgh,76,228,4.97,4,135,Houston Texans,3,13,1
2014,Larry Webster,WebsLa00,TE,Bloomsburg,78,252,4.58,4,136,Detroit Lions,0,1,0
2014,Dakota Dozier,DoziDa00,OG,Furman,76,313,5.42,4,137,New York Jets,13,76,1
2014,Lorenzo Taliaferro,TaliLo00,RB,Coastal Carolina,72,229,4.58,4,138,Baltimore Ravens,3,19,0
2014,Prince Shembo,ShemPr00,OLB,Notre Dame,73,253,4.71,4,139,Atlanta Falcons,2,16,0
2014,Cameron Fleming,FlemCa00,OT,Stanford,77,323,5.28,4,140,New England Patriots,30,118,2
2014,Taylor Hart,HartTa00,DE,Oregon,78,281,4.92,5,141,Philadelphia Eagles,1,15,0
2014,Ryan Grant,GranRy01,WR,Tulane,72,199,4.64,5,142,Washington Redskins,10,80,1
2014,Kadeem Edwards,EdwaKa00,OG,Tennessee State,76,313,5.25,5,143,Tampa Bay Buccaneers,0,0,0
2014,Telvin Smith,SmitTe01,OLB,Florida State,75,218,4.52,5,144,Jacksonville Jaguars,42,76,5
2014,David Yankey,YankDa00,OG,Stanford,78,315,5.48,5,145,Minnesota Vikings,0,6,0
2014,Devin Street,StreDe00,WR,Pittsburgh,75,198,4.55,5,146,Dallas Cowboys,1,36,0
2014,Ricardo Allen,AlleRi00,CB,Purdue,69,187,4.61,5,147,Atlanta Falcons,25,91,5
2014,Bene' Benwikere,BenwBe00,CB,San Jose State,71,195,4.59,5,148,Carolina Panthers,10,54,1
2014,Aaron Lynch,LyncAa00,DE,South Florida,77,249,4.76,5,150,San Francisco 49ers,14,81,1
2014,Avery Williamson,WillAv00,ILB,Kentucky,73,246,4.66,5,151,Tennessee Titans,38,96,5
2014,Nat Berhe,BerhNa00,S,San Diego State,70,193,4.71,5,152,New York Giants,3,42,0
2014,Cyril Richardson,RichCy00,OG,Baylor,77,329,5.36,5,153,Buffalo Bills,2,12,0
2014,Jeremiah George,GeorJe01,ILB,Iowa State,71,234,4.91,5,154,New York Jets,3,37,0
2014,Arthur Lynch,LyncAr00,TE,Georgia,77,258,4.82,5,155,Miami Dolphins,0,0,0
2014,Lamin Barrow,BarrLa00,ILB,LSU,73,237,4.64,5,156,Denver Broncos,2,32,0
2014,Caraun Reid,ReidCa00,DT,Princeton,74,302,4.91,5,158,Detroit Lions,9,55,1
2014,Chris Smith,SmitCh03,OLB,Arkansas,73,266,4.66,5,159,Jacksonville Jaguars,8,72,0
2014,Ed Stinson,StinEd00,DE,Alabama,75,287,4.98,5,160,Arizona Cardinals,5,33,0
2014,Corey Linsley,LinsCo00,C,Ohio State,75,296,5.24,5,161,Green Bay Packers,64,132,9
2014,Ed Reynolds,ReynEd00,S,Stanford,73,207,4.57,5,162,Philadelphia Eagles,4,16,1
2014,Aaron Murray,MurrAa00,QB,Georgia,72,207,4.84,5,163,Kansas City Chiefs,0,0,0
2014,A.J. McCarron,McCaA.00,QB,Alabama,75,220,4.94,5,164,Cincinnati Bengals,4,19,0
2014,Ryan Carrethers,CarrRy00,DT,Arkansas State,73,337,5.47,5,165,San Diego Chargers,3,24,0
2014,Jonathan Newsome,NewsJo00,OLB,Ball State,75,247,4.73,5,166,Indianapolis Colts,4,30,0
2014,Ronald Powell,PoweRo01,OLB,Florida,75,237,4.65,5,169,New Orleans Saints,1,14,0
2014,Keith Reaser,ReasKe00,CB,Florida Atlantic,71,189,4.43,5,170,San Francisco 49ers,2,30,0
2014,Jordan Tripp,TripJo00,OLB,Montana,75,234,4.67,5,171,Miami Dolphins,3,37,0
2014,Wesley Johnson,JohnWe00,C,Vanderbilt,77,297,5.11,5,173,Pittsburgh Steelers,11,51,1
2014,Devon Kennard,KennDe00,OLB,USC,75,249,4.7,5,174,New York Giants,33,118,5
2014,John Urschel,UrscJo00,OG,Penn State,75,313,5.31,5,175,Baltimore Ravens,7,40,0
2014,Jared Abbrederis,AbbrJa00,WR,Wisconsin,73,195,4.5,5,176,Green Bay Packers,1,22,0
2014,Jeoffrey Pagan,PagaJe00,DE,Alabama,75,310,4.92,6,177,Houston Texans,1,22,0
2014,Jon Halapio,HalaJo00,OG,Florida,75,323,5.34,6,179,New England Patriots,10,27,2
2014,Alfred Blue,BlueAl00,RB,LSU,74,223,4.63,6,181,Houston Texans,18,73,1
2014,Antone Exum,ExumAn00,CB,Virginia Tech,72,213,4.59,6,182,Minnesota Vikings,6,51,0
2014,David Fales,FaleDa00,QB,San Jose State,74,212,4.99,6,183,Chicago Bears,1,5,0
2014,Kendall James,JameKe00,CB,Maine,70,180,4.44,6,184,Minnesota Vikings,0,0,0
2014,Robert Herron,HerrRo00,WR,Wyoming,69,193,4.48,6,185,Tampa Bay Buccaneers,0,8,0
2014,Lache Seastrunk,SeasLa00,RB,Baylor,69,201,4.51,6,186,Washington Redskins,0,0,0
2014,Bennett Jackson,JackBe00,CB,Notre Dame,72,195,4.51,6,187,New York Giants,0,10,0
2014,E.J. Gaines,GainE.00,CB,Missouri,70,190,4.44,6,188,St. Louis Rams,13,43,3
2014,T.J. Jones,JoneT.00,WR,Notre Dame,72,188,4.46,6,189,Detroit Lions,7,45,0
2014,Matt Hazel,HazeMa01,WR,Coastal Carolina,73,198,4.5,6,190,Miami Dolphins,0,9,0
2014,Pat O'Donnell,ODonPa00,P,Miami (FL),76,220,4.64,6,191,Chicago Bears,18,158,1
2014,Jordan Zumwalt,ZumwJo00,OLB,UCLA,76,235,4.76,6,192,Pittsburgh Steelers,0,0,0
2014,Zach Fulton,FultZa00,OG,Tennessee,77,316,5.16,6,193,Kansas City Chiefs,39,107,6
2014,Keith Wenning,WennKe00,QB,Ball State,75,218,5.0,6,194,Baltimore Ravens,0,0,0
2014,Brandon Dixon,DixoBr00,CB,Northwest Missouri State,71,203,4.41,6,195,New York Jets,3,19,0
2014,Demetri Goodson,GoodDe00,CB,Baylor,71,194,4.52,6,197,Green Bay Packers,2,26,0
2014,Zach Moore,MoorZa00,DE,Concordia (MN),77,269,4.84,6,198,New England Patriots,3,26,0
2014,Marion Grice,GricMa00,RB,Arizona State,72,208,4.67,6,201,San Diego Chargers,0,10,0
2014,Andrew Jackson,JackAn02,ILB,Western Kentucky,73,254,4.9,6,203,Indianapolis Colts,1,13,0
2014,Tyler Gaffney,GaffTy00,RB,Stanford,71,220,4.49,6,204,Carolina Panthers,0,0,0
2014,Jemea Thomas,ThomJe03,CB,Georgia Tech,69,192,4.52,6,206,New England Patriots,0,2,0
2014,Matt Paradis,ParaMa00,C,Boise State,75,306,5.34,6,207,Denver Broncos,34,98,6
2014,Quincy Enunwa,EnunQu00,WR,Nebraska,74,225,4.41,6,209,New York Jets,13,41,2
2014,I.K. Enemkpali,EnemIK00,DE,Louisiana Tech,73,261,4.86,6,210,New York Jets,1,17,0
2014,Tajh Boyd,BoydTa00,QB,Clemson,73,222,4.84,6,213,New York Jets,0,0,0
2014,Daniel McCullers,McCuDa00,DT,Tennessee,79,352,5.18,6,215,Pittsburgh Steelers,6,76,0
2014,Andre Hal,HalxAn00,CB,Vanderbilt,70,188,4.5,7,216,Houston Texans,17,69,3
2014,Michael Campanaro,CampMi02,WR,Wake Forest,69,192,4.46,7,218,Baltimore Ravens,4,24,0
2014,Travis Carrie,CarrTr00,CB,Ohio,72,206,4.49,7,219,Oakland Raiders,22,125,3
2014,Shamar Stephen,StepSh00,DT,Connecticut,77,309,5.25,7,220,Minnesota Vikings,32,115,4
2014,Storm Johnson,JohnSt03,RB,Central Florida,72,209,4.6,7,222,Jacksonville Jaguars,0,6,0
2014,Jabari Price,PricJa00,CB,North Carolina,71,200,4.45,7,225,Minnesota Vikings,1,14,0
2014,Zach Hocker,HockZa00,K,Arkansas,72,189,4.9,7,228,Washington Redskins,0,8,0
2014,Rob Blanchflower,BlanRo01,TE,Massachusetts,76,256,4.82,7,230,Pittsburgh Steelers,0,0,0
2014,Trevor Reilly,ReilTr00,OLB,Utah,77,245,4.67,7,233,New York Jets,4,37,0
2014,Jeff Janis,JaniJe00,WR,Saginaw Valley State,75,219,4.42,7,236,Green Bay Packers,2,51,0
2014,Seantrel Henderson,HendSe00,OT,Miami (FL),79,331,5.04,7,237,Buffalo Bills,14,39,2
2014,Tevin Reese,ReesTe00,WR,Baylor,70,163,4.46,7,240,San Diego Chargers,0,0,0
2014,Jeremy Gallon,GallJe00,WR,Michigan,67,185,4.49,7,244,New England Patriots,0,0,0
2014,Trey Millard,MillTr00,FB,Oklahoma,74,247,4.64,7,245,San Francisco 49ers,0,0,0
2014,Charles Leno,LenoCh00,OG,Boise State,76,303,5.25,7,246,Chicago Bears,53,149,9
2014,Jonathan Dowling,DowlJo00,S,Western Kentucky,75,190,4.52,7,247,Oakland Raiders,0,7,0
2014,Ahmad Dixon,DixoAh00,S,Baylor,72,212,4.64,7,248,Dallas Cowboys,0,5,0
2014,Michael Sam,SamxMi00,DE,Missouri,74,261,4.91,7,249,St. Louis Rams,0,0,0
2014,Lavelle Westbrooks,WestLa00,CB,Georgia Southern,71,186,4.63,7,252,Cincinnati Bengals,0,0,0
2014,Terrance Mitchell,MitcTe00,CB,Oregon,71,192,4.63,7,254,Dallas Cowboys,20,94,3
2014,Tyler Starr,StarTy00,OLB,South Dakota,76,250,4.95,7,255,Atlanta Falcons,0,1,0
2015,Jameis Winston,WinsJa00,QB,Florida State,76,231,4.97,1,1,Tampa Bay Buccaneers,63,109,5
2015,Marcus Mariota,MariMa01,QB,Oregon,76,222,4.52,1,2,Tennessee Titans,60,105,5
2015,Dante Fowler,FowlDa00,OLB,Florida,75,261,4.6,1,3,Jacksonville Jaguars,31,161,3
2015,Amari Cooper,CoopAm00,WR,Alabama,73,211,4.42,1,4,Oakland Raiders,66,154,9
2015,Brandon Scherff,ScheBr00,OT,Iowa,77,319,5.05,1,5,Washington Redskins,62,140,10
2015,Leonard Williams,WillLe02,DT,USC,77,302,4.97,1,6,New York Jets,78,177,10
2015,Kevin White,WhitKe00,WR,West Virginia,75,215,4.35,1,7,Chicago Bears,3,30,0
2015,Vic Beasley,BeasVi00,OLB,Clemson,75,246,4.53,1,8,Atlanta Falcons,32,88,5
2015,Ereck Flowers,FlowEr00,OT,Miami (FL),78,329,5.31,1,9,New York Giants,35,105,7
2015,Todd Gurley,GurlTo01,RB,Georgia,73,222,4.52,1,10,St. Louis Rams,54,88,6
2015,Trae Waynes,WaynTr00,CB,Michigan State,72,186,4.31,1,11,Minnesota Vikings,18,79,3
2015,Danny Shelton,ShelDa01,DT,Washington,74,339,5.64,1,12,Cleveland Browns,33,101,5
2015,Andrus Peat,PeatAn00,OT,Stanford,79,313,5.18,1,13,New Orleans Saints,53,132,7
2015,DeVante Parker,ParkDe01,WR,Louisville,75,209,4.45,1,14,Miami Dolphins,36,119,6
2015,Melvin Gordon,GordMe00,RB,Wisconsin,73,215,4.52,1,15,San Diego Chargers,51,112,7
2015,Kevin Johnson,JohnKe04,CB,Wake Forest,72,188,4.52,1,16,Houston Texans,11,64,0
2015,Arik Armstead,ArmsAr01,DE,Oregon,79,292,5.06,1,17,San Francisco 49ers,45,151,7
2015,Marcus Peters,PeteMa00,CB,Washington,72,197,4.53,1,18,Kansas City Chiefs,63,116,7
2015,Cameron Erving,ErviCa00,C,Florida State,77,313,5.15,1,19,Cleveland Browns,28,98,3
2015,Nelson Agholor,AghoNe00,WR,USC,72,198,4.42,1,20,Philadelphia Eagles,36,149,7
2015,Cedric Ogbuehi,OgbuCe00,OT,Texas A&M,77,306,4.98,1,21,Cincinnati Bengals,17,67,2
2015,Alvin Dupree,DuprAl00,DE,Kentucky,76,269,4.56,1,22,Pittsburgh Steelers,46,154,6
2015,Shane Ray,RayxSh00,DE,Missouri,75,245,4.68,1,23,Denver Broncos,12,49,1
2015,D.J. Humphries,HumpD.00,OT,Florida,77,307,5.12,1,24,Arizona Cardinals,45,108,7
2015,Shaq Thompson,ThomSh01,OLB,Washington,72,228,4.64,1,25,Carolina Panthers,43,135,8
2015,Byron Jones,JoneBy00,CB,Connecticut,73,199,4.43,1,27,Dallas Cowboys,38,109,7
2015,Laken Tomlinson,TomlLa01,OG,Duke,75,323,5.33,1,28,Detroit Lions,55,173,10
2015,Phillip Dorsett,DorsPh00,WR,Miami (FL),70,185,4.33,1,29,Indianapolis Colts,16,94,0
2015,Damarious Randall,RandDa00,S,Arizona State,71,196,4.46,1,30,Green Bay Packers,21,75,5
2015,Stephone Anthony,AnthSt00,ILB,Clemson,75,243,4.56,1,31,New Orleans Saints,10,62,1
2015,Malcom Brown,BrowMa01,DT,Texas,74,319,5.05,1,32,New England Patriots,43,106,6
2015,Landon Collins,CollLa00,S,Alabama,72,228,4.53,2,33,New York Giants,42,100,6
2015,Donovan Smith,SmitDo02,OT,Penn State,78,338,5.27,2,34,Tampa Bay Buccaneers,57,136,9
2015,"Mario Edwards, Jr.",EdwaMa01,DE,Florida State,75,279,4.76,2,35,Oakland Raiders,25,143,2
2015,T.J. Yeldon,YeldT.00,RB,Alabama,73,226,4.61,2,36,Jacksonville Jaguars,20,60,2
2015,Devin Smith,SmitDe04,WR,Ohio State,72,196,4.42,2,37,New York Jets,2,22,0
2015,Preston Smith,SmitPr00,DE,Mississippi State,77,271,4.74,2,38,Washington Redskins,55,176,8
2015,Eddie Goldman,GoldEd00,DT,Florida State,76,336,5.28,2,39,Chicago Bears,36,111,4
2015,Dorial Green-Beckham,GreeDo00,WR,Oklahoma,77,237,4.49,2,40,Tennessee Titans,7,31,0
2015,Devin Funchess,FuncDe00,WR,Michigan,76,232,4.7,2,41,Carolina Panthers,20,62,2
2015,Jalen Collins,CollJa02,CB,LSU,73,203,4.48,2,42,Atlanta Falcons,4,24,0
2015,Benardrick McKinney,McKiBe00,ILB,Mississippi State,76,246,4.66,2,43,Houston Texans,44,91,5
2015,Hau'oli Kikaha,KikaHa00,OLB,Washington,74,253,4.93,2,44,New Orleans Saints,5,27,1
2015,Eric Kendricks,KendEr00,ILB,UCLA,72,232,4.61,2,45,Minnesota Vikings,64,150,10
2015,Jaquiski Tartt,TartJa00,S,Samford,73,221,4.53,2,46,San Francisco 49ers,21,80,4
2015,Eric Rowe,RoweEr00,CB,Utah,73,205,4.45,2,47,Philadelphia Eagles,21,103,2
2015,Denzel Perryman,PerrDe00,ILB,Miami (FL),71,236,4.78,2,48,San Diego Chargers,45,129,8
2015,Mitch Morse,MorsMi00,OG,Missouri,77,305,5.14,2,49,Kansas City Chiefs,55,143,9
2015,Ronald Darby,DarbRo00,CB,Florida State,71,193,4.38,2,50,Buffalo Bills,34,118,8
2015,Nate Orchard,OrchNa00,DE,Utah,75,250,4.8,2,51,Cleveland Browns,8,48,1
2015,Jordan Phillips,PhilJo01,DT,Oklahoma,77,329,5.17,2,52,Miami Dolphins,32,140,5
2015,Jake Fisher,FishJa00,OT,Oregon,78,306,5.01,2,53,Cincinnati Bengals,9,48,0
2015,Ameer Abdullah,AbduAm00,RB,Nebraska,69,205,4.6,2,54,Detroit Lions,22,156,2
2015,Maxx Williams,WillMa04,TE,Minnesota,76,249,4.78,2,55,Baltimore Ravens,8,83,2
2015,Senquez Golson,GolsSe00,CB,Mississippi,69,176,4.46,2,56,Pittsburgh Steelers,0,0,0
2015,Rob Havenstein,HaveRo00,OT,Wisconsin,79,321,5.46,2,57,St. Louis Rams,58,148,10
2015,Markus Golden,GoldMa00,OLB,Missouri,74,260,4.9,2,58,Arizona Cardinals,33,127,4
2015,Ty Sambrailo,SambTy00,OT,Colorado State,78,311,5.36,2,59,Denver Broncos,14,71,0
2015,Randy Gregory,GregRa00,DE,Nebraska,77,235,4.64,2,60,Dallas Cowboys,15,72,1
2015,Ali Marpet,MarpAl00,OG,Hobart & William Smith,76,307,4.98,2,61,Tampa Bay Buccaneers,43,101,7
2015,Quinten Rollins,RollQu00,CB,Miami (OH),71,195,4.57,2,62,Green Bay Packers,7,33,0
2015,Frank Clark,ClarFr01,DE,Michigan,75,271,4.79,2,63,Seattle Seahawks,49,128,6
2015,Jordan Richards,RichJo00,S,Stanford,71,211,4.65,2,64,New England Patriots,10,86,1
2015,D'Joun Smith,SmitDJ00,CB,Florida Atlantic,70,187,4.37,3,65,Indianapolis Colts,0,5,0
2015,Jeremiah Poutasi,PoutJe00,OG,Utah,77,335,5.32,3,66,Tennessee Titans,3,12,0
2015,A.J. Cann,CannA.00,OG,South Carolina,75,313,5.47,3,67,Jacksonville Jaguars,39,111,7
2015,Clive Walford,WalfCl00,TE,Miami (FL),76,251,4.79,3,68,Oakland Raiders,7,52,1
2015,Tyler Lockett,LockTy00,WR,Kansas State,70,182,4.4,3,69,Seattle Seahawks,68,178,10
2015,Jaelen Strong,StroJa01,WR,Arizona State,74,217,4.44,3,70,Houston Texans,2,20,0
2015,Hroniss Grasu,GrasHr00,C,Oregon,75,297,5.03,3,71,Chicago Bears,8,33,1
2015,Jamon Brown,BrowJa04,OT,Louisville,76,323,5.08,3,72,St. Louis Rams,21,62,3
2015,Tevin Coleman,ColeTe01,RB,Indiana,71,206,4.4,3,73,Atlanta Falcons,33,94,2
2015,Owamagbe Odighizuwa,OdigOw00,DE,UCLA,75,267,4.62,3,74,New York Giants,1,18,0
2015,Garrett Grayson,GrayGa00,QB,Colorado State,74,213,4.75,3,75,New Orleans Saints,0,0,0
2015,Chris Conley,ConlCh00,WR,Georgia,74,213,4.35,3,76,Kansas City Chiefs,23,132,3
2015,Duke Johnson,JohnDu00,RB,Miami (FL),69,207,4.54,3,77,Cleveland Browns,28,97,0
2015,P.J. Williams,WillP.00,CB,Florida State,72,194,4.57,3,78,New Orleans Saints,19,89,2
2015,Eli Harold,HaroEl00,OLB,Virginia,75,247,4.6,3,79,San Francisco 49ers,11,61,2
2015,Alex Carter,CartAl01,CB,Stanford,72,196,4.51,3,80,Detroit Lions,0,2,0
2015,John Miller,MillJo04,OG,Louisville,74,303,5.33,3,81,Buffalo Bills,31,87,5
2015,Lorenzo Mauldin,MaulLo00,OLB,Louisville,76,259,4.85,3,82,New York Jets,4,26,0
2015,Craig Mager,MageCr00,CB,Texas State,71,201,4.44,3,83,San Diego Chargers,4,24,0
2015,Jordan Hicks,HickJo00,OLB,Texas,73,236,4.68,3,84,Philadelphia Eagles,53,134,9
2015,Tyler Kroft,KrofTy00,TE,Rutgers,77,246,4.75,3,85,Cincinnati Bengals,9,100,2
2015,David Johnson,JohnDa08,RB,New Mexico,73,224,4.5,3,86,Arizona Cardinals,42,92,3
2015,Sammie Coates,CoatSa00,WR,Auburn,73,212,4.43,3,87,Pittsburgh Steelers,4,44,0
2015,Danielle Hunter,HuntDa01,DE,LSU,77,252,4.57,3,88,Minnesota Vikings,83,155,7
2015,Sean Mannion,MannSe00,QB,Oregon State,78,229,5.14,3,89,St. Louis Rams,2,14,0
2015,Carl Davis,DaviCa01,DT,Iowa,77,320,5.07,3,90,Baltimore Ravens,13,78,1
2015,Chaz Green,GreeCh02,OT,Florida,77,314,5.16,3,91,Dallas Cowboys,7,39,0
2015,Jeff Heuerman,HeueJe00,TE,Ohio State,77,254,4.81,3,92,Denver Broncos,5,51,3
2015,Henry Anderson,AndeHe00,DE,Stanford,78,294,4.97,3,93,Indianapolis Colts,21,89,4
2015,Ty Montgomery,MontTy01,WR,Stanford,72,221,4.55,3,94,Green Bay Packers,17,92,1
2015,Matt Jones,JoneMa04,RB,Florida,74,231,4.61,3,95,Washington Redskins,9,25,0
2015,Xavier Cooper,CoopXa00,DT,Washington State,75,293,4.86,3,96,Cleveland Browns,4,40,0
2015,Geneo Grissom,GrisGe00,OLB,Oklahoma,75,262,4.81,3,97,New England Patriots,3,37,0
2015,Steven Nelson,NelsSt01,CB,Oregon State,70,197,4.49,3,98,Kansas City Chiefs,36,130,7
2015,Paul Dawson,DawsPa00,ILB,TCU,72,235,4.93,3,99,Cincinnati Bengals,1,16,0
2015,Angelo Blackson,BlacAn00,DT,Auburn,76,318,5.02,4,100,Tennessee Titans,23,129,1
2015,Trey Flowers,FlowTr00,DE,Arkansas,74,266,4.93,4,101,New England Patriots,34,79,4
2015,Daryl Williams,WillDa06,OT,Oklahoma,77,327,5.34,4,102,Carolina Panthers,39,89,5
2015,Bryce Petty,PettBr01,QB,Baylor,75,230,4.87,4,103,New York Jets,4,10,0
2015,James Sample,SampJa00,S,Louisville,74,209,4.56,4,104,Jacksonville Jaguars,1,4,0
2015,Jamison Crowder,CrowJa00,WR,Duke,68,185,4.56,4,105,Washington Redskins,33,123,4
2015,Jeremy Langford,LangJe00,RB,Michigan State,72,208,4.42,4,106,Chicago Bears,7,29,0
2015,Justin Hardy,HardJu00,WR,East Carolina,70,192,4.56,4,107,Atlanta Falcons,8,73,0
2015,Jalston Fowler,FowlJa00,FB,Alabama,71,254,4.94,4,108,Tennessee Titans,0,42,1
2015,Clayton Geathers,GeatCl00,S,Central Florida,74,218,4.55,4,109,Indianapolis Colts,13,56,3
2015,T.J. Clemmings,ClemT.00,OT,Pittsburgh,77,309,5.14,4,110,Minnesota Vikings,15,41,2
2015,Tre Jackson,JackTr00,OG,Florida State,76,330,5.52,4,111,New England Patriots,6,13,1
2015,Arie Kouandjio,KouaAr00,OG,Alabama,77,310,5.48,4,112,Washington Redskins,4,16,0
2015,Gabe Wright,WrigGa00,DT,Auburn,75,300,5.07,4,113,Detroit Lions,1,15,0
2015,Jamil Douglas,DougJa00,OG,Arizona State,76,304,5.25,4,114,Miami Dolphins,7,50,0
2015,Ibraheim Campbell,CampIb00,S,Northwestern,71,208,4.52,4,115,Cleveland Browns,6,60,1
2015,Blake Bell,BellBl00,TE,Oklahoma,78,252,4.8,4,117,San Francisco 49ers,5,117,1
2015,Ramik Wilson,WilsRa00,ILB,Georgia,74,237,4.77,4,118,Kansas City Chiefs,14,46,1
2015,Andrew Donnal,DonnAn00,OT,Iowa,78,313,5.31,4,119,St. Louis Rams,4,31,0
2015,Josh Shaw,ShawJo00,CB,USC,72,201,4.44,4,120,Cincinnati Bengals,7,55,0
2015,Doran Grant,GranDo00,CB,Ohio State,70,200,4.44,4,121,Pittsburgh Steelers,0,3,0
2015,Za'Darius Smith,SmitZa00,DE,Kentucky,76,274,4.83,4,122,Baltimore Ravens,57,147,4
2015,Vince Mayle,MaylVi00,WR,Washington State,74,224,4.67,4,123,Cleveland Browns,0,23,0
2015,Kwon Alexander,AlexKw00,OLB,LSU,73,227,4.55,4,124,Tampa Bay Buccaneers,43,109,6
2015,Javorius Allen,AlleJa01,RB,USC,72,221,4.53,4,125,Baltimore Ravens,14,64,0
2015,Mike Davis,DaviMi01,RB,South Carolina,69,217,4.61,4,126,San Francisco 49ers,20,87,2
2015,Damien Wilson,WilsDa02,ILB,Minnesota,72,245,4.77,4,127,Dallas Cowboys,31,127,5
2015,Jon Feliciano,FeliJo00,OG,Miami (FL),76,323,5.33,4,128,Oakland Raiders,26,113,2
2015,Jake Ryan,RyanJa00,OLB,Michigan,74,240,4.65,4,129,Green Bay Packers,14,45,2
2015,Terry Poole,PoolTe00,OT,San Diego State,77,307,5.09,4,130,Seattle Seahawks,0,0,0
2015,DeAndre Smelter,SmelDe00,WR,Georgia Tech,74,226,4.52,4,132,San Francisco 49ers,0,2,0
2015,Max Garcia,GarcMa00,C,Florida,76,309,5.24,4,133,Denver Broncos,26,122,3
2015,Mark Glowinski,GlowMa00,OG,West Virginia,76,307,5.2,4,134,Seattle Seahawks,41,129,6
2015,Marcus Hardison,HardMa00,DT,Arizona State,75,307,4.91,4,135,Cincinnati Bengals,0,0,0
2015,Grady Jarrett,JarrGr00,DT,Clemson,73,304,5.06,5,137,Atlanta Falcons,57,168,8
2015,David Cobb,CobbDa00,RB,Minnesota,71,229,4.81,5,138,Tennessee Titans,1,7,0
2015,Rashad Greene,GreeRa00,WR,Florida State,71,182,4.53,5,139,Jacksonville Jaguars,2,25,0
2015,Ben Heeney,HeenBe00,ILB,Kansas,72,231,4.59,5,140,Oakland Raiders,3,24,0
2015,Martrell Spaight,SpaiMa00,ILB,Arkansas,72,236,4.81,5,141,Washington Redskins,6,37,0
2015,Adrian Amos,AmosAd00,S,Penn State,72,218,4.56,5,142,Chicago Bears,38,143,8
2015,MyCole Pruitt,PruiMy00,TE,Southern Illinois,74,251,4.58,5,143,Minnesota Vikings,7,121,1
2015,Bobby McCain,McCaBo01,CB,Memphis,69,195,4.51,5,145,Miami Dolphins,28,134,6
2015,Stefon Diggs,DiggSt00,WR,Maryland,72,195,4.46,5,146,Minnesota Vikings,90,163,11
2015,Brett Hundley,HundBr00,QB,UCLA,75,226,4.63,5,147,Green Bay Packers,5,18,1
2015,Davis Tull,TullDa00,OLB,Tenn-Chattanooga,74,246,4.57,5,148,New Orleans Saints,0,0,0
2015,Jay Ajayi,AjayJa00,RB,Boise State,72,221,4.57,5,149,Miami Dolphins,19,45,2
2015,David Parry,ParrDa00,DT,Stanford,73,308,5.38,5,151,Indianapolis Colts,13,36,2
2015,Jarvis Harrison,HarrJa02,OG,Texas A&M,76,330,5.19,5,152,New York Jets,0,0,0
2015,Kyle Emanuel,EmanKy00,OLB,North Dakota State,75,255,4.77,5,153,San Diego Chargers,16,71,2
2015,Tyeler Davison,DaviTy01,DT,Fresno State,74,316,5.18,5,154,New Orleans Saints,31,111,6
2015,Karlos Williams,WillKa01,RB,Florida State,73,230,4.48,5,155,Buffalo Bills,4,11,0
2015,Tony Lippett,LippTo00,WR,Michigan State,74,192,4.61,5,156,Miami Dolphins,6,28,1
2015,J.J. Nelson,NelsJJ00,WR,Ala-Birmingham,70,156,4.28,5,159,Arizona Cardinals,12,58,0
2015,Jesse James,JameJe00,TE,Penn State,79,261,4.83,5,160,Pittsburgh Steelers,12,104,4
2015,Neiron Ball,BallNe00,OLB,Florida,74,236,4.65,5,161,Oakland Raiders,1,6,0
2015,Kenny Bell,BellKe02,WR,Nebraska,73,197,4.42,5,162,Tampa Bay Buccaneers,0,0,0
2015,Ryan Russell,RussRy00,DE,Purdue,76,269,4.75,5,163,Dallas Cowboys,4,23,0
2015,Lorenzo Doss,DossLo00,CB,Tulane,70,182,4.5,5,164,Denver Broncos,0,16,0
2015,Bradley Pinion,PiniBr00,P,Clemson,77,229,5.18,5,165,San Francisco 49ers,15,181,3
2015,Joe Cardona,CardJo00,LS,Navy,74,242,4.91,5,166,New England Patriots,8,179,0
2015,Damian Swann,SwanDa02,CB,Georgia,72,189,4.5,5,167,New Orleans Saints,1,7,0
2015,Michael Burton,BurtMi00,FB,Rutgers,71,242,4.65,5,168,Detroit Lions,1,149,1
2015,Tye Smith,SmitTy01,CB,Towson,72,195,4.6,5,170,Seattle Seahawks,3,45,0
2015,Nick Boyle,BoylNi00,TE,Pittsburgh,76,268,5.04,5,171,Baltimore Ravens,9,90,4
2015,Cameron Artis-Payne,ArtiCa00,RB,Auburn,70,212,4.53,5,174,Carolina Panthers,5,32,0
2015,Keith Mumphery,MumpKe00,WR,Michigan State,72,215,4.54,5,175,Houston Texans,2,27,0
2015,Robert Myers,MyerRo01,OG,Tennessee State,77,326,5.44,5,176,Baltimore Ravens,0,0,0
2015,Max Valles,VallMa00,OLB,Virginia,77,251,4.83,6,179,Oakland Raiders,0,0,0
2015,Mike Bennett,BennMi01,DT,Ohio State,74,293,5.04,6,180,Jacksonville Jaguars,1,16,0
2015,Kyshoen Jarrett,JarrKy00,S,Virginia Tech,70,200,4.57,6,181,Washington Redskins,3,16,0
2015,Tayo Fabuluje,FabuTa00,OG,TCU,78,353,5.55,6,183,Chicago Bears,0,4,0
2015,Kaelin Clay,ClayKa00,WR,Utah,70,195,4.51,6,184,Tampa Bay Buccaneers,3,22,0
2015,Tyrus Thompson,ThomTy01,OT,Oklahoma,77,324,5.35,6,185,Minnesota Vikings,0,0,0
2015,Geremy Davis,DaviGe00,WR,Connecticut,74,216,4.49,6,186,New York Giants,0,36,0
2015,Charles Gaines,GainCh00,CB,Louisville,70,180,4.44,6,189,Cleveland Browns,1,6,0
2015,JaCorey Shepherd,ShepJa00,CB,Kansas,71,199,4.62,6,191,Philadelphia Eagles,1,11,0
2015,Darius Philon,PhilDa01,DT,Arkansas,73,298,5.0,6,192,San Diego Chargers,14,65,0
2015,B.J. Dubose,DuboB.00,DE,Louisville,76,284,5.06,6,193,Minnesota Vikings,0,0,0
2015,Nick O'Leary,OLeaNi00,TE,Florida State,75,252,4.93,6,194,Buffalo Bills,6,59,2
2015,Derron Smith,SmitDe05,S,Fresno State,70,200,4.61,6,197,Cincinnati Bengals,3,38,0
2015,Randall Telfer,TelfRa00,TE,USC,76,250,4.83,6,198,Cleveland Browns,0,30,2
2015,Leterrius Walton,WaltLe00,DT,Central Michigan,77,319,5.25,6,199,Pittsburgh Steelers,4,36,0
2015,Quandre Diggs,DiggQu00,CB,Texas,69,196,4.56,6,200,Detroit Lions,43,155,6
2015,Darren Waller,WallDa01,WR,Georgia Tech,78,238,4.46,6,204,Baltimore Ravens,33,97,4
2015,Josh Robinson,RobiJo02,RB,Mississippi State,68,217,4.7,6,205,Indianapolis Colts,0,5,0
2015,Amarlo Herrera,HerrAm00,ILB,Georgia,73,244,4.83,6,207,Indianapolis Colts,0,3,0
2015,Andy Gallik,GallAn00,C,Boston Col.,74,306,5.5,6,208,Tennessee Titans,4,12,1
2015,Obum Gwacham,GwacOb00,DE,Oregon State,77,246,4.72,6,209,Seattle Seahawks,1,15,0
2015,Anthony Chickillo,ChicAn00,DE,Miami (FL),75,267,4.79,6,212,Pittsburgh Steelers,10,76,1
2015,Christian Covington,CoviCh00,DT,Rice,74,289,4.9,6,216,Houston Texans,20,102,1
2015,Rakeem Nunez-Roches,NuneRa00,DT,Southern Miss,74,307,5.02,6,217,Kansas City Chiefs,31,144,4
2015,Hayes Pullard,PullHa00,ILB,USC,72,240,4.78,7,219,Cleveland Browns,9,46,1
2015,Deon Simon,SimoDe00,DT,NW State (LA),76,321,5.12,7,223,New York Jets,2,16,0
2015,Bryce Hager,HageBr00,ILB,Baylor,73,234,4.6,7,224,St. Louis Rams,7,79,0
2015,Bobby Hart,HartBo00,OG,Florida State,77,329,5.61,7,226,New York Giants,30,108,4
2015,Martin Ifedi,IfedMa00,DE,Memphis,75,275,4.88,7,227,St. Louis Rams,0,0,0
2015,Austin Shepherd,ShepAu00,OT,Alabama,76,315,5.39,7,228,Minnesota Vikings,1,14,0
2015,Ben Koyack,KoyaBe00,TE,Notre Dame,77,255,4.79,7,229,Jacksonville Jaguars,1,48,0
2015,Marcus Murphy,MurpMa03,RB,Missouri,69,198,4.61,7,230,New Orleans Saints,2,28,0
2015,Joey Iosefa,IoseJo00,FB,Hawaii,72,247,5.02,7,231,Tampa Bay Buccaneers,0,2,0
2015,Edmond Robinson,RobiEd00,OLB,Newberry,75,245,4.61,7,232,Minnesota Vikings,3,38,0
2015,Da'Ron Brown,BrowDa03,WR,Northern Illinois,72,205,4.54,7,233,Kansas City Chiefs,0,0,0
2015,Kenny Hilliard,HillKe01,RB,LSU,72,226,4.83,7,235,Houston Texans,0,0,0
2015,Mark Nzeocha,NzeoMa00,OLB,Wyoming,74,232,4.56,7,236,Dallas Cowboys,5,56,0
2015,Mario Alford,AlfoMa00,WR,West Virginia,68,180,4.43,7,238,Cincinnati Bengals,0,4,0
2015,Gerod Holliman,HollGe00,S,Louisville,72,218,4.62,7,239,Pittsburgh Steelers,0,0,0
2015,Corey Robinson,RobiCo00,OT,South Carolina,79,324,5.34,7,240,Detroit Lions,7,28,0
2015,Ifo Ekpre-Olomu,EkprIf00,CB,Oregon,69,192,4.52,7,241,Cleveland Browns,0,0,0
2015,Laurence Gibson,GibsLa00,OT,Virginia Tech,78,305,5.04,7,243,Dallas Cowboys,0,0,0
2015,Trenton Brown,BrowTr02,OG,Florida,80,355,5.21,7,244,San Francisco 49ers,42,112,5
2015,Tre McBride,McBrTr00,WR,William & Mary,72,210,4.41,7,245,Tennessee Titans,1,17,0
2015,Xzavier Dickson,DickXz00,OLB,Alabama,75,260,4.74,7,253,New England Patriots,0,0,0
2015,Rory Anderson,AndeRo01,TE,South Carolina,77,244,4.73,7,254,San Francisco 49ers,0,0,0
2015,Gerald Christian,ChriGe00,TE,Louisville,75,244,4.87,7,256,Arizona Cardinals,0,3,0
2016,Jared Goff,GoffJa00,QB,California,76,215,4.82,1,1,Los Angeles Rams,106,153,9
2016,Carson Wentz,WentCa00,QB,North Dakota State,77,237,4.77,1,2,Philadelphia Eagles,63,105,6
2016,Joey Bosa,BosaJo00,DE,Ohio State,77,269,4.86,1,3,San Diego Chargers,62,122,7
2016,Ezekiel Elliott,ElliEz00,RB,Ohio State,72,225,4.47,1,4,Dallas Cowboys,68,135,7
2016,Jalen Ramsey,RamsJa00,CB,Florida State,73,209,4.41,1,5,Jacksonville Jaguars,84,154,10
2016,Ronnie Stanley,StanRo00,OT,Notre Dame,78,312,5.2,1,6,Baltimore Ravens,64,122,8
2016,Deforest Buckner,BuckDe00,DE,Oregon,79,291,5.05,1,7,San Francisco 49ers,76,153,9
2016,Jack Conklin,ConkJa00,OT,Michigan State,78,308,5.0,1,8,Tennessee Titans,55,114,6
2016,Leonard Floyd,FloyLe00,OLB,Georgia,78,244,4.6,1,9,Chicago Bears,63,153,10
2016,Eli Apple,ApplEl00,CB,Ohio State,73,199,4.4,1,10,New York Giants,28,104,5
2016,Vernon Hargreaves III,HargVe00,CB,Florida,70,204,4.5,1,11,Tampa Bay Buccaneers,18,69,4
2016,Sheldon Rankins,RankSh00,DT,Louisville,73,299,5.03,1,12,New Orleans Saints,41,135,6
2016,Laremy Tunsil,TunsLa00,OT,Mississippi,77,310,5.23,1,13,Miami Dolphins,60,139,9
2016,Karl Joseph,JoseKa00,S,West Virginia,70,205,4.57,1,14,Oakland Raiders,16,65,4
2016,Corey Coleman,ColeCo00,WR,Baylor,71,194,4.42,1,15,Cleveland Browns,6,27,2
2016,Taylor Decker,DeckTa00,OT,Ohio State,79,310,5.23,1,16,Detroit Lions,59,140,9
2016,Keanu Neal,NealKe01,S,Florida,72,211,4.62,1,17,Atlanta Falcons,25,89,3
2016,Ryan Kelly,KellRy00,C,Alabama,76,311,5.03,1,18,Indianapolis Colts,56,129,9
2016,Shaq Lawson,LawsSh00,DE,Clemson,75,269,4.7,1,19,Buffalo Bills,24,110,1
2016,Darron Lee,LeexDa00,OLB,Ohio State,73,232,4.47,1,20,New York Jets,19,58,3
2016,Will Fuller,FullWi01,WR,Notre Dame,72,186,4.32,1,21,Houston Texans,24,55,5
2016,Josh Doctson,DoctJo00,WR,TCU,74,202,4.5,1,22,Washington Redskins,9,34,2
2016,Laquon Treadwell,TreaLa00,WR,Mississippi,74,221,4.52,1,23,Minnesota Vikings,8,95,2
2016,William Jackson III,JackWi02,CB,Houston,72,189,4.37,1,24,Cincinnati Bengals,19,75,4
2016,Artie Burns,BurnAr00,CB,Miami (FL),72,193,4.46,1,25,Pittsburgh Steelers,17,90,1
2016,Paxton Lynch,LyncPa00,QB,Memphis,79,244,4.86,1,26,Denver Broncos,2,5,0
2016,Kenny Clark,ClarKe01,DT,UCLA,75,314,5.06,1,27,Green Bay Packers,63,159,9
2016,Joshua Garnett,GarnJo00,OG,Stanford,76,312,5.32,1,28,San Francisco 49ers,5,25,1
2016,Robert Nkemdiche,NkemRo00,DT,Mississippi,75,294,4.87,1,29,Arizona Cardinals,6,38,0
2016,Vernon Butler,ButlVe00,DT,Louisiana Tech,76,323,5.33,1,30,Carolina Panthers,13,77,2
2016,Germain Ifedi,IfedGe00,OT,Texas A&M,78,324,5.27,1,31,Seattle Seahawks,38,117,4
2016,Emmanuel Ogbah,OgbaEm00,DE,Oklahoma State,76,273,4.63,2,32,Cleveland Browns,43,136,6
2016,Kevin Dodd,DoddKe00,DE,Clemson,77,277,4.86,2,33,Tennessee Titans,2,18,0
2016,Jaylon Smith,SmitJa05,OLB,Notre Dame,74,223,4.67,2,34,Dallas Cowboys,37,88,4
2016,Hunter Henry,HenrHu00,TE,Arkansas,77,250,4.79,2,35,San Diego Chargers,37,138,8
2016,Myles Jack,JackMy00,OLB,UCLA,73,245,4.56,2,36,Jacksonville Jaguars,42,106,7
2016,Chris Jones,JoneCh09,DT,Mississippi State,78,310,5.03,2,37,Kansas City Chiefs,96,157,10
2016,Xavien Howard,HowaXa00,CB,Baylor,72,201,4.58,2,38,Miami Dolphins,58,104,7
2016,Noah Spence,SpenNo00,DE,East. Kentucky,74,251,4.8,2,39,Tampa Bay Buccaneers,5,43,0
2016,Sterling Shepard,ShepSt00,WR,Oklahoma,70,194,4.48,2,40,New York Giants,32,117,5
2016,Reggie Ragland,RaglRe00,ILB,Alabama,73,247,4.72,2,41,Buffalo Bills,22,79,3
2016,Kamalei Correa,CorrKa00,DE,Boise State,75,243,4.69,2,42,Baltimore Ravens,11,63,1
2016,Austin Johnson,JohnAu01,DT,Penn State,76,314,5.32,2,43,Tennessee Titans,29,145,3
2016,Jihad Ward,WardJi02,DT,Illinois,77,297,5.11,2,44,Oakland Raiders,25,136,4
2016,Derrick Henry,HenrDe00,RB,Alabama,75,247,4.54,2,45,Tennessee Titans,85,155,7
2016,A'Shawn Robinson,RobiAS00,DT,Alabama,76,307,5.2,2,46,Detroit Lions,40,145,7
2016,Michael Thomas,ThomMi05,WR,Ohio State,75,212,4.57,2,47,New Orleans Saints,60,83,4
2016,Jason Spriggs,SpriJa00,OT,Indiana,78,301,4.94,2,48,Green Bay Packers,9,59,0
2016,Jarran Reed,ReedJa02,DT,Alabama,75,307,5.21,2,49,Seattle Seahawks,48,154,8
2016,Nick Martin,MartNi00,C,Notre Dame,76,299,5.22,2,50,Houston Texans,29,83,4
2016,Christian Hackenberg,HackCh01,QB,Penn State,76,223,4.78,2,51,New York Jets,0,0,0
2016,Deion Jones,JoneDe01,OLB,LSU,73,222,4.59,2,52,Atlanta Falcons,43,128,5
2016,Su'A Cravens,CravSu00,OLB,USC,73,226,4.58,2,53,Washington Redskins,5,16,0
2016,Mackensie Alexander,AlexMa01,CB,Clemson,70,190,4.43,2,54,Minnesota Vikings,12,85,1
2016,Tyler Boyd,BoydTy00,WR,Pittsburgh,73,197,4.58,2,55,Cincinnati Bengals,48,136,5
2016,Cody Whitehair,WhitCo03,OT,Kansas State,76,301,5.02,2,56,Chicago Bears,43,136,8
2016,T.J. Green,GreeT.00,S,Clemson,74,209,4.34,2,57,Indianapolis Colts,6,41,0
2016,Sean Davis,DaviSe00,CB,Maryland,73,201,4.46,2,58,Pittsburgh Steelers,18,70,3
2016,Roberto Aguayo,AguaRo00,K,Florida State,72,207,4.96,2,59,Tampa Bay Buccaneers,0,16,0
2016,Cyrus Jones,JoneCy00,CB,Alabama,70,197,4.49,2,60,New England Patriots,4,31,0
2016,Vonn Bell,BellVo00,S,Ohio State,71,199,4.52,2,61,New Orleans Saints,37,139,7
2016,James Bradberry,BradJa00,CB,Samford,73,211,4.5,2,62,Carolina Panthers,46,125,8
2016,Adam Gotsis,GotsAd00,DT,Georgia Tech,76,287,4.88,2,63,Denver Broncos,28,128,3
2016,Carl Nassib,NassCa00,DE,Penn State,79,277,4.84,3,65,Cleveland Browns,20,99,1
2016,Max Tuerk,TuerMa00,C,USC,77,298,5.12,3,66,San Diego Chargers,0,1,0
2016,Maliek Collins,CollMa00,DT,Nebraska,74,311,5.03,3,67,Dallas Cowboys,51,150,10
2016,Will Redmond,RedmWi00,CB,Mississippi State,71,182,4.45,3,68,San Francisco 49ers,3,37,0
2016,Yannick Ngakoue,NgakYa00,DE,Maryland,74,252,4.75,3,69,Jacksonville Jaguars,50,134,8
2016,Bronson Kaufusi,KaufBr01,DE,BYU,78,285,4.87,3,70,Baltimore Ravens,2,9,0
2016,Darian Thompson,ThomDa05,S,Boise State,74,208,4.69,3,71,New York Giants,12,63,1
2016,Jonathan Bullard,BullJo00,DE,Florida,75,285,4.93,3,72,Chicago Bears,28,133,3
2016,Kenyan Drake,DrakKe00,RB,Alabama,73,210,4.45,3,73,Miami Dolphins,33,104,2
2016,Keivarae Russell,RussKe00,CB,Notre Dame,71,192,4.49,3,74,Kansas City Chiefs,2,23,0
2016,Shilique Calhoun,CalhSh00,DE,Michigan State,76,251,4.82,3,75,Oakland Raiders,5,51,0
2016,Shon Coleman,ColeSh00,OT,Auburn,77,307,5.18,3,76,Cleveland Browns,6,23,1
2016,Daryl Worley,WorlDa00,CB,West Virginia,73,204,4.64,3,77,Carolina Panthers,22,99,4
2016,Joe Thuney,ThunJo00,OT,North Carolina State,77,304,4.95,3,78,New England Patriots,84,165,10
2016,Isaac Seumalo,SeumIs00,OG,Oregon State,76,303,5.19,3,79,Philadelphia Eagles,39,127,7
2016,Adolphus Washington,WashAd00,DT,Ohio State,75,301,5.17,3,80,Buffalo Bills,9,35,2
2016,Austin Hooper,HoopAu00,TE,Stanford,76,254,4.72,3,81,Atlanta Falcons,33,157,5
2016,Le'Raven Clark,ClarLe01,OT,Texas Tech,77,316,5.16,3,82,Indianapolis Colts,12,64,0
2016,Jordan Jenkins,JenkJo01,OLB,Georgia,75,259,4.8,3,83,New York Jets,29,83,5
2016,Kendall Fuller,FullKe00,CB,Virginia Tech,71,187,4.48,3,84,Washington Redskins,34,128,6
2016,Braxton Miller,MillBr03,WR,Ohio State,73,201,4.5,3,85,Houston Texans,2,21,1
2016,Leonte Carroo,CarrLe00,WR,Rutgers,72,211,4.5,3,86,Miami Dolphins,2,37,0
2016,Nick Vigil,VigiNi00,ILB,Utah State,74,239,4.72,3,87,Cincinnati Bengals,27,113,4
2016,Kyler Fackrell,FackKy00,OLB,Utah State,77,245,4.72,3,88,Green Bay Packers,16,86,1
2016,Javon Hargrave,HargJa00,DT,South Carolina State,73,309,4.93,3,89,Pittsburgh Steelers,59,147,9
2016,C.J. Prosise,ProsC.00,RB,Notre Dame,72,220,4.48,3,90,Seattle Seahawks,5,35,0
2016,Jacoby Brissett,BrisJa00,QB,North Carolina State,76,231,4.94,3,91,New England Patriots,42,103,4
2016,Brandon Williams,WillBr07,CB,Texas A&M,71,197,4.37,3,92,Arizona Cardinals,4,51,0
2016,Cody Kessler,KessCo00,QB,USC,73,220,4.89,3,93,Cleveland Browns,5,17,1
2016,Nick Vannett,VannNi00,TE,Ohio State,78,257,4.76,3,94,Seattle Seahawks,7,121,3
2016,Graham Glasgow,GlasGr00,C,Michigan,78,307,5.13,3,95,Detroit Lions,48,147,8
2016,Vincent Valentine,ValeVi00,DT,Nebraska,76,329,5.19,3,96,New England Patriots,2,16,0
2016,Rees Odhiambo,OdhiRe00,OT,Boise State,76,314,5.17,3,97,Seattle Seahawks,4,16,0
2016,Justin Simmons,SimmJu00,S,Boston Col.,74,202,4.61,3,98,Denver Broncos,60,134,8
2016,Joe Schobert,SchoJo00,OLB,Wisconsin,73,244,4.76,4,99,Cleveland Browns,37,99,5
2016,Connor Cook,CookCo00,QB,Michigan State,76,217,4.79,4,100,Oakland Raiders,0,1,0
2016,Charles Tapper,TappCh00,DE,Oklahoma,75,271,4.59,4,101,Dallas Cowboys,0,2,0
2016,Joshua Perry,PerrJo01,ILB,Ohio State,76,254,4.68,4,102,San Diego Chargers,1,17,0
2016,Sheldon Day,DayxSh00,DT,Notre Dame,73,293,5.07,4,103,Jacksonville Jaguars,9,95,0
2016,Tavon Young,YounTa01,CB,Temple,69,183,4.46,4,104,Baltimore Ravens,14,50,1
2016,Parker Ehinger,EhinPa00,OT,Cincinnati,78,310,5.26,4,105,Kansas City Chiefs,4,10,0
2016,Eric Murray,MurrEr00,CB,Minnesota,71,199,4.49,4,106,Kansas City Chiefs,25,138,5
2016,Chris Moore,MoorCh00,WR,Cincinnati,73,206,4.53,4,107,Baltimore Ravens,14,127,0
2016,Ryan Smith,SmitRy00,CB,North Carolina Central,71,189,4.47,4,108,Tampa Bay Buccaneers,8,78,0
2016,B.J. Goodson,GoodB.00,OLB,Clemson,73,242,4.69,4,109,New York Giants,20,67,4
2016,Tyler Higbee,HigbTy00,TE,Western Kentucky,78,249,4.77,4,110,Los Angeles Rams,31,140,8
2016,Miles Killebrew,KillMi00,S,Southern Utah,74,217,4.65,4,111,Detroit Lions,18,153,0
2016,Malcolm Mitchell,MitcMa01,WR,Georgia,72,198,4.45,4,112,New England Patriots,4,14,0
2016,Nick Kwiatkoski,KwiaNi00,ILB,West Virginia,74,243,4.73,4,113,Chicago Bears,20,89,1
2016,Ricardo Louis,LouiRi00,WR,Auburn,74,215,4.43,4,114,Cleveland Browns,3,32,1
2016,De'Vondre Campbell,CampDe00,OLB,Minnesota,76,232,4.58,4,115,Atlanta Falcons,51,128,9
2016,Hassan Ridgeway,RidgHa00,DT,Texas,75,303,5.02,4,116,Indianapolis Colts,13,80,0
2016,Pharoh Cooper,CoopPh00,WR,South Carolina,71,203,4.52,4,117,Los Angeles Rams,6,75,0
2016,Juston Burris,BurrJu00,CB,North Carolina State,72,212,4.53,4,118,New York Jets,14,80,2
2016,Tyler Ervin,ErviTy00,RB,San Jose State,70,192,4.41,4,119,Houston Texans,2,43,0
2016,Willie Beavers,BeavWi00,OT,West. Michigan,77,321,5.28,4,121,Minnesota Vikings,0,2,0
2016,Andrew Billings,BillAn00,DT,Baylor,73,311,5.05,4,122,Cincinnati Bengals,33,109,6
2016,Jerald Hawkins,HawkJe00,OT,LSU,78,305,5.23,4,123,Pittsburgh Steelers,2,19,0
2016,Deon Bush,BushDe00,S,Miami (FL),72,199,4.64,4,124,Chicago Bears,8,103,0
2016,Antonio Morrison,MorrAn01,ILB,Florida,73,232,4.76,4,125,Indianapolis Colts,13,47,2
2016,Demarcus Robinson,RobiDe01,WR,Florida,73,203,4.59,4,126,Kansas City Chiefs,27,163,3
2016,Evan Boehm,BoehEv00,C,Missouri,74,302,5.33,4,128,Arizona Cardinals,12,55,1
2016,Derrick Kindred,KindDe00,S,TCU,70,207,4.5,4,129,Cleveland Browns,8,42,1
2016,Alex Lewis,LewiAl01,OT,Nebraska,78,312,5.22,4,130,Baltimore Ravens,14,44,2
2016,Blake Martinez,MartBl01,ILB,Stanford,74,237,4.71,4,131,Green Bay Packers,38,85,5
2016,Willie Henry,HenrWi00,DT,Michigan,75,303,5.0,4,132,Baltimore Ravens,4,18,0
2016,Rashard Robinson,RobiRa00,CB,Louisiana St,73,171,4.49,4,133,San Francisco 49ers,9,49,0
2016,Kenneth Dixon,DixoKe00,RB,Louisiana Tech,70,215,4.56,4,134,Baltimore Ravens,5,18,0
2016,Dak Prescott,PresDa01,QB,Mississippi State,74,226,4.79,4,135,Dallas Cowboys,104,141,9
2016,Devontae Booker,BookDe00,RB,Utah,71,219,4.56,4,136,Denver Broncos,19,93,0
2016,Dean Lowry,LowrDe00,DE,Northwestern,78,296,4.87,4,137,Green Bay Packers,38,132,6
2016,Cardale Jones,JoneCa01,QB,Ohio State,77,253,4.81,4,139,Buffalo Bills,0,1,0
2016,Tajae Sharpe,SharTa00,WR,Massachusetts,74,194,4.55,5,140,Tennessee Titans,12,66,3
2016,Zack Sanchez,SancZa00,CB,Oklahoma,71,185,4.5,5,141,Carolina Panthers,1,5,0
2016,Ronald Blair,BlaiRo00,DE,Appalachian State,74,284,5.15,5,142,San Francisco 49ers,7,55,0
2016,Deandre Washington,WashDe00,RB,Texas Tech,68,204,4.49,5,143,Oakland Raiders,12,59,0
2016,Connor McGovern,McGoCo00,OG,Missouri,76,306,5.11,5,144,Denver Broncos,29,109,5
2016,John Theus,TheuJo00,OT,Georgia,78,313,5.22,5,145,San Francisco 49ers,1,4,0
2016,Matt Judon,JudoMa00,DE,Grand Valley State,75,275,4.73,5,146,Baltimore Ravens,63,145,7
2016,Quinton Jefferson,JeffQu00,DT,Maryland,76,291,4.95,5,147,Seattle Seahawks,29,116,4
2016,Caleb Benenoch,BeneCa00,OT,UCLA,77,311,4.98,5,148,Tampa Bay Buccaneers,12,36,1
2016,Paul Perkins,PerkPa00,RB,UCLA,70,208,4.54,5,149,New York Giants,5,29,0
2016,Jordan Howard,HowaJo00,RB,Indiana,72,230,4.57,5,150,Chicago Bears,27,73,3
2016,Joe Dahl,DahlJo00,OT,Washington State,76,304,5.18,5,151,Detroit Lions,11,44,1
2016,Matt Ioannidis,IoanMa01,DT,Temple,75,299,5.03,5,152,Washington Redskins,25,86,3
2016,Wendell Smallwood,SmalWe00,RB,West Virginia,70,208,4.47,5,153,Philadelphia Eagles,10,56,1
2016,Jordan Payton,PaytJo00,WR,UCLA,73,207,4.47,5,154,Cleveland Browns,0,4,0
2016,Joe Haeg,HaegJo00,OT,North Dakota State,78,304,5.16,5,155,Indianapolis Colts,22,80,2
2016,Jonathan Williams,WillJo07,RB,Arkansas,71,220,4.56,5,156,Buffalo Bills,5,47,0
2016,Leshaun Sims,SimsLe00,CB,Southern Utah,72,203,4.53,5,157,Tennessee Titans,11,69,0
2016,Brandon Shell,ShelBr00,OT,South Carolina,77,324,5.22,5,158,New York Jets,29,83,5
2016,KJ Dillon,DillK.00,S,West Virginia,72,210,4.53,5,159,Houston Texans,0,5,0
2016,Kentrell Brothers,BrotKe00,OLB,Missouri,72,245,4.89,5,160,Minnesota Vikings,4,51,0
2016,Christian Westerman,WestCh02,OG,Arizona State,75,298,5.12,5,161,Cincinnati Bengals,2,16,0
2016,Kevin Hogan,HogaKe00,QB,Stanford,75,218,4.78,5,162,Kansas City Chiefs,2,9,0
2016,Trevor Davis,DaviTr03,WR,California,73,188,4.42,5,163,Green Bay Packers,2,43,0
2016,Halapoulivaati Vaitai,VaitHa00,OT,TCU,78,320,5.26,5,164,Philadelphia Eagles,25,86,3
2016,D.J. Reader,ReadD.00,DT,Clemson,75,327,5.33,5,166,Houston Texans,47,139,7
2016,Spencer Drango,DranSp00,OT,Baylor,78,315,5.27,5,168,Cleveland Browns,8,32,2
2016,Cole Toner,ToneCo00,OT,Harvard,77,306,5.32,5,170,Arizona Cardinals,2,14,0
2016,Alex Collins,CollAl00,RB,Arkansas,70,217,4.59,5,171,Seattle Seahawks,17,50,2
2016,Rashard Higgins,HiggRa00,WR,Colorado State,73,196,4.64,5,172,Cleveland Browns,13,85,0
2016,Fahn Cooper,CoopFa00,OT,Mississippi,76,303,5.17,5,174,San Francisco 49ers,0,0,0
2016,Andy Janovich,JanoAn00,FB,Nebraska,73,238,4.81,6,176,Denver Broncos,2,77,1
2016,Temarrick Hemingway,HemiTe00,TE,South Carolina State,77,244,4.71,6,177,Los Angeles Rams,0,23,0
2016,D.J. White,WhitD.00,CB,Georgia Tech,71,193,4.49,6,178,Kansas City Chiefs,1,14,0
2016,Drew Kaser,KaseDr00,P,Texas A&M,74,212,4.95,6,179,San Diego Chargers,5,36,0
2016,Devante Bond,BondDe00,OLB,Oklahoma,73,235,4.7,6,183,Tampa Bay Buccaneers,4,34,1
2016,Jerell Adams,AdamJe01,TE,South Carolina,77,247,4.64,6,184,New York Giants,2,30,0
2016,Deandre Houston-Carson,HousDe00,S,William & Mary,73,201,4.54,6,185,Chicago Bears,11,107,0
2016,Nate Sudfeld,SudfNa00,QB,Indiana,78,234,5.02,6,187,Washington Redskins,1,6,0
2016,Anthony Brown,BrowAn02,CB,Purdue,71,192,4.33,6,189,Dallas Cowboys,23,96,4
2016,Josh Forrest,ForrJo00,ILB,Kentucky,75,249,4.91,6,190,Los Angeles Rams,2,12,0
2016,Kolby Listenbee,ListKo00,WR,TCU,72,197,4.39,6,192,Buffalo Bills,0,0,0
2016,Sebastian Tretola,TretSe00,OG,Arkansas,76,314,5.45,6,193,Tennessee Titans,0,1,0
2016,Dan Vitale,VitaDa00,FB,Northwestern,73,239,4.6,6,197,Tampa Bay Buccaneers,1,44,1
2016,Cody Core,CoreCo00,WR,Mississippi,75,205,4.47,6,199,Cincinnati Bengals,3,51,0
2016,Kyle Murphy,MurpKy00,OT,Stanford,78,305,5.19,6,200,Green Bay Packers,2,7,0
2016,Brandon Allen,AlleBr00,QB,Arkansas,73,217,4.84,6,201,Jacksonville Jaguars,5,19,0
2016,Anthony Zettel,ZettAn00,DT,Penn State,76,277,4.81,6,202,Detroit Lions,9,50,1
2016,Dadi Nicolas,NicoDa00,DE,Virginia Tech,75,235,4.74,6,203,Kansas City Chiefs,1,11,0
2016,Jordan Lucas,LucaJo00,S,Penn State,72,201,4.54,6,204,Miami Dolphins,4,50,0
2016,Harlan Miller,MillHa00,CB,SE Louisiana,72,182,4.65,6,205,Arizona Cardinals,2,9,0
2016,Jeff Driskel,DrisJe00,QB,Louisiana Tech,76,234,4.56,6,207,San Francisco 49ers,7,25,0
2016,Maurice Canady,CanaMa00,CB,Virginia,73,193,4.49,6,209,Baltimore Ravens,3,40,0
2016,Jimmy Landes,LandJi00,LS,Baylor,73,240,4.95,6,210,Detroit Lions,0,0,0
2016,Kelvin Taylor,TaylKe01,RB,Florida,70,207,4.6,6,211,San Francisco 49ers,0,0,0
2016,Kavon Frazier,FrazKa00,S,Central Michigan,72,217,4.53,6,212,Dallas Cowboys,4,60,0
2016,Aaron Burbridge,BurbAa00,WR,Michigan State,72,206,4.56,6,213,San Francisco 49ers,1,16,0
2016,Kevon Seymour,SeymKe00,CB,USC,71,186,4.39,6,218,Buffalo Bills,6,67,0
2016,Travis Feeney,FeenTr00,OLB,Washington,76,230,4.5,6,220,Pittsburgh Steelers,0,0,0
2016,Brandon Doughty,DougBr00,QB,Western Kentucky,75,213,5.22,7,223,Miami Dolphins,0,0,0
2016,Stephen Weatherly,WeatSt00,OLB,Vanderbilt,76,267,4.61,7,227,Minnesota Vikings,12,73,1
2016,Riley Dixon,DixoRi00,P,Syracuse,76,221,5.04,7,228,Denver Broncos,18,167,3
2016,Demarcus Ayers,AyerDe00,WR,Houston,69,182,4.72,7,229,Pittsburgh Steelers,0,2,0
2016,Thomas Duarte,DuarTh00,TE,UCLA,74,231,4.72,7,231,Miami Dolphins,0,1,0
2016,Steven Daniels,DaniSt00,ILB,Boston Col.,71,243,4.86,7,232,Washington Redskins,0,0,0
2016,Jalen Mills,MillJa02,S,LSU,72,191,4.61,7,233,Philadelphia Eagles,31,122,6
2016,Vadal Alexander,AlexVa00,OT,LSU,77,326,5.57,7,234,Oakland Raiders,6,24,0
2016,Daniel Lasco,LascDa00,RB,California,72,209,4.46,7,237,New Orleans Saints,0,10,0
2016,Alex McCalister,McCaAl00,DE,Florida,78,239,4.8,7,240,Philadelphia Eagles,0,0,0
2016,Charone Peake,PeakCh00,WR,Clemson,74,209,4.45,7,241,New York Jets,1,31,0
2016,Keith Marshall,MarsKe00,RB,Georgia,71,219,4.31,7,242,Washington Redskins,0,0,0
2016,Kenny Lawler,LawlKe00,WR,California,74,203,4.64,7,243,Seattle Seahawks,0,0,0
2016,Jayron Kearse,KearJa00,S,Clemson,76,216,4.62,7,244,Minnesota Vikings,18,119,4
2016,Tyler Matakevich,MataTy00,OLB,Temple,72,238,4.81,7,246,Pittsburgh Steelers,9,140,0
2016,Austin Blythe,BlytAu00,C,Iowa,74,298,5.36,7,248,Indianapolis Colts,33,92,4
2016,Scooby Wright III,WrigSc00,ILB,Arizona,72,239,4.9,7,250,Cleveland Browns,1,13,0
2016,Beau Sandland,SandBe00,TE,Montana State,76,253,4.74,7,252,Carolina Panthers,0,0,0
2017,Myles Garrett,GarrMy00,DE,Texas A&M,76,272,4.64,1,1,Cleveland Browns,104,135,9
2017,Mitchell Trubisky,TrubMi00,QB,North Carolina,74,222,4.67,1,2,Chicago Bears,40,82,4
2017,Solomon Thomas,ThomSo00,DE,Stanford,75,273,4.69,1,3,San Francisco 49ers,21,133,2
2017,Leonard Fournette,FourLe00,RB,LSU,72,240,4.51,1,4,Jacksonville Jaguars,38,81,5
2017,Jamal Adams,AdamJa00,S,LSU,72,214,4.56,1,6,New York Jets,47,102,6
2017,Christian McCaffrey,McCaCh01,RB,Stanford,71,202,4.48,1,8,Carolina Panthers,86,114,6
2017,John Ross,RossJo00,WR,Washington,71,188,4.22,1,9,Cincinnati Bengals,7,38,1
2017,Patrick Mahomes,MahoPa00,QB,Texas Tech,74,225,4.8,1,10,Kansas City Chiefs,115,128,8
2017,Marshon Lattimore,LattMa01,CB,Ohio State,72,193,4.36,1,11,New Orleans Saints,43,108,7
2017,Deshaun Watson,WatsDe00,QB,Clemson,74,221,4.66,1,12,Houston Texans,58,75,4
2017,Haason Reddick,ReddHa00,OLB,Temple,73,237,4.52,1,13,Arizona Cardinals,47,137,6
2017,Derek Barnett,BarnDe01,DE,Tennessee,75,259,4.88,1,14,Philadelphia Eagles,27,114,3
2017,Marlon Humphrey,HumpMa00,CB,Alabama,72,197,4.41,1,16,Baltimore Ravens,62,133,8
2017,Jonathan Allen,AlleJo01,DT,Alabama,75,286,5.0,1,17,Washington Redskins,57,128,8
2017,Adoree Jackson,JackAd00,CB,USC,70,186,4.42,1,18,Tennessee Titans,30,111,7
2017,O.J. Howard,HowaO.00,TE,Alabama,78,251,4.51,1,19,Tampa Bay Buccaneers,13,72,4
2017,Garrett Bolles,BollGa00,OT,Utah,77,297,4.95,1,20,Denver Broncos,56,135,8
2017,Charles Harris,HarrCh03,DE,Missouri,75,253,4.82,1,22,Miami Dolphins,16,103,2
2017,Evan Engram,EngrEv00,TE,Mississippi,75,234,4.42,1,23,New York Giants,37,126,8
2017,Gareon Conley,ConlGa00,CB,Ohio State,72,195,4.44,1,24,Oakland Raiders,9,31,1
2017,Jabrill Peppers,PeppJa00,S,Michigan,71,213,4.46,1,25,Cleveland Browns,32,113,5
2017,Takkarist McKinley,McKiTa00,OLB,UCLA,74,250,4.59,1,26,Atlanta Falcons,16,71,2
2017,TreDavious White,WhitTr01,CB,LSU,71,192,4.47,1,27,Buffalo Bills,53,109,6
2017,Taco Charlton,CharTa00,DE,Michigan,78,277,4.92,1,28,Dallas Cowboys,9,60,0
2017,David Njoku,NjokDa00,TE,Miami (FL),76,246,4.64,1,29,Cleveland Browns,27,120,6
2017,T.J. Watt,WattT.00,OLB,Wisconsin,76,252,4.69,1,30,Pittsburgh Steelers,96,137,9
2017,Kevin King,KingKe01,CB,Washington,75,200,4.43,2,33,Green Bay Packers,16,66,3
2017,Cam Robinson,RobiCa00,OT,Alabama,78,322,5.15,2,34,Jacksonville Jaguars,43,117,7
2017,Malik McDowell,McDoMa00,DT,Michigan State,78,295,4.85,2,35,Seattle Seahawks,6,15,1
2017,Budda Baker,BakeBu00,S,Washington,70,195,4.45,2,36,Arizona Cardinals,63,140,8
2017,Zay Jones,JoneZa00,WR,East Carolina,74,201,4.45,2,37,Buffalo Bills,25,123,3
2017,Forrest Lamp,LampFo00,OG,Western Kentucky,76,309,5.0,2,38,Los Angeles Chargers,8,26,1
2017,Curtis Samuel,SamuCu00,WR,Ohio State,71,196,4.31,2,40,Carolina Panthers,30,111,5
2017,Dalvin Cook,CookDa01,RB,Florida State,70,210,4.49,2,41,Minnesota Vikings,52,90,5
2017,Marcus Williams,WillMa06,S,Utah,73,202,4.56,2,42,New Orleans Saints,32,111,8
2017,Sidney Jones,JoneSi00,CB,Washington,72,186,4.47,2,43,Philadelphia Eagles,12,60,2
2017,Gerald Everett,EverGe00,TE,South Alabama,75,239,4.62,2,44,Los Angeles Rams,22,124,3
2017,Adam Shaheen,ShahAd00,TE,Ashland,78,278,4.79,2,45,Chicago Bears,4,55,1
2017,Quincy Wilson,WilsQu01,CB,Florida,73,211,4.54,2,46,Indianapolis Colts,4,33,0
2017,Tyus Bowser,BowsTy00,OLB,Houston,75,247,4.65,2,47,Baltimore Ravens,21,98,1
2017,Ryan Anderson,AndeRy00,OLB,Alabama,74,253,4.78,2,49,Washington Redskins,6,57,0
2017,DeShone Kizer,KizeDe00,QB,Notre Dame,76,233,4.83,2,52,Cleveland Browns,6,18,1
2017,Teez Tabor,TaboTe00,CB,Florida,72,199,4.62,2,53,Detroit Lions,5,39,0
2017,Raekwon McMillan,McMiRa02,ILB,Ohio State,74,240,4.61,2,54,Miami Dolphins,15,72,2
2017,Dalvin Tomlinson,TomlDa00,DT,Alabama,75,310,5.19,2,55,New York Giants,50,144,9
2017,Obi Melifonwu,MeliOb00,S,Connecticut,76,224,4.4,2,56,Oakland Raiders,1,7,0
2017,Zach Cunningham,CunnZa00,OLB,Vanderbilt,75,234,4.67,2,57,Houston Texans,36,106,5
2017,Ethan Pocic,PociEt00,C,LSU,78,310,5.15,2,58,Seattle Seahawks,32,114,5
2017,Tanoh Kpassagnon,KpasTa00,DE,Villanova,79,289,4.83,2,59,Kansas City Chiefs,21,108,2
2017,Chidobe Awuzie,AwuzCh00,CB,Colorado,72,202,4.43,2,60,Dallas Cowboys,28,110,5
2017,Josh Jones,JoneJo06,S,North Carolina State,73,220,4.41,2,61,Green Bay Packers,11,70,1
2017,JuJu Smith-Schuster,SmitJu00,WR,USC,73,215,4.54,2,62,Pittsburgh Steelers,43,121,5
2017,Dion Dawkins,DawkDi00,OG,Temple,76,314,5.11,2,63,Buffalo Bills,73,145,9
2017,Taylor Moton,MotoTa00,OT,West. Michigan,77,319,5.18,2,64,Carolina Panthers,47,145,8
2017,Larry Ogunjobi,OgunLa00,DE,Charlotte,75,305,4.97,3,65,Cleveland Browns,44,134,7
2017,Ahkello Witherspoon,WithAh00,CB,Colorado,75,198,4.45,3,66,San Francisco 49ers,22,96,3
2017,Alvin Kamara,KamaAl00,RB,Tennessee,70,214,4.56,3,67,New Orleans Saints,79,127,7
2017,Dawuane Smoot,SmooDa00,DE,Illinois,75,264,4.77,3,68,Jacksonville Jaguars,17,127,0
2017,Cooper Kupp,KuppCo00,WR,East. Washington,74,204,4.62,3,69,Los Angeles Rams,63,122,7
2017,Pat Elflein,ElflPa00,C,Ohio State,75,303,5.32,3,70,Minnesota Vikings,26,65,3
2017,Dan Feeney,FeenDa00,OG,Indiana,76,305,5.24,3,71,Los Angeles Chargers,35,132,5
2017,Taywan Taylor,TaylTa00,WR,Western Kentucky,71,203,4.5,3,72,Tennessee Titans,6,35,0
2017,Jordan Willis,WillJo09,DE,Kansas State,76,255,4.53,3,73,Cincinnati Bengals,8,69,0
2017,Duke Riley,RileDu00,OLB,LSU,72,232,4.58,3,75,Atlanta Falcons,19,124,2
2017,Alex Anzalone,AnzaAl00,OLB,Florida,75,241,4.63,3,76,New Orleans Saints,34,113,5
2017,Daeshon Hall,HallDa01,DE,Texas A&M,77,266,4.76,3,77,Carolina Panthers,1,13,0
2017,Tim Williams,WillTi00,OLB,Alabama,75,244,4.68,3,78,Baltimore Ravens,2,20,0
2017,ArDarius Stewart,StewAr00,WR,Alabama,71,204,4.49,3,79,New York Jets,1,15,0
2017,Tarell Basham,BashTa00,DE,Ohio,76,269,4.7,3,80,Indianapolis Colts,13,82,1
2017,Fabian Moreau,MoreFa00,CB,UCLA,72,206,4.35,3,81,Washington Redskins,21,126,4
2017,Carlos Henderson,HendCa01,WR,Louisiana Tech,71,199,4.46,3,82,Denver Broncos,0,0,0
2017,Derek Rivers,RiveDe00,DE,Youngstown State,76,248,4.61,3,83,New England Patriots,4,24,0
2017,Chris Godwin,GodwCh00,WR,Penn State,73,209,4.42,3,84,Tampa Bay Buccaneers,53,122,6
2017,Antonio Garcia,GarcAn00,OT,Troy,78,302,5.15,3,85,New England Patriots,0,0,0
2017,Kareem Hunt,HuntKa00,RB,Toledo,70,216,4.62,3,86,Kansas City Chiefs,52,121,3
2017,Davis Webb,WebbDa00,QB,California,77,229,4.79,3,87,New York Giants,1,2,0
2017,Eddie Vanderdoes,VandEd00,DT,UCLA,75,305,4.99,3,88,Oakland Raiders,5,19,1
2017,Shaquill Griffin,GrifSh00,CB,Central Florida,72,194,4.38,3,90,Seattle Seahawks,30,108,5
2017,John Johnson,JohnJo10,S,Troy,73,205,4.61,3,91,Los Angeles Rams,29,105,5
2017,Jourdan Lewis,LewiJo01,CB,Michigan,70,188,4.54,3,92,Dallas Cowboys,26,129,3
2017,Montravius Adams,AdamMo00,DT,Auburn,76,304,4.87,3,93,Green Bay Packers,15,96,1
2017,Cameron Sutton,SuttCa00,CB,Tennessee,71,188,4.52,3,94,Pittsburgh Steelers,21,110,3
2017,Delano Hill,HillDe02,S,Michigan,73,216,4.47,3,95,Seattle Seahawks,5,42,0
2017,Kenny Golladay,GollKe00,WR,Northern Illinois,76,218,4.5,3,96,Detroit Lions,27,73,4
2017,Cordrea Tankersley,TankCo00,CB,Clemson,73,199,4.4,3,97,Miami Dolphins,4,19,1
2017,Rasul Douglas,DougRa00,CB,West Virginia,74,209,4.59,3,99,Philadelphia Eagles,31,137,4
2017,Jonnu Smith,SmitJo01,TE,Florida International,75,248,4.62,3,100,Tennessee Titans,29,143,5
2017,Nazair Jones,JoneNa00,DT,North Carolina,77,304,5.11,3,102,Seattle Seahawks,3,20,0
2017,Trey Hendrickson,HendTr00,DE,Florida Atlantic,76,266,4.65,3,103,New Orleans Saints,58,119,5
2017,James Conner,ConnJa00,RB,Pittsburgh,73,233,4.65,3,105,Pittsburgh Steelers,49,110,6
2017,Amara Darboh,DarbAm00,WR,Michigan,74,214,4.45,3,106,Seattle Seahawks,1,16,0
2017,Vince Biegel,BiegVi00,OLB,Wisconsin,75,246,4.67,4,108,Green Bay Packers,5,43,1
2017,Jaleel Johnson,JohnJa09,DT,Iowa,75,316,5.38,4,109,Minnesota Vikings,16,86,1
2017,Tedric Thompson,ThomTe00,S,Colorado,72,204,4.6,4,111,Seattle Seahawks,9,38,2
2017,Rayshawn Jenkins,JenkRa00,S,Miami (FL),73,214,4.51,4,113,Los Angeles Chargers,32,141,6
2017,Samaje Perine,PeriSa00,RB,Oklahoma,71,233,4.65,4,114,Washington Redskins,26,127,1
2017,Dorian Johnson,JohnDo03,OG,Pittsburgh,77,300,5.27,4,115,Arizona Cardinals,0,0,0
2017,Carl Lawson,LawsCa00,DE,Auburn,74,261,4.67,4,116,Cincinnati Bengals,20,90,2
2017,Josh Reynolds,ReynJo00,WR,Texas A&M,75,194,4.52,4,117,Los Angeles Rams,26,121,3
2017,Mack Hollins,HollMa00,WR,North Carolina,76,221,4.53,4,118,Philadelphia Eagles,21,129,3
2017,Tarik Cohen,CoheTa00,RB,North Carolina A&T,66,179,4.42,4,119,Chicago Bears,21,51,2
2017,Ben Gedeon,GedeBe00,ILB,Michigan,74,244,4.75,4,120,Minnesota Vikings,15,39,1
2017,Joe Williams,WillJo12,RB,Utah,71,210,4.41,4,121,San Francisco 49ers,0,0,0
2017,Nico Siragusa,SiraNi00,OG,San Diego State,76,319,5.35,4,122,Baltimore Ravens,0,0,0
2017,Montae Nicholson,NichMo00,S,Michigan State,74,212,4.42,4,123,Washington Redskins,10,35,1
2017,Howard Wilson,WilsHo00,CB,Houston,73,184,4.57,4,126,Cleveland Browns,0,0,0
2017,Michael Roberts,RobeMi01,TE,Toledo,76,270,4.86,4,127,Detroit Lions,1,23,0
2017,Josh Malone,MaloJo00,WR,Tennessee,75,208,4.4,4,128,Cincinnati Bengals,1,26,1
2017,David Sharpe,SharDa02,OT,Florida,78,343,5.44,4,129,Oakland Raiders,4,46,0
2017,Deatrich Wise Jr.,WiseDe00,DE,Arkansas,77,274,4.92,4,131,New England Patriots,39,128,3
2017,Donnel Pumphrey,PumpDo00,RB,San Diego State,68,176,4.48,4,132,Philadelphia Eagles,0,0,0
2017,Ryan Switzer,SwitRy00,WR,North Carolina,68,181,4.51,4,133,Dallas Cowboys,3,41,0
2017,Jamaal Williams,WillJa06,RB,BYU,72,212,4.59,4,134,Green Bay Packers,33,117,3
2017,Joshua Dobbs,DobbJo00,QB,Tennessee,75,216,4.64,4,135,Pittsburgh Steelers,9,27,0
2017,Sean Harlow,HarlSe00,OG,Oregon State,76,303,5.15,4,136,Atlanta Falcons,5,41,0
2017,Zach Banner,BannZa00,OG,USC,80,353,5.58,4,137,Indianapolis Colts,2,30,0
2017,Ryan Glasgow,GlasRy00,DT,Michigan,75,302,5.13,4,138,Cincinnati Bengals,3,26,0
2017,Jehu Chesson,ChesJe00,WR,Michigan,75,204,4.47,4,139,Kansas City Chiefs,0,24,0
2017,Wayne Gallman,GallWa00,RB,Clemson,72,215,4.6,4,140,New York Giants,12,61,1
2017,Chad Hansen,HansCh00,WR,California,74,202,4.53,4,141,New York Jets,3,20,0
2017,Marlon Mack,MackMa00,RB,South Florida,71,213,4.5,4,143,Indianapolis Colts,20,55,2
2017,George Kittle,KittGe00,TE,Iowa,76,247,4.52,5,146,San Francisco 49ers,60,126,8
2017,Jordan Morgan,MorgJo02,OG,Kutztown Pennsylvania,75,309,5.36,5,147,Chicago Bears,0,0,0
2017,Blair Brown,BrowBl00,ILB,Ohio,71,238,4.65,5,148,Jacksonville Jaguars,3,28,0
2017,Damontae Kazee,KazeDa00,CB,San Diego State,70,184,4.54,5,149,Atlanta Falcons,22,111,4
2017,Corn Elder,EldeCo00,CB,Miami (FL),70,183,4.55,5,152,Carolina Panthers,2,35,0
2017,Jake Elliott,ElliJa03,K,Memphis,69,167,4.79,5,153,Cincinnati Bengals,24,149,3
2017,Jeremy Sprinkle,SpriJe00,TE,Arkansas,77,252,4.69,5,154,Washington Redskins,2,76,2
2017,Jayon Brown,BrowJa06,ILB,UCLA,72,231,4.7,5,155,Tennessee Titans,26,74,3
2017,Brian Hill,HillBr02,RB,Wyoming,73,219,4.54,5,156,Atlanta Falcons,9,48,0
2017,Will Holden,HoldWi00,OT,Vanderbilt,79,311,5.47,5,157,Arizona Cardinals,5,27,0
2017,Nate Hairston,HairNa00,CB,Temple,72,196,4.52,5,158,Indianapolis Colts,9,61,1
2017,Jermaine Eluemunor,ElueJe00,OG,Texas A&M,76,332,5.22,5,159,Baltimore Ravens,30,120,4
2017,Anthony Walker Jr.,WalkAn01,ILB,Northwestern,73,238,4.65,5,161,Indianapolis Colts,36,101,5
2017,Jeremy McNichols,McNiJe00,RB,Boise State,69,214,4.49,5,162,Tampa Bay Buccaneers,9,71,0
2017,Matt Milano,MilaMa00,OLB,Boston Col.,72,223,4.67,5,163,Buffalo Bills,57,106,5
2017,Isaac Asiata,AsiaIs00,OG,Utah,75,323,5.34,5,164,Miami Dolphins,0,2,0
2017,Shelton Gibson,GibsSh00,WR,West Virginia,71,191,4.5,5,166,Philadelphia Eagles,0,20,0
2017,Avery Moss,MossAv00,DE,Youngstown State,75,264,4.79,5,167,New York Giants,4,22,1
2017,Treston DeCoud,DecoTr00,CB,Oregon State,74,206,4.62,5,169,Houston Texans,1,11,0
2017,Rodney Adams,AdamRo01,WR,South Florida,73,189,4.44,5,170,Minnesota Vikings,0,1,0
2017,Nathan Peterman,PeteNa00,QB,Pittsburgh,74,226,4.82,5,171,Buffalo Bills,3,15,0
2017,Isaiah McKenzie,McKeIs00,WR,Georgia,67,173,4.42,5,172,Denver Broncos,15,93,2
2017,Brian Allen,AlleBr01,CB,Utah,75,215,4.48,5,173,Pittsburgh Steelers,1,20,0
2017,Trent Taylor,TaylTr02,WR,Louisiana Tech,68,181,4.63,5,177,San Francisco 49ers,7,80,0
2017,Davon Gaudchaux,GodcDa00,DT,LSU,75,310,5.27,5,178,Miami Dolphins,49,139,7
2017,T.J. Logan,LogaT.00,RB,North Carolina,69,196,4.37,5,179,Arizona Cardinals,0,22,0
2017,Danny Isidora,IsidDa00,OG,Miami (FL),75,306,5.03,5,180,Minnesota Vikings,4,31,0
2017,Dylan Donahue,DonaDy00,OLB,West Georgia,75,248,4.75,5,181,New York Jets,0,4,0
2017,Aaron Jones,JoneAa00,RB,Texas-El Paso,69,208,4.56,5,182,Green Bay Packers,67,128,8
2017,Nate Gerry,GerrNa00,S,Nebraska,74,218,4.58,5,184,Philadelphia Eagles,18,50,1
2017,Caleb Brantley,BranCa00,DT,Florida,75,307,5.14,6,185,Cleveland Browns,2,20,0
2017,Chuck Clark,ClarCh00,S,Virginia Tech,72,208,4.54,6,186,Baltimore Ravens,31,125,5
2017,Michael Tyson,TysoMi00,S,Cincinnati,73,204,4.56,6,187,Seattle Seahawks,1,10,0
2017,Elijah McGuire,McGuEl00,RB,Louisiana,70,214,4.53,6,188,New York Jets,6,24,0
2017,Tanzel Smart,SmarTa00,DT,Tulane,73,296,5.24,6,189,Los Angeles Rams,4,41,0
2017,Sam Tevi,TeviSa00,OT,Utah,77,311,5.27,6,190,Los Angeles Chargers,23,58,3
2017,Xavier Woods,WoodXa00,S,Louisiana Tech,71,197,4.54,6,191,Dallas Cowboys,38,135,8
2017,Vincent Taylor,TaylVi00,DT,Oklahoma State,75,304,5.07,6,194,Miami Dolphins,5,40,0
2017,Tanner Vallejo,VallTa00,ILB,Boise State,73,228,4.67,6,195,Buffalo Bills,7,82,0
2017,Al-Quadin Muhammad,MuhaAl00,DE,Miami (FL),75,253,4.88,6,196,New Orleans Saints,20,112,1
2017,D.J. Jones,JoneD.01,DT,Akron,73,319,5.04,6,198,San Francisco 49ers,45,127,7
2017,Chase Roullier,RoulCh00,C,Wyoming,76,312,5.54,6,199,Washington Redskins,24,69,4
2017,Adam Bisnowaty,BisnAd00,OT,Pittsburgh,78,304,5.23,6,200,New York Giants,0,1,0
2017,Bucky Hodges,HodgBu00,TE,Virginia Tech,78,257,4.57,6,201,Minnesota Vikings,0,0,0
2017,Pita Taumoepenu,TaumPi00,OLB,Utah,73,243,4.67,6,202,San Francisco 49ers,0,11,0
2017,Jeremiah Ledbetter,LedbJe00,DT,Arkansas,75,280,4.84,6,205,Detroit Lions,5,53,0
2017,Sam Rogers,RogeSa00,FB,Virginia Tech,70,231,4.93,6,206,Los Angeles Rams,0,0,0
2017,Robert Davis,DaviRo00,WR,Georgia State,75,219,4.44,6,209,Washington Redskins,0,7,0
2017,Justin Senior,SeniJu00,OT,Mississippi State,77,331,5.55,6,210,Seattle Seahawks,0,0,0
2017,Conor McDermott,McDeCo00,OT,UCLA,80,307,5.18,6,211,New England Patriots,7,55,0
2017,Colin Holba,HolbCo00,LS,Louisville,76,248,5.19,6,213,Pittsburgh Steelers,0,19,0
2017,Elijah Qualls,QualEl00,DT,Washington,73,313,5.13,6,214,Philadelphia Eagles,1,6,0
2017,Marquez White,WhitMa03,CB,Florida State,72,194,4.59,6,216,Dallas Cowboys,0,0,0
2017,Corey Levin,LeviCo00,OG,Tenn-Chattanooga,76,307,5.16,6,217,Tennessee Titans,7,90,0
2017,Stacy Coley,ColeSt00,WR,Miami (FL),73,195,4.45,7,219,Minnesota Vikings,0,7,0
2017,Ifeadi Odenigbo,OdenIf00,DE,Northwestern,75,258,4.72,7,220,Minnesota Vikings,11,55,1
2017,Shalom Luani,LuanSh00,S,Washington State,71,202,4.55,7,221,Oakland Raiders,2,31,0
2017,Jalen Myrick,MyriJa00,CB,Minnesota,70,200,4.28,7,222,Jacksonville Jaguars,0,5,0
2017,Stevie Tu'Ikolovatu,TuikSt00,DT,USC,73,331,5.45,7,223,Tampa Bay Buccaneers,0,0,0
2017,Isaac Rochell,RochIs00,DE,Notre Dame,76,280,4.89,7,225,Los Angeles Chargers,10,78,0
2017,Josh Carraway,CarrJo00,DE,TCU,75,242,4.74,7,227,Tennessee Titans,0,1,0
2017,Ejuan Price,PricEj00,OLB,Pittsburgh,71,241,4.84,7,234,Los Angeles Rams,0,1,0
2017,Isaiah Ford,FordIs00,WR,Virginia Tech,73,194,4.61,7,237,Miami Dolphins,5,32,0
2017,Kyle Fuller,FullKy01,C,Baylor,77,307,5.24,7,243,Houston Texans,7,51,0
2017,Jack Tocho,TochJa00,CB,North Carolina State,72,202,4.54,7,245,Minnesota Vikings,0,0,0
2017,Malachi Dupre,DuprMa01,WR,LSU,74,196,4.52,7,247,Green Bay Packers,0,1,0
2017,Chris Carson,CarsCh00,RB,Oklahoma State,72,218,4.58,7,249,Seattle Seahawks,29,49,3
2017,Matthew Dayes,DayeMa00,RB,North Carolina State,69,205,4.47,7,252,Cleveland Browns,0,23,0
2018,Baker Mayfield,MayfBa00,QB,Oklahoma,73,215,4.84,1,1,Cleveland Browns,80,125,7
2018,Saquon Barkley,BarkSa00,RB,Penn State,72,233,4.4,1,2,New York Giants,65,108,7
2018,Sam Darnold,DarnSa00,QB,USC,75,221,4.85,1,3,New York Jets,49,101,6
2018,Denzel Ward,WardDe02,CB,Ohio State,70,183,4.32,1,4,Cleveland Browns,49,112,8
2018,Bradley Chubb,ChubBr00,DE,North Carolina State,76,269,4.65,1,5,Denver Broncos,41,92,4
2018,Josh Allen,AlleJo02,QB,Wyoming,77,237,4.75,1,7,Buffalo Bills,111,130,8
2018,Roquan Smith,SmitRo07,OLB,Georgia,73,236,4.51,1,8,Chicago Bears,84,127,8
2018,Josh Rosen,RoseJo01,QB,UCLA,76,226,4.92,1,10,Arizona Cardinals,3,24,1
2018,Minkah Fitzpatrick,FitzMi00,DB,Alabama,73,201,4.46,1,11,Miami Dolphins,61,121,7
2018,Vita Vea,VeaxVi00,DT,Washington,76,347,5.1,1,12,Tampa Bay Buccaneers,51,114,6
2018,Daron Payne,PaynDa00,DT,Alabama,74,311,4.95,1,13,Washington Redskins,53,132,8
2018,Marcus Davenport,DaveMa00,DE,Texas-San Antonio,78,264,4.58,1,14,New Orleans Saints,22,77,2
2018,Kolton Miller,MillKo00,OT,UCLA,81,309,4.95,1,15,Oakland Raiders,42,115,7
2018,Tremaine Edmunds,EdmuTr01,LB,Virginia Tech,77,253,4.54,1,16,Buffalo Bills,62,121,8
2018,Derwin James,JameDe00,S,Florida State,75,215,4.47,1,17,Los Angeles Chargers,46,100,6
2018,Jaire Alexander,AlexJa00,CB,Louisville,71,192,4.38,1,18,Green Bay Packers,34,80,5
2018,Leighton Vander esch,VandLe00,ILB,Boise State,76,256,4.65,1,19,Dallas Cowboys,35,71,5
2018,D.J. Moore,MoorD.00,WR,Maryland,72,210,4.42,1,24,Carolina Panthers,61,133,8
2018,Hayden Hurst,HursHa00,TE,South Carolina,76,250,4.67,1,25,Baltimore Ravens,17,88,1
2018,Calvin Ridley,RidlCa00,WR,Alabama,72,189,4.43,1,26,Atlanta Falcons,41,92,4
2018,Rashaad Penny,PennRa00,RB,San Diego State,71,220,4.46,1,27,Seattle Seahawks,13,45,0
2018,Terrell Edmunds,EdmuTe00,S,Virginia Tech,74,220,4.47,1,28,Pittsburgh Steelers,27,102,5
2018,Taven Bryan,BryaTa00,DT,Florida,76,291,4.98,1,29,Jacksonville Jaguars,22,118,4
2018,Mike Hughes,HughMi00,CB,Central Florida,71,191,4.53,1,30,Minnesota Vikings,17,101,2
2018,Sony Michel,MichSo00,RB,Georgia,71,214,4.54,1,31,New England Patriots,21,65,2
2018,Austin Corbett,CorbAu00,OG,Nevada,76,306,5.15,2,33,Cleveland Browns,29,96,4
2018,Will Hernandez,HernWi00,OG,Texas-El Paso,74,327,5.15,2,34,New York Giants,38,104,5
2018,Nick Chubb,ChubNi00,RB,Georgia,71,227,4.52,2,35,Cleveland Browns,49,100,6
2018,Darius Leonard,LeonDa00,OLB,South Carolina State,74,234,4.7,2,36,Indianapolis Colts,60,75,5
2018,Braden Smith,SmitBr06,OG,Auburn,78,315,5.22,2,37,Indianapolis Colts,45,107,8
2018,Ronald Jones,JoneRo01,RB,USC,71,205,4.65,2,38,Tampa Bay Buccaneers,18,61,2
2018,Courtland Sutton,SuttCo00,WR,SMU,75,218,4.54,2,40,Denver Broncos,45,117,6
2018,Harold Landry,LandHa00,EDGE,Boston Col.,75,252,4.64,2,41,Tennessee Titans,45,113,6
2018,Mike Gesicki,GesiMi00,TE,Penn State,77,247,4.54,2,42,Miami Dolphins,28,130,2
2018,Josh Jackson,JackJo01,CB,Iowa,73,192,4.56,2,45,Green Bay Packers,8,49,0
2018,Breeland Speaks,SpeaBr00,DT,Mississippi,75,283,4.87,2,46,Kansas City Chiefs,3,16,0
2018,Christian Kirk,KirkCh01,WR,Texas A&M,70,201,4.47,2,47,Arizona Cardinals,42,106,7
2018,Uchenna Nwosu,NwosUc00,EDGE,USC,75,251,4.65,2,48,Los Angeles Chargers,29,109,3
2018,Connor Williams,WillCo00,OT,Texas,77,296,5.05,2,50,Dallas Cowboys,34,92,6
2018,Kemoko Turay,TuraKe00,EDGE,Rutgers,77,253,4.65,2,52,Indianapolis Colts,5,41,0
2018,M.J. Stewart,StewM.00,CB,North Carolina,71,200,4.54,2,53,Tampa Bay Buccaneers,9,99,0
2018,Jessie Bates,BateJe00,S,Wake Forest,74,195,4.5,2,54,Cincinnati Bengals,55,132,8
2018,Donte Jackson,JackDo02,CB,LSU,71,175,4.32,2,55,Carolina Panthers,34,114,8
2018,Duke Dawson,DawsDu00,CB,Florida,70,208,4.46,2,56,New England Patriots,3,26,0
2018,Isaiah Oliver,OlivIs00,CB,Colorado,73,190,4.5,2,58,Atlanta Falcons,18,110,2
2018,Derrius Guice,GuicDe00,RB,LSU,70,224,4.49,2,59,Washington Redskins,2,5,0
2018,James Washington,WashJa00,WR,Oklahoma State,71,213,4.54,2,60,Pittsburgh Steelers,11,62,2
2018,D.J. Chark,CharDJ00,WR,LSU,75,199,4.34,2,61,Jacksonville Jaguars,21,76,4
2018,Brian O'neill,ONeiBr00,OT,Pittsburgh,79,297,4.82,2,62,Minnesota Vikings,56,126,8
2018,Carlton Davis,DaviCa02,CB,Auburn,73,203,4.53,2,63,Tampa Bay Buccaneers,34,107,7
2018,Brandon Parker,ParkBr01,OT,North Carolina A&T,80,305,5.4,3,65,Oakland Raiders,15,59,2
2018,Lorenzo Carter,CartLo01,EDGE,Georgia,78,250,4.5,3,66,New York Giants,30,96,4
2018,Chad Thomas,ThomCh06,DE,Miami (FL),78,281,4.92,3,67,Cleveland Browns,5,20,0
2018,Justin Reid,ReidJu00,S,Stanford,73,204,4.4,3,68,Houston Texans,34,123,8
2018,B.J. Hill,HillB.00,DT,North Carolina State,76,311,4.99,3,69,New York Giants,37,130,6
2018,Fred Warner,WarnFr00,OLB,BYU,75,236,4.64,3,70,San Francisco 49ers,82,123,7
2018,Royce Freeman,FreeRo00,RB,Oregon,71,229,4.54,3,71,Denver Broncos,13,79,0
2018,Nathan Shepherd,ShepNa00,DT,Fort Hays State,77,315,5.09,3,72,New York Jets,25,124,2
2018,Jerome Baker,BakeJe00,OLB,Ohio State,73,229,4.53,3,73,Miami Dolphins,39,121,6
2018,Geron Christian,ChriGe01,OT,Louisville,77,298,5.33,3,74,Washington Redskins,12,63,1
2018,Derrick Nnadi,NnadDe00,DT,Florida State,73,317,5.38,3,75,Kansas City Chiefs,38,130,6
2018,Mason Rudolph,RudoMa00,QB,Oklahoma State,77,235,4.9,3,76,Pittsburgh Steelers,10,35,1
2018,Malik Jefferson,JeffMa00,OLB,Texas,75,236,4.52,3,78,Cincinnati Bengals,3,38,0
2018,Rasheem Green,GreeRa01,DE,USC,77,275,4.73,3,79,Seattle Seahawks,17,86,2
2018,Michael Gallup,GallMi00,WR,Colorado State,73,205,4.51,3,81,Dallas Cowboys,30,86,5
2018,Orlando Brown,BrowOr00,OT,Oklahoma,80,345,5.85,3,83,Baltimore Ravens,69,128,8
2018,Justin Jones,JoneJu03,DT,North Carolina State,74,309,5.09,3,84,Los Angeles Chargers,30,88,5
2018,Rashaan Gaulden,GaulRa00,CB,Tennessee,73,193,4.61,3,85,Carolina Panthers,1,27,0
2018,Mark Andrews,AndrMa00,TE,Oklahoma,77,256,4.67,3,86,Baltimore Ravens,51,123,4
2018,Oren Burks,BurkOr00,OLB,Vanderbilt,75,233,4.59,3,88,Green Bay Packers,16,127,1
2018,Joseph Noteboom,NoteJo00,OT,TCU,77,309,4.96,3,89,Los Angeles Rams,18,81,0
2018,Deadrin Senat,SenaDe00,DT,South Florida,72,314,5.16,3,90,Atlanta Falcons,4,37,0
2018,Chukwuma Okorafor,OkorCh00,OT,West. Michigan,78,320,5.31,3,92,Pittsburgh Steelers,26,94,3
2018,Alex Cappa,CappAl00,OT,Humboldt State,78,305,5.39,3,94,Tampa Bay Buccaneers,44,119,6
2018,Harrison Phillips,PhilHa00,DT,Stanford,76,307,5.21,3,96,Buffalo Bills,35,115,4
2018,Mason Cole,ColeMa02,C,Michigan,76,307,5.23,3,97,Arizona Cardinals,25,94,4
2018,Isaac Yiadom,YiadIs00,CB,Boston Col.,73,190,4.52,3,99,Denver Broncos,16,118,2
2018,Dorian O'daniel,ODanDo00,OLB,Clemson,73,223,4.61,3,100,Kansas City Chiefs,5,58,0
2018,Ian Thomas,ThomIa00,TE,Indiana,76,259,4.74,4,101,Carolina Panthers,8,116,3
2018,Jalyn Holmes,HolmJa01,DE,Ohio State,77,283,4.82,4,102,Minnesota Vikings,8,65,0
2018,Keke Coutee,CoutKe00,WR,Texas Tech,70,181,4.43,4,103,Houston Texans,7,33,0
2018,Nyheim Hines,HineNy00,RB,North Carolina State,68,198,4.38,4,104,Indianapolis Colts,25,85,0
2018,Antonio Callaway,CallAn00,WR,Florida,71,200,4.41,4,105,Cleveland Browns,5,25,1
2018,Josey Jewell,JeweJo00,ILB,Iowa,73,234,4.82,4,106,Denver Broncos,32,90,5
2018,Kyle Lauletta,LaulKy00,QB,Richmond,75,222,4.81,4,108,New York Giants,0,2,0
2018,Troy Apke,ApkeTr00,S,Penn State,74,198,4.34,4,109,Washington Redskins,6,52,1
2018,Nick Nelson,NelsNi00,CB,Wisconsin,71,208,4.52,4,110,Oakland Raiders,1,12,0
2018,Brian Allen,AlleBr02,C,Michigan State,73,298,5.34,4,111,Los Angeles Rams,16,50,2
2018,Mark Walton,WaltMa00,RB,Miami (FL),70,202,4.6,4,112,Cincinnati Bengals,3,21,0
2018,Joel Iyiegbuniwe,IyieJo00,LB,Western Kentucky,73,229,4.6,4,115,Chicago Bears,5,65,0
2018,Dorance Armstrong,ArmsDo00,EDGE,Kansas,76,257,4.87,4,116,Dallas Cowboys,22,117,1
2018,Anthony Averett,AverAn00,CB,Alabama,72,185,4.36,4,118,Baltimore Ravens,11,51,1
2018,Will Dissly,DissWi00,TE,Washington,76,262,4.87,4,120,Seattle Seahawks,16,96,5
2018,Taron Johnson,JohnTa01,CB,Weber State,72,180,4.5,4,121,Buffalo Bills,36,115,6
2018,Kenny Young,YounKe03,ILB,UCLA,73,236,4.6,4,122,Baltimore Ravens,18,63,1
2018,Durham Smythe,SmytDu00,TE,Notre Dame,77,253,4.81,4,123,Miami Dolphins,10,131,5
2018,Avonte Maddox,MaddAv00,CB,Pittsburgh,69,180,4.39,4,125,Philadelphia Eagles,17,97,1
2018,Kentavius Street,StreKe00,DE,North Carolina State,74,280,4.87,4,128,San Francisco 49ers,11,87,0
2018,Will Richardson,RichWi01,OT,North Carolina State,78,306,5.26,4,129,Jacksonville Jaguars,4,44,0
2018,Josh Sweat,SweaJo00,EDGE,Florida State,76,251,4.53,4,130,Philadelphia Eagles,37,123,5
2018,Kalen Ballage,BallKa00,RB,Arizona State,73,228,4.46,4,131,Miami Dolphins,6,52,1
2018,Jaleel Scott,ScotJa02,WR,New Mexico State,77,218,4.56,4,132,Baltimore Ravens,0,4,0
2018,Chase Edmonds,EdmoCh00,RB,Fordham,69,205,4.55,4,134,Arizona Cardinals,21,86,1
2018,John Franklin-Myers,FranJo02,DE,Stephen F. Austin,76,283,4.75,4,135,Los Angeles Rams,38,116,5
2018,Marquis Haynes,HaynMa01,EDGE,Mississippi,75,235,4.67,4,136,Carolina Panthers,7,73,0
2018,Dalton Schultz,SchuDa00,TE,Stanford,77,244,4.75,4,137,Dallas Cowboys,30,126,4
2018,Cole Madison,MadiCo01,OL,Washington State,77,308,5.33,5,138,Green Bay Packers,0,0,0
2018,Shaquem Griffin,GrifSh01,OLB,Central Florida,73,227,4.38,5,141,Seattle Seahawks,4,46,0
2018,D.J. Reed,ReedD.00,CB,Kansas State,69,188,4.51,5,142,San Francisco 49ers,27,114,6
2018,Bilal Nichols,NichBi00,DT,Delaware,76,306,4.95,5,145,Chicago Bears,37,104,5
2018,Tre Flowers,FlowTr01,S,Oklahoma State,75,200,4.45,5,146,Seattle Seahawks,19,98,2
2018,Micah Kiser,KiseMi00,ILB,Virginia,74,238,4.66,5,147,Los Angeles Rams,8,36,0
2018,Genard Avery,AverGe00,ILB,Memphis,73,248,4.59,5,150,Cleveland Browns,11,63,2
2018,Davontae Harris,HarrDa05,CB,Illinois State,72,200,4.43,5,151,Cincinnati Bengals,5,42,0
2018,Dane Cruikshank,CruiDa00,S,Arizona,73,206,4.41,5,152,Tennessee Titans,4,56,0
2018,Tyrell Crosby,CrosTy00,OT,Oregon,77,309,5.23,5,153,Detroit Lions,11,38,1
2018,Siran Neal,NealSi00,S,Jacksonville State,72,199,4.56,5,154,Buffalo Bills,7,133,0
2018,Scott Quessenberry,QuesSc00,C,UCLA,76,310,5.09,5,155,Los Angeles Chargers,13,79,2
2018,Tyler Conklin,ConkTy00,TE,Central Michigan,75,254,4.8,5,157,Minnesota Vikings,20,129,4
2018,Andrew Brown,BrowAn05,DE,Virginia,76,296,5.03,5,158,Cincinnati Bengals,2,28,0
2018,Ogbonnia Okoronkwo,OkorOg00,EDGE,Oklahoma,73,253,4.77,5,160,Los Angeles Rams,12,83,0
2018,Jordan Lasley,LaslJo00,WR,UCLA,73,203,4.5,5,162,Baltimore Ravens,0,0,0
2018,Tim Settle,SettTi00,DT,Virginia Tech,75,329,5.37,5,163,Washington Redskins,20,126,1
2018,Natrell Jamerson,JameNa00,S,Wisconsin,72,198,4.4,5,164,New Orleans Saints,1,21,0
2018,Jaylen Samuels,SamuJa00,TE,North Carolina State,71,225,4.54,5,165,Pittsburgh Steelers,7,45,0
2018,Wyatt Teller,TellWy00,OG,Virginia Tech,76,314,5.24,5,166,Buffalo Bills,39,111,7
2018,Jamarco Jones,JoneJa08,OT,Ohio State,76,299,5.5,5,168,Seattle Seahawks,7,38,0
2018,Darius Phillips,PhilDa02,CB,West. Michigan,70,190,4.54,5,170,Cincinnati Bengals,7,56,1
2018,Mike White,WhitMi01,QB,Western Kentucky,77,224,5.09,5,171,Dallas Cowboys,5,15,0
2018,Jk Scott,ScotJK00,P,Alabama,78,208,4.83,5,172,Green Bay Packers,13,119,3
2018,Marquez Valdes-Scantling,ValdMa00,WR,South Florida,76,206,4.37,5,174,Green Bay Packers,29,116,5
2018,Christian Sam,SamxCh00,ILB,Arizona State,74,244,4.75,6,178,New England Patriots,0,0,0
2018,Parry Nickerson,NickPa00,CB,Tulane,72,180,4.32,6,179,New York Jets,2,35,0
2018,Kylie Fitts,FittKy00,EDGE,Utah,76,263,4.69,6,181,Chicago Bears,1,28,0
2018,Sam Jones,JoneSa00,OG,Arizona State,77,305,5.32,6,183,Denver Broncos,0,5,0
2018,Deon Cain,CainDe00,WR,Clemson,74,202,4.43,6,185,Indianapolis Colts,1,15,0
2018,Ray-ray McCloud,McClRa00,WR,Clemson,69,190,4.53,6,187,Buffalo Bills,14,100,1
2018,Deshon Elliott,ElliDe02,S,Texas,74,205,4.58,6,190,Baltimore Ravens,25,77,4
2018,Dylan Cantrell,CantDy00,WR,Texas Tech,75,226,4.59,6,191,Los Angeles Chargers,0,0,0
2018,Jamil Demby,DembJa00,OG,Maine,76,319,5.58,6,192,Los Angeles Rams,1,6,0
2018,Chris Covington,CoviCh01,OLB,Indiana,74,245,4.78,6,193,Dallas Cowboys,0,8,0
2018,Kahlil McKenzie,McKeKa00,DT,Tennessee,77,314,5.15,6,198,Kansas City Chiefs,1,12,0
2018,Tanner Lee,LeexTa00,QB,Nebraska,76,218,4.98,6,203,Jacksonville Jaguars,0,0,0
2018,Trevon Young,YounTr00,EDGE,Louisville,76,258,4.78,6,205,Los Angeles Rams,0,2,0
2018,Equanimeous St. brown,St.BEq00,WR,Notre Dame,77,214,4.48,6,207,Green Bay Packers,8,62,2
2018,Cedrick Wilson,WilsCe01,WR,Boise State,74,197,4.55,6,208,Dallas Cowboys,11,93,0
2018,Jordan Thomas,ThomJo05,TE,Mississippi State,77,265,4.74,6,211,Houston Texans,2,27,1
2018,Greg Senat,SenaGr00,OT,Wagner,78,302,5.38,6,212,Baltimore Ravens,1,10,0
2018,Colby Gossett,GossCo00,OG,Appalachian State,77,311,5.2,6,213,Minnesota Vikings,4,36,0
2018,Peter Kalambayi,KalaPe00,EDGE,Stanford,75,252,4.57,6,214,Houston Texans,3,41,0
2018,Azeem Victor,VictAz00,ILB,Washington,73,240,4.72,6,216,Oakland Raiders,0,0,0
2018,Keishawn Bierria,BierKe00,ILB,Washington,74,230,4.79,6,217,Denver Broncos,1,21,0
2018,Ade Aruna,ArunAd00,DE,Tulane,78,262,4.6,6,218,Minnesota Vikings,0,0,0
2018,Danny Etling,EtliDa00,QB,LSU,74,222,4.76,7,219,New England Patriots,0,0,0
2018,Javon Wims,WimsJa00,WR,Georgia,75,215,4.53,7,224,Chicago Bears,1,34,0
2018,Marcell Ateman,AtemMa00,WR,Oklahoma State,76,216,4.62,7,228,Oakland Raiders,2,19,0
2018,Leon Jacobs,JacoLe00,EDGE,Wisconsin,75,246,4.48,7,230,Jacksonville Jaguars,7,29,1
2018,James Looney,LoonJa00,DE,California,75,287,4.89,7,232,Green Bay Packers,0,3,0
2018,Andre Smith,SmitAn04,ILB,North Carolina,72,237,4.63,7,234,Carolina Panthers,6,62,0
2018,Bo Scarbrough,ScarBo01,RB,Alabama,73,228,4.52,7,236,Dallas Cowboys,2,7,0
2018,Richie James,JameRi00,WR,Middle Tennessee State,70,183,4.48,7,240,San Francisco 49ers,13,66,1
2018,Greg Stroman,StroGr00,CB,Virginia Tech,72,180,4.48,7,241,Washington Redskins,4,33,0
2018,Kendrick Norton,NortKe01,DT,Miami (FL),75,314,5.25,7,242,Carolina Panthers,0,0,0
2018,Will Clapp,ClapWi00,C,LSU,76,311,5.39,7,245,New Orleans Saints,12,66,1
2018,Logan Woodside,WoodLo00,QB,Toledo,73,213,4.79,7,249,Cincinnati Bengals,0,13,0
2018,Ryan Izzo,IzzoRy00,TE,Florida State,77,256,4.94,7,250,New England Patriots,3,19,1
2018,Justin Jackson,JackJu01,RB,Northwestern,72,199,4.52,7,251,Los Angeles Chargers,12,59,0
2018,Rod Taylor,TaylRo01,OT,Mississippi,75,320,5.24,7,252,Cincinnati Bengals,0,0,0
2018,Auden Tate,TateAu00,WR,Florida State,77,228,4.68,7,253,Cincinnati Bengals,5,35,1
2018,Trey Quinn,QuinTr00,WR,SMU,71,203,4.55,7,256,Washington Redskins,2,16,0
