season,game_id,team,state,plays,rush_att
2022,2022_01_BAL_NYJ,BAL,tied,12,5
2022,2022_01_BAL_NYJ,BAL,up 1-8,25,9
2022,2022_01_BAL_NYJ,BAL,up 9+,14,5
2022,2022_01_BAL_NYJ,NYJ,down 9+,48,8
2022,2022_01_BAL_NYJ,NYJ,down 1-8,19,3
2022,2022_01_BAL_NYJ,NYJ,tied,12,6
2022,2022_01_BUF_LA,BUF,tied,17,9
2022,2022_01_BUF_LA,BUF,up 1-8,34,11
2022,2022_01_BUF_LA,BUF,up 9+,6,4
2022,2022_01_BUF_LA,LA,down 9+,37,9
2022,2022_01_BUF_LA,LA,down 1-8,26,8
2022,2022_01_BUF_LA,LA,tied,3,1
2022,2022_01_CLE_CAR,CAR,down 9+,23,10
2022,2022_01_CLE_CAR,CAR,down 1-8,10,4
2022,2022_01_CLE_CAR,CAR,tied,16,4
2022,2022_01_CLE_CAR,CLE,down 1-8,3,0
2022,2022_01_CLE_CAR,CLE,tied,22,11
2022,2022_01_CLE_CAR,CLE,up 1-8,32,19
2022,2022_01_CLE_CAR,CLE,up 9+,15,9
2022,2022_01_DEN_SEA,DEN,down 1-8,64,20
2022,2022_01_DEN_SEA,SEA,tied,13,3
2022,2022_01_DEN_SEA,SEA,up 1-8,33,13
2022,2022_01_GB_MIN,GB,down 9+,38,8
2022,2022_01_GB_MIN,GB,down 1-8,21,9
2022,2022_01_GB_MIN,MIN,tied,10,2
2022,2022_01_GB_MIN,MIN,up 1-8,15,8
2022,2022_01_GB_MIN,MIN,up 9+,36,18
2022,2022_01_IND_HOU,HOU,down 1-8,16,6
2022,2022_01_IND_HOU,HOU,tied,18,6
2022,2022_01_IND_HOU,HOU,up 1-8,15,8
2022,2022_01_IND_HOU,HOU,up 9+,18,7
2022,2022_01_IND_HOU,IND,down 9+,24,9
2022,2022_01_IND_HOU,IND,down 1-8,15,5
2022,2022_01_IND_HOU,IND,tied,41,19
2022,2022_01_IND_HOU,IND,up 1-8,10,5
2022,2022_01_JAX_WAS,JAX,down 9+,26,6
2022,2022_01_JAX_WAS,JAX,down 1-8,26,7
2022,2022_01_JAX_WAS,JAX,tied,6,2
2022,2022_01_JAX_WAS,JAX,up 1-8,5,3
2022,2022_01_JAX_WAS,WAS,down 1-8,27,9
2022,2022_01_JAX_WAS,WAS,up 1-8,26,11
2022,2022_01_JAX_WAS,WAS,up 9+,16,5
2022,2022_01_KC_ARI,ARI,down 9+,61,19
2022,2022_01_KC_ARI,ARI,down 1-8,3,2
2022,2022_01_KC_ARI,KC,tied,11,5
2022,2022_01_KC_ARI,KC,up 1-8,18,5
2022,2022_01_KC_ARI,KC,up 9+,37,17
2022,2022_01_LV_LAC,LAC,tied,23,9
2022,2022_01_LV_LAC,LAC,up 1-8,28,13
2022,2022_01_LV_LAC,LAC,up 9+,12,7
2022,2022_01_LV_LAC,LV,down 9+,28,7
2022,2022_01_LV_LAC,LV,down 1-8,26,4
2022,2022_01_LV_LAC,LV,tied,3,2
2022,2022_01_NE_MIA,MIA,tied,10,4
2022,2022_01_NE_MIA,MIA,up 1-8,10,4
2022,2022_01_NE_MIA,MIA,up 9+,37,13
2022,2022_01_NE_MIA,NE,down 9+,35,14
2022,2022_01_NE_MIA,NE,down 1-8,10,3
2022,2022_01_NE_MIA,NE,tied,8,4
2022,2022_01_NO_ATL,ATL,down 1-8,14,8
2022,2022_01_NO_ATL,ATL,tied,9,4
2022,2022_01_NO_ATL,ATL,up 1-8,34,18
2022,2022_01_NO_ATL,ATL,up 9+,13,8
2022,2022_01_NO_ATL,NO,down 9+,22,8
2022,2022_01_NO_ATL,NO,down 1-8,29,9
2022,2022_01_NO_ATL,NO,up 1-8,6,3
2022,2022_01_NYG_TEN,NYG,down 9+,19,12
2022,2022_01_NYG_TEN,NYG,down 1-8,38,18
2022,2022_01_NYG_TEN,NYG,tied,3,3
2022,2022_01_NYG_TEN,TEN,down 1-8,6,1
2022,2022_01_NYG_TEN,TEN,tied,14,5
2022,2022_01_NYG_TEN,TEN,up 1-8,23,11
2022,2022_01_NYG_TEN,TEN,up 9+,16,9
2022,2022_01_PHI_DET,DET,down 9+,45,17
2022,2022_01_PHI_DET,DET,down 1-8,2,1
2022,2022_01_PHI_DET,DET,tied,15,8
2022,2022_01_PHI_DET,DET,up 1-8,3,1
2022,2022_01_PHI_DET,PHI,down 1-8,22,10
2022,2022_01_PHI_DET,PHI,tied,12,5
2022,2022_01_PHI_DET,PHI,up 1-8,15,10
2022,2022_01_PHI_DET,PHI,up 9+,22,13
2022,2022_01_PIT_CIN,CIN,down 9+,26,14
2022,2022_01_PIT_CIN,CIN,down 1-8,54,15
2022,2022_01_PIT_CIN,CIN,tied,15,5
2022,2022_01_PIT_CIN,PIT,tied,17,2
2022,2022_01_PIT_CIN,PIT,up 1-8,33,15
2022,2022_01_PIT_CIN,PIT,up 9+,9,4
2022,2022_01_SF_CHI,CHI,down 9+,5,2
2022,2022_01_SF_CHI,CHI,down 1-8,23,14
2022,2022_01_SF_CHI,CHI,tied,17,10
2022,2022_01_SF_CHI,CHI,up 1-8,5,5
2022,2022_01_SF_CHI,CHI,up 9+,3,3
2022,2022_01_SF_CHI,SF,down 9+,16,5
2022,2022_01_SF_CHI,SF,down 1-8,6,3
2022,2022_01_SF_CHI,SF,tied,19,13
2022,2022_01_SF_CHI,SF,up 1-8,26,16
2022,2022_01_TB_DAL,DAL,down 9+,36,6
2022,2022_01_TB_DAL,DAL,down 1-8,11,4
2022,2022_01_TB_DAL,DAL,tied,16,7
2022,2022_01_TB_DAL,TB,down 1-8,6,4
2022,2022_01_TB_DAL,TB,tied,6,2
2022,2022_01_TB_DAL,TB,up 1-8,22,10
2022,2022_01_TB_DAL,TB,up 9+,26,15
2022,2022_02_ARI_LV,ARI,down 9+,47,18
2022,2022_02_ARI_LV,ARI,down 1-8,25,9
2022,2022_02_ARI_LV,ARI,tied,8,2
2022,2022_02_ARI_LV,LV,tied,20,8
2022,2022_02_ARI_LV,LV,up 1-8,13,4
2022,2022_02_ARI_LV,LV,up 9+,28,9
2022,2022_02_ATL_LA,ATL,down 9+,32,14
2022,2022_02_ATL_LA,ATL,down 1-8,13,7
2022,2022_02_ATL_LA,ATL,tied,12,6
2022,2022_02_ATL_LA,LA,tied,9,4
2022,2022_02_ATL_LA,LA,up 1-8,15,10
2022,2022_02_ATL_LA,LA,up 9+,39,12
2022,2022_02_CAR_NYG,CAR,down 1-8,40,17
2022,2022_02_CAR_NYG,CAR,tied,14,6
2022,2022_02_CAR_NYG,NYG,down 1-8,8,2
2022,2022_02_CAR_NYG,NYG,tied,35,17
2022,2022_02_CAR_NYG,NYG,up 1-8,25,12
2022,2022_02_CHI_GB,CHI,down 9+,28,18
2022,2022_02_CHI_GB,CHI,down 1-8,13,9
2022,2022_02_CHI_GB,GB,down 1-8,9,6
2022,2022_02_CHI_GB,GB,tied,12,5
2022,2022_02_CHI_GB,GB,up 1-8,12,4
2022,2022_02_CHI_GB,GB,up 9+,32,22
2022,2022_02_CIN_DAL,CIN,down 9+,33,12
2022,2022_02_CIN_DAL,CIN,down 1-8,31,12
2022,2022_02_CIN_DAL,CIN,tied,3,0
2022,2022_02_CIN_DAL,DAL,tied,20,8
2022,2022_02_CIN_DAL,DAL,up 1-8,17,9
2022,2022_02_CIN_DAL,DAL,up 9+,21,10
2022,2022_02_HOU_DEN,DEN,down 1-8,27,14
2022,2022_02_HOU_DEN,DEN,tied,23,10
2022,2022_02_HOU_DEN,DEN,up 1-8,14,6
2022,2022_02_HOU_DEN,HOU,down 1-8,24,4
2022,2022_02_HOU_DEN,HOU,tied,28,10
2022,2022_02_HOU_DEN,HOU,up 1-8,6,3
2022,2022_02_IND_JAX,IND,down 9+,35,8
2022,2022_02_IND_JAX,IND,down 1-8,6,3
2022,2022_02_IND_JAX,IND,tied,7,2
2022,2022_02_IND_JAX,JAX,tied,15,8
2022,2022_02_IND_JAX,JAX,up 1-8,9,5
2022,2022_02_IND_JAX,JAX,up 9+,42,23
2022,2022_02_LAC_KC,KC,down 9+,14,2
2022,2022_02_LAC_KC,KC,down 1-8,22,6
2022,2022_02_LAC_KC,KC,tied,7,4
2022,2022_02_LAC_KC,KC,up 1-8,9,4
2022,2022_02_LAC_KC,LAC,down 9+,9,0
2022,2022_02_LAC_KC,LAC,down 1-8,9,3
2022,2022_02_LAC_KC,LAC,tied,18,3
2022,2022_02_LAC_KC,LAC,up 1-8,37,17
2022,2022_02_MIA_BAL,BAL,down 1-8,4,0
2022,2022_02_MIA_BAL,BAL,tied,6,1
2022,2022_02_MIA_BAL,BAL,up 1-8,27,17
2022,2022_02_MIA_BAL,BAL,up 9+,17,7
2022,2022_02_MIA_BAL,MIA,down 9+,39,10
2022,2022_02_MIA_BAL,MIA,down 1-8,30,8
2022,2022_02_MIN_PHI,MIN,down 9+,50,8
2022,2022_02_MIN_PHI,MIN,down 1-8,9,3
2022,2022_02_MIN_PHI,PHI,tied,11,5
2022,2022_02_MIN_PHI,PHI,up 1-8,23,11
2022,2022_02_MIN_PHI,PHI,up 9+,34,18
2022,2022_02_NE_PIT,NE,tied,23,8
2022,2022_02_NE_PIT,NE,up 1-8,40,20
2022,2022_02_NE_PIT,PIT,down 9+,9,4
2022,2022_02_NE_PIT,PIT,down 1-8,41,15
2022,2022_02_NE_PIT,PIT,tied,9,3
2022,2022_02_NYJ_CLE,CLE,down 1-8,2,1
2022,2022_02_NYJ_CLE,CLE,tied,43,24
2022,2022_02_NYJ_CLE,CLE,up 1-8,19,11
2022,2022_02_NYJ_CLE,NYJ,down 9+,2,0
2022,2022_02_NYJ_CLE,NYJ,down 1-8,61,17
2022,2022_02_NYJ_CLE,NYJ,tied,3,2
2022,2022_02_SEA_SF,SEA,down 9+,36,8
2022,2022_02_SEA_SF,SEA,down 1-8,11,6
2022,2022_02_SEA_SF,SF,tied,10,7
2022,2022_02_SEA_SF,SF,up 1-8,10,6
2022,2022_02_SEA_SF,SF,up 9+,50,32
2022,2022_02_TB_NO,NO,down 9+,16,0
2022,2022_02_TB_NO,NO,down 1-8,2,0
2022,2022_02_TB_NO,NO,tied,21,11
2022,2022_02_TB_NO,NO,up 1-8,27,9
2022,2022_02_TB_NO,TB,down 1-8,39,15
2022,2022_02_TB_NO,TB,tied,15,8
2022,2022_02_TB_NO,TB,up 1-8,3,0
2022,2022_02_TB_NO,TB,up 9+,6,5
2022,2022_02_TEN_BUF,BUF,tied,24,8
2022,2022_02_TEN_BUF,BUF,up 1-8,8,1
2022,2022_02_TEN_BUF,BUF,up 9+,31,13
2022,2022_02_TEN_BUF,TEN,down 9+,32,17
2022,2022_02_TEN_BUF,TEN,down 1-8,12,6
2022,2022_02_TEN_BUF,TEN,tied,9,4
2022,2022_02_WAS_DET,DET,tied,9,3
2022,2022_02_WAS_DET,DET,up 1-8,19,7
2022,2022_02_WAS_DET,DET,up 9+,31,12
2022,2022_02_WAS_DET,WAS,down 9+,65,18
2022,2022_02_WAS_DET,WAS,down 1-8,6,2
2022,2022_02_WAS_DET,WAS,tied,3,1
2022,2022_03_ATL_SEA,ATL,down 1-8,29,14
2022,2022_03_ATL_SEA,ATL,tied,12,6
2022,2022_03_ATL_SEA,ATL,up 1-8,11,9
2022,2022_03_ATL_SEA,SEA,down 1-8,33,8
2022,2022_03_ATL_SEA,SEA,tied,36,15
2022,2022_03_BAL_NE,BAL,down 1-8,16,10
2022,2022_03_BAL_NE,BAL,tied,14,4
2022,2022_03_BAL_NE,BAL,up 1-8,26,9
2022,2022_03_BAL_NE,NE,down 9+,13,4
2022,2022_03_BAL_NE,NE,down 1-8,47,23
2022,2022_03_BAL_NE,NE,tied,4,1
2022,2022_03_BUF_MIA,BUF,down 1-8,24,6
2022,2022_03_BUF_MIA,BUF,tied,57,12
2022,2022_03_BUF_MIA,BUF,up 1-8,8,5
2022,2022_03_BUF_MIA,MIA,down 1-8,26,12
2022,2022_03_BUF_MIA,MIA,tied,10,3
2022,2022_03_BUF_MIA,MIA,up 1-8,3,2
2022,2022_03_CIN_NYJ,CIN,tied,11,1
2022,2022_03_CIN_NYJ,CIN,up 1-8,14,6
2022,2022_03_CIN_NYJ,CIN,up 9+,39,19
2022,2022_03_CIN_NYJ,NYJ,down 9+,56,12
2022,2022_03_CIN_NYJ,NYJ,down 1-8,20,8
2022,2022_03_DAL_NYG,DAL,down 1-8,9,4
2022,2022_03_DAL_NYG,DAL,tied,32,13
2022,2022_03_DAL_NYG,DAL,up 1-8,18,11
2022,2022_03_DAL_NYG,NYG,down 9+,8,2
2022,2022_03_DAL_NYG,NYG,down 1-8,39,17
2022,2022_03_DAL_NYG,NYG,tied,20,6
2022,2022_03_DET_MIN,DET,down 1-8,4,0
2022,2022_03_DET_MIN,DET,tied,25,11
2022,2022_03_DET_MIN,DET,up 1-8,39,21
2022,2022_03_DET_MIN,DET,up 9+,7,3
2022,2022_03_DET_MIN,MIN,down 9+,23,10
2022,2022_03_DET_MIN,MIN,down 1-8,30,11
2022,2022_03_DET_MIN,MIN,tied,12,3
2022,2022_03_GB_TB,GB,down 1-8,10,5
2022,2022_03_GB_TB,GB,up 1-8,31,12
2022,2022_03_GB_TB,GB,up 9+,19,7
2022,2022_03_GB_TB,TB,down 9+,21,4
2022,2022_03_GB_TB,TB,down 1-8,29,5
2022,2022_03_GB_TB,TB,tied,9,4
2022,2022_03_HOU_CHI,CHI,down 1-8,21,14
2022,2022_03_HOU_CHI,CHI,tied,25,14
2022,2022_03_HOU_CHI,CHI,up 1-8,14,10
2022,2022_03_HOU_CHI,HOU,down 9+,7,4
2022,2022_03_HOU_CHI,HOU,down 1-8,29,16
2022,2022_03_HOU_CHI,HOU,tied,12,2
2022,2022_03_HOU_CHI,HOU,up 1-8,9,2
2022,2022_03_JAX_LAC,JAX,tied,22,8
2022,2022_03_JAX_LAC,JAX,up 1-8,23,9
2022,2022_03_JAX_LAC,JAX,up 9+,29,17
2022,2022_03_JAX_LAC,LAC,down 9+,46,8
2022,2022_03_JAX_LAC,LAC,down 1-8,6,2
2022,2022_03_JAX_LAC,LAC,tied,6,2
2022,2022_03_KC_IND,IND,down 1-8,37,11
2022,2022_03_KC_IND,IND,tied,6,3
2022,2022_03_KC_IND,IND,up 1-8,25,12
2022,2022_03_KC_IND,KC,down 1-8,28,10
2022,2022_03_KC_IND,KC,up 1-8,33,13
2022,2022_03_LA_ARI,ARI,down 9+,60,12
2022,2022_03_LA_ARI,ARI,down 1-8,18,8
2022,2022_03_LA_ARI,ARI,tied,3,1
2022,2022_03_LA_ARI,LA,tied,7,1
2022,2022_03_LA_ARI,LA,up 1-8,18,11
2022,2022_03_LA_ARI,LA,up 9+,19,6
2022,2022_03_LV_TEN,LV,down 9+,43,15
2022,2022_03_LV_TEN,LV,down 1-8,23,4
2022,2022_03_LV_TEN,TEN,tied,12,6
2022,2022_03_LV_TEN,TEN,up 1-8,17,10
2022,2022_03_LV_TEN,TEN,up 9+,24,9
2022,2022_03_NO_CAR,CAR,tied,7,3
2022,2022_03_NO_CAR,CAR,up 1-8,14,7
2022,2022_03_NO_CAR,CAR,up 9+,38,21
2022,2022_03_NO_CAR,NO,down 9+,50,15
2022,2022_03_NO_CAR,NO,down 1-8,4,1
2022,2022_03_NO_CAR,NO,tied,10,6
2022,2022_03_PHI_WAS,PHI,tied,16,6
2022,2022_03_PHI_WAS,PHI,up 1-8,2,1
2022,2022_03_PHI_WAS,PHI,up 9+,48,21
2022,2022_03_PHI_WAS,WAS,down 9+,60,15
2022,2022_03_PHI_WAS,WAS,down 1-8,2,1
2022,2022_03_PHI_WAS,WAS,tied,13,6
2022,2022_03_PIT_CLE,CLE,down 1-8,22,10
2022,2022_03_PIT_CLE,CLE,tied,27,10
2022,2022_03_PIT_CLE,CLE,up 1-8,14,13
2022,2022_03_PIT_CLE,CLE,up 9+,8,5
2022,2022_03_PIT_CLE,PIT,down 9+,12,1
2022,2022_03_PIT_CLE,PIT,down 1-8,21,14
2022,2022_03_PIT_CLE,PIT,tied,8,4
2022,2022_03_PIT_CLE,PIT,up 1-8,14,3
2022,2022_03_SF_DEN,DEN,down 1-8,61,26
2022,2022_03_SF_DEN,DEN,tied,3,1
2022,2022_03_SF_DEN,DEN,up 1-8,4,3
2022,2022_03_SF_DEN,SF,down 1-8,7,0
2022,2022_03_SF_DEN,SF,tied,11,4
2022,2022_03_SF_DEN,SF,up 1-8,34,15
2022,2022_04_ARI_CAR,ARI,down 1-8,26,9
2022,2022_04_ARI_CAR,ARI,tied,31,17
2022,2022_04_ARI_CAR,ARI,up 1-8,2,2
2022,2022_04_ARI_CAR,ARI,up 9+,9,6
2022,2022_04_ARI_CAR,CAR,down 9+,14,0
2022,2022_04_ARI_CAR,CAR,down 1-8,1,0
2022,2022_04_ARI_CAR,CAR,tied,19,8
2022,2022_04_ARI_CAR,CAR,up 1-8,18,5
2022,2022_04_BUF_BAL,BAL,tied,23,14
2022,2022_04_BUF_BAL,BAL,up 1-8,20,13
2022,2022_04_BUF_BAL,BAL,up 9+,20,5
2022,2022_04_BUF_BAL,BUF,down 9+,29,11
2022,2022_04_BUF_BAL,BUF,down 1-8,16,5
2022,2022_04_BUF_BAL,BUF,tied,15,7
2022,2022_04_CHI_NYG,CHI,down 1-8,51,25
2022,2022_04_CHI_NYG,CHI,tied,9,7
2022,2022_04_CHI_NYG,NYG,down 1-8,6,4
2022,2022_04_CHI_NYG,NYG,tied,3,2
2022,2022_04_CHI_NYG,NYG,up 1-8,52,38
2022,2022_04_CLE_ATL,ATL,down 1-8,16,14
2022,2022_04_CLE_ATL,ATL,tied,30,15
2022,2022_04_CLE_ATL,ATL,up 1-8,6,3
2022,2022_04_CLE_ATL,CLE,down 9+,16,10
2022,2022_04_CLE_ATL,CLE,down 1-8,28,13
2022,2022_04_CLE_ATL,CLE,tied,27,12
2022,2022_04_DEN_LV,DEN,down 9+,10,3
2022,2022_04_DEN_LV,DEN,down 1-8,33,13
2022,2022_04_DEN_LV,DEN,tied,5,4
2022,2022_04_DEN_LV,LV,down 1-8,11,9
2022,2022_04_DEN_LV,LV,tied,22,7
2022,2022_04_DEN_LV,LV,up 1-8,36,17
2022,2022_04_DEN_LV,LV,up 9+,3,3
2022,2022_04_JAX_PHI,JAX,down 9+,9,1
2022,2022_04_JAX_PHI,JAX,down 1-8,14,7
2022,2022_04_JAX_PHI,JAX,tied,6,3
2022,2022_04_JAX_PHI,JAX,up 1-8,11,6
2022,2022_04_JAX_PHI,JAX,up 9+,6,2
2022,2022_04_JAX_PHI,PHI,down 9+,12,5
2022,2022_04_JAX_PHI,PHI,down 1-8,14,11
2022,2022_04_JAX_PHI,PHI,tied,14,9
2022,2022_04_JAX_PHI,PHI,up 1-8,28,17
2022,2022_04_JAX_PHI,PHI,up 9+,7,5
2022,2022_04_KC_TB,KC,tied,2,1
2022,2022_04_KC_TB,KC,up 1-8,12,4
2022,2022_04_KC_TB,KC,up 9+,63,32
2022,2022_04_KC_TB,TB,down 9+,53,4
2022,2022_04_KC_TB,TB,down 1-8,6,2
2022,2022_04_LAC_HOU,HOU,down 9+,35,8
2022,2022_04_LAC_HOU,HOU,down 1-8,15,5
2022,2022_04_LAC_HOU,HOU,tied,3,1
2022,2022_04_LAC_HOU,LAC,tied,3,1
2022,2022_04_LAC_HOU,LAC,up 1-8,24,11
2022,2022_04_LAC_HOU,LAC,up 9+,36,11
2022,2022_04_LA_SF,LA,down 9+,16,2
2022,2022_04_LA_SF,LA,down 1-8,44,11
2022,2022_04_LA_SF,LA,tied,13,5
2022,2022_04_LA_SF,SF,down 1-8,8,3
2022,2022_04_LA_SF,SF,up 1-8,38,16
2022,2022_04_LA_SF,SF,up 9+,3,3
2022,2022_04_MIA_CIN,CIN,down 1-8,8,4
2022,2022_04_MIA_CIN,CIN,tied,9,4
2022,2022_04_MIA_CIN,CIN,up 1-8,43,19
2022,2022_04_MIA_CIN,MIA,down 9+,6,0
2022,2022_04_MIA_CIN,MIA,down 1-8,54,22
2022,2022_04_MIN_NO,MIN,down 1-8,10,4
2022,2022_04_MIN_NO,MIN,tied,31,14
2022,2022_04_MIN_NO,MIN,up 1-8,26,7
2022,2022_04_MIN_NO,NO,down 9+,12,6
2022,2022_04_MIN_NO,NO,down 1-8,42,19
2022,2022_04_MIN_NO,NO,tied,3,2
2022,2022_04_MIN_NO,NO,up 1-8,1,0
2022,2022_04_NE_GB,GB,down 1-8,40,22
2022,2022_04_NE_GB,GB,tied,20,9
2022,2022_04_NE_GB,GB,up 1-8,11,4
2022,2022_04_NE_GB,NE,down 1-8,24,11
2022,2022_04_NE_GB,NE,tied,25,17
2022,2022_04_NE_GB,NE,up 1-8,9,5
2022,2022_04_NYJ_PIT,NYJ,down 9+,11,4
2022,2022_04_NYJ_PIT,NYJ,down 1-8,16,7
2022,2022_04_NYJ_PIT,NYJ,tied,9,5
2022,2022_04_NYJ_PIT,NYJ,up 1-8,31,13
2022,2022_04_NYJ_PIT,PIT,down 9+,9,6
2022,2022_04_NYJ_PIT,PIT,down 1-8,23,10
2022,2022_04_NYJ_PIT,PIT,tied,9,5
2022,2022_04_NYJ_PIT,PIT,up 1-8,19,10
2022,2022_04_SEA_DET,DET,down 9+,48,18
2022,2022_04_SEA_DET,DET,down 1-8,20,8
2022,2022_04_SEA_DET,SEA,tied,11,4
2022,2022_04_SEA_DET,SEA,up 1-8,45,24
2022,2022_04_SEA_DET,SEA,up 9+,5,3
2022,2022_04_TEN_IND,IND,down 9+,28,11
2022,2022_04_TEN_IND,IND,down 1-8,25,7
2022,2022_04_TEN_IND,IND,tied,10,5
2022,2022_04_TEN_IND,TEN,tied,5,3
2022,2022_04_TEN_IND,TEN,up 1-8,20,11
2022,2022_04_TEN_IND,TEN,up 9+,24,11
2022,2022_04_WAS_DAL,DAL,down 1-8,15,8
2022,2022_04_WAS_DAL,DAL,tied,6,3
2022,2022_04_WAS_DAL,DAL,up 1-8,24,11
2022,2022_04_WAS_DAL,DAL,up 9+,12,7
2022,2022_04_WAS_DAL,WAS,down 9+,27,6
2022,2022_04_WAS_DAL,WAS,down 1-8,44,21
2022,2022_05_ATL_TB,ATL,down 9+,39,21
2022,2022_05_ATL_TB,ATL,down 1-8,9,3
2022,2022_05_ATL_TB,ATL,tied,14,7
2022,2022_05_ATL_TB,TB,tied,29,9
2022,2022_05_ATL_TB,TB,up 1-8,20,6
2022,2022_05_ATL_TB,TB,up 9+,24,5
2022,2022_05_CHI_MIN,CHI,down 9+,21,13
2022,2022_05_CHI_MIN,CHI,down 1-8,27,11
2022,2022_05_CHI_MIN,MIN,down 1-8,17,9
2022,2022_05_CHI_MIN,MIN,tied,12,5
2022,2022_05_CHI_MIN,MIN,up 1-8,23,9
2022,2022_05_CHI_MIN,MIN,up 9+,20,6
2022,2022_05_CIN_BAL,BAL,down 1-8,6,4
2022,2022_05_CIN_BAL,BAL,tied,18,7
2022,2022_05_CIN_BAL,BAL,up 1-8,32,13
2022,2022_05_CIN_BAL,BAL,up 9+,4,3
2022,2022_05_CIN_BAL,CIN,down 9+,10,6
2022,2022_05_CIN_BAL,CIN,down 1-8,44,15
2022,2022_05_CIN_BAL,CIN,tied,5,0
2022,2022_05_DAL_LA,DAL,down 1-8,3,2
2022,2022_05_DAL_LA,DAL,up 1-8,31,17
2022,2022_05_DAL_LA,DAL,up 9+,17,13
2022,2022_05_DAL_LA,LA,down 9+,31,5
2022,2022_05_DAL_LA,LA,down 1-8,30,10
2022,2022_05_DAL_LA,LA,tied,3,0
2022,2022_05_DET_NE,DET,down 9+,35,7
2022,2022_05_DET_NE,DET,down 1-8,21,14
2022,2022_05_DET_NE,DET,tied,7,5
2022,2022_05_DET_NE,NE,tied,5,2
2022,2022_05_DET_NE,NE,up 1-8,14,10
2022,2022_05_DET_NE,NE,up 9+,35,21
2022,2022_05_HOU_JAX,HOU,down 1-8,7,6
2022,2022_05_HOU_JAX,HOU,tied,45,21
2022,2022_05_HOU_JAX,HOU,up 1-8,3,3
2022,2022_05_HOU_JAX,JAX,down 1-8,23,3
2022,2022_05_HOU_JAX,JAX,tied,49,23
2022,2022_05_IND_DEN,DEN,down 1-8,6,3
2022,2022_05_IND_DEN,DEN,tied,19,8
2022,2022_05_IND_DEN,DEN,up 1-8,44,15
2022,2022_05_IND_DEN,IND,down 1-8,59,22
2022,2022_05_IND_DEN,IND,tied,13,4
2022,2022_05_LAC_CLE,CLE,down 1-8,38,17
2022,2022_05_LAC_CLE,CLE,tied,5,4
2022,2022_05_LAC_CLE,CLE,up 1-8,19,9
2022,2022_05_LAC_CLE,CLE,up 9+,3,1
2022,2022_05_LAC_CLE,LAC,down 9+,9,5
2022,2022_05_LAC_CLE,LAC,down 1-8,46,22
2022,2022_05_LAC_CLE,LAC,up 1-8,12,5
2022,2022_05_LV_KC,KC,down 9+,29,8
2022,2022_05_LV_KC,KC,down 1-8,18,6
2022,2022_05_LV_KC,KC,tied,3,1
2022,2022_05_LV_KC,KC,up 1-8,19,7
2022,2022_05_LV_KC,LV,down 1-8,24,9
2022,2022_05_LV_KC,LV,tied,7,1
2022,2022_05_LV_KC,LV,up 1-8,13,8
2022,2022_05_LV_KC,LV,up 9+,13,7
2022,2022_05_MIA_NYJ,MIA,down 9+,33,12
2022,2022_05_MIA_NYJ,MIA,down 1-8,28,14
2022,2022_05_MIA_NYJ,MIA,tied,1,0
2022,2022_05_MIA_NYJ,NYJ,tied,4,1
2022,2022_05_MIA_NYJ,NYJ,up 1-8,43,23
2022,2022_05_MIA_NYJ,NYJ,up 9+,6,6
2022,2022_05_NYG_GB,GB,down 1-8,15,5
2022,2022_05_NYG_GB,GB,tied,11,4
2022,2022_05_NYG_GB,GB,up 1-8,35,11
2022,2022_05_NYG_GB,NYG,down 9+,28,14
2022,2022_05_NYG_GB,NYG,down 1-8,21,10
2022,2022_05_NYG_GB,NYG,tied,6,3
2022,2022_05_NYG_GB,NYG,up 1-8,1,1
2022,2022_05_PHI_ARI,ARI,down 9+,9,4
2022,2022_05_PHI_ARI,ARI,down 1-8,53,20
2022,2022_05_PHI_ARI,ARI,tied,5,2
2022,2022_05_PHI_ARI,PHI,tied,27,17
2022,2022_05_PHI_ARI,PHI,up 1-8,40,15
2022,2022_05_PHI_ARI,PHI,up 9+,3,0
2022,2022_05_PIT_BUF,BUF,tied,3,1
2022,2022_05_PIT_BUF,BUF,up 1-8,19,6
2022,2022_05_PIT_BUF,BUF,up 9+,29,8
2022,2022_05_PIT_BUF,PIT,down 9+,55,10
2022,2022_05_PIT_BUF,PIT,down 1-8,17,7
2022,2022_05_SEA_NO,NO,down 1-8,23,15
2022,2022_05_SEA_NO,NO,tied,14,10
2022,2022_05_SEA_NO,NO,up 1-8,33,19
2022,2022_05_SEA_NO,SEA,down 9+,3,1
2022,2022_05_SEA_NO,SEA,down 1-8,34,12
2022,2022_05_SEA_NO,SEA,tied,7,4
2022,2022_05_SEA_NO,SEA,up 1-8,6,4
2022,2022_05_SF_CAR,CAR,down 9+,46,8
2022,2022_05_SF_CAR,CAR,down 1-8,20,10
2022,2022_05_SF_CAR,SF,tied,7,3
2022,2022_05_SF_CAR,SF,up 1-8,34,14
2022,2022_05_SF_CAR,SF,up 9+,18,10
2022,2022_05_TEN_WAS,TEN,down 1-8,28,17
2022,2022_05_TEN_WAS,TEN,tied,14,5
2022,2022_05_TEN_WAS,TEN,up 1-8,20,10
2022,2022_05_TEN_WAS,WAS,down 1-8,46,12
2022,2022_05_TEN_WAS,WAS,tied,6,3
2022,2022_05_TEN_WAS,WAS,up 1-8,5,1
2022,2022_06_ARI_SEA,ARI,down 9+,29,6
2022,2022_06_ARI_SEA,ARI,down 1-8,16,7
2022,2022_06_ARI_SEA,ARI,tied,26,15
2022,2022_06_ARI_SEA,SEA,down 1-8,7,3
2022,2022_06_ARI_SEA,SEA,tied,12,8
2022,2022_06_ARI_SEA,SEA,up 1-8,30,9
2022,2022_06_ARI_SEA,SEA,up 9+,17,10
2022,2022_06_BAL_NYG,BAL,down 1-8,2,0
2022,2022_06_BAL_NYG,BAL,tied,33,14
2022,2022_06_BAL_NYG,BAL,up 1-8,23,10
2022,2022_06_BAL_NYG,NYG,down 9+,12,7
2022,2022_06_BAL_NYG,NYG,down 1-8,36,16
2022,2022_06_BAL_NYG,NYG,tied,9,3
2022,2022_06_BAL_NYG,NYG,up 1-8,2,2
2022,2022_06_BUF_KC,BUF,down 1-8,37,15
2022,2022_06_BUF_KC,BUF,tied,32,13
2022,2022_06_BUF_KC,BUF,up 1-8,1,1
2022,2022_06_BUF_KC,KC,down 1-8,16,5
2022,2022_06_BUF_KC,KC,tied,31,10
2022,2022_06_BUF_KC,KC,up 1-8,14,3
2022,2022_06_CAR_LA,CAR,down 9+,10,2
2022,2022_06_CAR_LA,CAR,down 1-8,6,4
2022,2022_06_CAR_LA,CAR,tied,14,7
2022,2022_06_CAR_LA,CAR,up 1-8,13,7
2022,2022_06_CAR_LA,LA,down 1-8,38,16
2022,2022_06_CAR_LA,LA,tied,5,2
2022,2022_06_CAR_LA,LA,up 1-8,12,4
2022,2022_06_CAR_LA,LA,up 9+,6,5
2022,2022_06_CIN_NO,CIN,down 9+,17,5
2022,2022_06_CIN_NO,CIN,down 1-8,33,6
2022,2022_06_CIN_NO,CIN,tied,3,2
2022,2022_06_CIN_NO,CIN,up 1-8,1,0
2022,2022_06_CIN_NO,NO,down 1-8,9,1
2022,2022_06_CIN_NO,NO,tied,11,6
2022,2022_06_CIN_NO,NO,up 1-8,51,27
2022,2022_06_DAL_PHI,DAL,down 9+,55,21
2022,2022_06_DAL_PHI,DAL,down 1-8,1,0
2022,2022_06_DAL_PHI,DAL,tied,8,5
2022,2022_06_DAL_PHI,PHI,tied,20,6
2022,2022_06_DAL_PHI,PHI,up 1-8,20,16
2022,2022_06_DAL_PHI,PHI,up 9+,27,16
2022,2022_06_DEN_LAC,DEN,tied,42,18
2022,2022_06_DEN_LAC,DEN,up 1-8,13,5
2022,2022_06_DEN_LAC,LAC,down 9+,15,5
2022,2022_06_DEN_LAC,LAC,down 1-8,33,13
2022,2022_06_DEN_LAC,LAC,tied,35,6
2022,2022_06_JAX_IND,IND,down 9+,14,3
2022,2022_06_JAX_IND,IND,down 1-8,51,12
2022,2022_06_JAX_IND,IND,tied,10,1
2022,2022_06_JAX_IND,IND,up 1-8,1,1
2022,2022_06_JAX_IND,JAX,down 1-8,20,13
2022,2022_06_JAX_IND,JAX,tied,12,8
2022,2022_06_JAX_IND,JAX,up 1-8,24,10
2022,2022_06_JAX_IND,JAX,up 9+,3,1
2022,2022_06_MIN_MIA,MIA,down 9+,15,3
2022,2022_06_MIN_MIA,MIA,down 1-8,30,4
2022,2022_06_MIN_MIA,MIA,tied,29,13
2022,2022_06_MIN_MIA,MIN,down 1-8,7,1
2022,2022_06_MIN_MIA,MIN,tied,12,4
2022,2022_06_MIN_MIA,MIN,up 1-8,26,7
2022,2022_06_MIN_MIA,MIN,up 9+,4,3
2022,2022_06_NE_CLE,CLE,down 9+,38,5
2022,2022_06_NE_CLE,CLE,down 1-8,16,7
2022,2022_06_NE_CLE,CLE,tied,14,6
2022,2022_06_NE_CLE,NE,tied,28,10
2022,2022_06_NE_CLE,NE,up 1-8,8,4
2022,2022_06_NE_CLE,NE,up 9+,26,12
2022,2022_06_NYJ_GB,GB,down 9+,22,4
2022,2022_06_NYJ_GB,GB,down 1-8,17,4
2022,2022_06_NYJ_GB,GB,tied,30,12
2022,2022_06_NYJ_GB,NYJ,tied,29,14
2022,2022_06_NYJ_GB,NYJ,up 1-8,9,4
2022,2022_06_NYJ_GB,NYJ,up 9+,12,12
2022,2022_06_SF_ATL,ATL,tied,22,15
2022,2022_06_SF_ATL,ATL,up 1-8,17,12
2022,2022_06_SF_ATL,ATL,up 9+,17,13
2022,2022_06_SF_ATL,SF,down 9+,39,10
2022,2022_06_SF_ATL,SF,down 1-8,18,6
2022,2022_06_TB_PIT,PIT,tied,11,6
2022,2022_06_TB_PIT,PIT,up 1-8,48,21
2022,2022_06_TB_PIT,TB,down 1-8,65,25
2022,2022_06_TB_PIT,TB,tied,3,1
2022,2022_06_WAS_CHI,CHI,down 1-8,33,15
2022,2022_06_WAS_CHI,CHI,tied,30,17
2022,2022_06_WAS_CHI,CHI,up 1-8,6,5
2022,2022_06_WAS_CHI,WAS,down 1-8,17,9
2022,2022_06_WAS_CHI,WAS,tied,26,10
2022,2022_06_WAS_CHI,WAS,up 1-8,11,9
2022,2022_07_ATL_CIN,ATL,down 9+,40,26
2022,2022_07_ATL_CIN,ATL,down 1-8,5,3
2022,2022_07_ATL_CIN,CIN,tied,4,1
2022,2022_07_ATL_CIN,CIN,up 1-8,11,4
2022,2022_07_ATL_CIN,CIN,up 9+,50,15
2022,2022_07_CHI_NE,CHI,down 1-8,9,5
2022,2022_07_CHI_NE,CHI,tied,7,4
2022,2022_07_CHI_NE,CHI,up 1-8,26,16
2022,2022_07_CHI_NE,CHI,up 9+,27,19
2022,2022_07_CHI_NE,NE,down 9+,35,11
2022,2022_07_CHI_NE,NE,down 1-8,9,5
2022,2022_07_CHI_NE,NE,tied,3,2
2022,2022_07_CLE_BAL,BAL,down 1-8,24,16
2022,2022_07_CLE_BAL,BAL,up 1-8,38,27
2022,2022_07_CLE_BAL,CLE,down 9+,16,11
2022,2022_07_CLE_BAL,CLE,down 1-8,19,2
2022,2022_07_CLE_BAL,CLE,tied,11,6
2022,2022_07_CLE_BAL,CLE,up 1-8,10,5
2022,2022_07_DET_DAL,DAL,down 1-8,29,15
2022,2022_07_DET_DAL,DAL,tied,6,3
2022,2022_07_DET_DAL,DAL,up 1-8,18,9
2022,2022_07_DET_DAL,DAL,up 9+,4,3
2022,2022_07_DET_DAL,DET,down 9+,7,0
2022,2022_07_DET_DAL,DET,down 1-8,20,11
2022,2022_07_DET_DAL,DET,tied,20,9
2022,2022_07_DET_DAL,DET,up 1-8,9,5
2022,2022_07_GB_WAS,GB,down 9+,8,0
2022,2022_07_GB_WAS,GB,down 1-8,14,3
2022,2022_07_GB_WAS,GB,tied,12,6
2022,2022_07_GB_WAS,GB,up 1-8,12,3
2022,2022_07_GB_WAS,WAS,down 9+,12,6
2022,2022_07_GB_WAS,WAS,down 1-8,26,14
2022,2022_07_GB_WAS,WAS,tied,3,1
2022,2022_07_GB_WAS,WAS,up 1-8,31,17
2022,2022_07_HOU_LV,HOU,down 9+,21,4
2022,2022_07_HOU_LV,HOU,down 1-8,30,13
2022,2022_07_HOU_LV,HOU,tied,8,3
2022,2022_07_HOU_LV,HOU,up 1-8,6,3
2022,2022_07_HOU_LV,LV,down 1-8,33,16
2022,2022_07_HOU_LV,LV,tied,10,4
2022,2022_07_HOU_LV,LV,up 1-8,10,5
2022,2022_07_IND_TEN,IND,down 9+,46,11
2022,2022_07_IND_TEN,IND,down 1-8,15,6
2022,2022_07_IND_TEN,IND,tied,3,0
2022,2022_07_IND_TEN,TEN,tied,15,8
2022,2022_07_IND_TEN,TEN,up 1-8,23,13
2022,2022_07_IND_TEN,TEN,up 9+,17,12
2022,2022_07_KC_SF,KC,down 9+,9,2
2022,2022_07_KC_SF,KC,down 1-8,13,6
2022,2022_07_KC_SF,KC,up 1-8,25,7
2022,2022_07_KC_SF,KC,up 9+,8,3
2022,2022_07_KC_SF,SF,down 9+,28,3
2022,2022_07_KC_SF,SF,down 1-8,21,8
2022,2022_07_KC_SF,SF,tied,9,4
2022,2022_07_KC_SF,SF,up 1-8,13,5
2022,2022_07_NO_ARI,ARI,down 1-8,27,14
2022,2022_07_NO_ARI,ARI,up 9+,34,15
2022,2022_07_NO_ARI,NO,down 9+,39,6
2022,2022_07_NO_ARI,NO,down 1-8,5,1
2022,2022_07_NO_ARI,NO,tied,6,3
2022,2022_07_NO_ARI,NO,up 1-8,20,11
2022,2022_07_NYG_JAX,JAX,down 1-8,32,9
2022,2022_07_NYG_JAX,JAX,up 1-8,34,13
2022,2022_07_NYG_JAX,NYG,down 1-8,53,29
2022,2022_07_NYG_JAX,NYG,tied,9,2
2022,2022_07_NYG_JAX,NYG,up 1-8,8,8
2022,2022_07_NYJ_DEN,DEN,down 1-8,66,25
2022,2022_07_NYJ_DEN,DEN,tied,9,3
2022,2022_07_NYJ_DEN,NYJ,down 1-8,9,3
2022,2022_07_NYJ_DEN,NYJ,tied,9,3
2022,2022_07_NYJ_DEN,NYJ,up 1-8,34,17
2022,2022_07_PIT_MIA,MIA,tied,9,2
2022,2022_07_PIT_MIA,MIA,up 1-8,40,21
2022,2022_07_PIT_MIA,MIA,up 9+,12,3
2022,2022_07_PIT_MIA,PIT,down 9+,26,11
2022,2022_07_PIT_MIA,PIT,down 1-8,42,12
2022,2022_07_SEA_LAC,LAC,down 9+,58,10
2022,2022_07_SEA_LAC,LAC,down 1-8,7,2
2022,2022_07_SEA_LAC,LAC,tied,4,3
2022,2022_07_SEA_LAC,SEA,tied,12,4
2022,2022_07_SEA_LAC,SEA,up 1-8,16,9
2022,2022_07_SEA_LAC,SEA,up 9+,33,19
2022,2022_07_TB_CAR,CAR,tied,23,10
2022,2022_07_TB_CAR,CAR,up 1-8,12,4
2022,2022_07_TB_CAR,CAR,up 9+,15,13
2022,2022_07_TB_CAR,TB,down 9+,20,3
2022,2022_07_TB_CAR,TB,down 1-8,19,4
2022,2022_07_TB_CAR,TB,tied,27,9
2022,2022_08_ARI_MIN,ARI,down 9+,21,7
2022,2022_08_ARI_MIN,ARI,down 1-8,49,15
2022,2022_08_ARI_MIN,MIN,down 1-8,8,3
2022,2022_08_ARI_MIN,MIN,tied,10,7
2022,2022_08_ARI_MIN,MIN,up 1-8,45,17
2022,2022_08_ARI_MIN,MIN,up 9+,5,2
2022,2022_08_BAL_TB,BAL,down 1-8,40,12
2022,2022_08_BAL_TB,BAL,tied,18,8
2022,2022_08_BAL_TB,BAL,up 1-8,13,11
2022,2022_08_BAL_TB,TB,down 9+,18,1
2022,2022_08_BAL_TB,TB,down 1-8,16,7
2022,2022_08_BAL_TB,TB,tied,4,2
2022,2022_08_BAL_TB,TB,up 1-8,24,6
2022,2022_08_CAR_ATL,ATL,down 1-8,26,13
2022,2022_08_CAR_ATL,ATL,tied,26,14
2022,2022_08_CAR_ATL,ATL,up 1-8,14,9
2022,2022_08_CAR_ATL,CAR,down 1-8,54,26
2022,2022_08_CAR_ATL,CAR,tied,13,9
2022,2022_08_CAR_ATL,CAR,up 1-8,7,2
2022,2022_08_CHI_DAL,CHI,down 9+,69,42
2022,2022_08_CHI_DAL,CHI,down 1-8,4,1
2022,2022_08_CHI_DAL,DAL,tied,11,6
2022,2022_08_CHI_DAL,DAL,up 1-8,21,9
2022,2022_08_CHI_DAL,DAL,up 9+,23,12
2022,2022_08_CIN_CLE,CIN,down 9+,21,4
2022,2022_08_CIN_CLE,CIN,down 1-8,8,2
2022,2022_08_CIN_CLE,CIN,tied,21,4
2022,2022_08_CIN_CLE,CLE,tied,23,11
2022,2022_08_CIN_CLE,CLE,up 1-8,9,3
2022,2022_08_CIN_CLE,CLE,up 9+,35,29
2022,2022_08_DEN_JAX,DEN,down 9+,11,5
2022,2022_08_DEN_JAX,DEN,down 1-8,31,13
2022,2022_08_DEN_JAX,DEN,tied,5,2
2022,2022_08_DEN_JAX,DEN,up 1-8,13,8
2022,2022_08_DEN_JAX,JAX,down 1-8,23,13
2022,2022_08_DEN_JAX,JAX,tied,9,4
2022,2022_08_DEN_JAX,JAX,up 1-8,33,15
2022,2022_08_GB_BUF,BUF,tied,11,8
2022,2022_08_GB_BUF,BUF,up 1-8,12,5
2022,2022_08_GB_BUF,BUF,up 9+,30,13
2022,2022_08_GB_BUF,GB,down 9+,51,28
2022,2022_08_GB_BUF,GB,down 1-8,3,0
2022,2022_08_GB_BUF,GB,tied,9,3
2022,2022_08_LV_NO,LV,down 9+,39,5
2022,2022_08_LV_NO,LV,down 1-8,5,3
2022,2022_08_LV_NO,LV,tied,11,4
2022,2022_08_LV_NO,NO,tied,14,6
2022,2022_08_LV_NO,NO,up 1-8,3,1
2022,2022_08_LV_NO,NO,up 9+,46,25
2022,2022_08_MIA_DET,DET,down 1-8,15,6
2022,2022_08_MIA_DET,DET,tied,5,2
2022,2022_08_MIA_DET,DET,up 1-8,37,11
2022,2022_08_MIA_DET,MIA,down 9+,32,10
2022,2022_08_MIA_DET,MIA,down 1-8,17,6
2022,2022_08_MIA_DET,MIA,up 1-8,12,7
2022,2022_08_NE_NYJ,NE,down 1-8,43,18
2022,2022_08_NE_NYJ,NE,tied,3,1
2022,2022_08_NE_NYJ,NE,up 1-8,12,5
2022,2022_08_NE_NYJ,NE,up 9+,14,7
2022,2022_08_NE_NYJ,NYJ,down 9+,23,4
2022,2022_08_NE_NYJ,NYJ,down 1-8,9,3
2022,2022_08_NE_NYJ,NYJ,tied,18,6
2022,2022_08_NE_NYJ,NYJ,up 1-8,8,2
2022,2022_08_NYG_SEA,NYG,down 9+,15,1
2022,2022_08_NYG_SEA,NYG,down 1-8,40,26
2022,2022_08_NYG_SEA,NYG,tied,9,1
2022,2022_08_NYG_SEA,SEA,tied,49,15
2022,2022_08_NYG_SEA,SEA,up 1-8,6,3
2022,2022_08_NYG_SEA,SEA,up 9+,6,6
2022,2022_08_PIT_PHI,PHI,tied,20,5
2022,2022_08_PIT_PHI,PHI,up 1-8,6,1
2022,2022_08_PIT_PHI,PHI,up 9+,26,13
2022,2022_08_PIT_PHI,PIT,down 9+,48,17
2022,2022_08_PIT_PHI,PIT,down 1-8,19,5
2022,2022_08_PIT_PHI,PIT,tied,3,2
2022,2022_08_SF_LA,LA,down 9+,13,5
2022,2022_08_SF_LA,LA,down 1-8,3,1
2022,2022_08_SF_LA,LA,tied,29,8
2022,2022_08_SF_LA,LA,up 1-8,10,6
2022,2022_08_SF_LA,SF,down 1-8,31,11
2022,2022_08_SF_LA,SF,tied,7,3
2022,2022_08_SF_LA,SF,up 1-8,6,3
2022,2022_08_SF_LA,SF,up 9+,8,6
2022,2022_08_TEN_HOU,HOU,down 9+,22,4
2022,2022_08_TEN_HOU,HOU,down 1-8,8,5
2022,2022_08_TEN_HOU,HOU,tied,17,6
2022,2022_08_TEN_HOU,HOU,up 1-8,3,2
2022,2022_08_TEN_HOU,TEN,down 1-8,8,4
2022,2022_08_TEN_HOU,TEN,tied,15,11
2022,2022_08_TEN_HOU,TEN,up 1-8,17,13
2022,2022_08_TEN_HOU,TEN,up 9+,17,16
2022,2022_08_WAS_IND,IND,down 1-8,32,17
2022,2022_08_WAS_IND,IND,tied,16,7
2022,2022_08_WAS_IND,IND,up 1-8,5,4
2022,2022_08_WAS_IND,WAS,down 9+,11,2
2022,2022_08_WAS_IND,WAS,down 1-8,16,8
2022,2022_08_WAS_IND,WAS,tied,11,6
2022,2022_08_WAS_IND,WAS,up 1-8,23,12
2022,2022_09_BAL_NO,BAL,tied,15,7
2022,2022_09_BAL_NO,BAL,up 1-8,18,9
2022,2022_09_BAL_NO,BAL,up 9+,32,24
2022,2022_09_BAL_NO,NO,down 9+,36,10
2022,2022_09_BAL_NO,NO,down 1-8,6,1
2022,2022_09_BAL_NO,NO,tied,7,4
2022,2022_09_BUF_NYJ,BUF,down 1-8,15,7
2022,2022_09_BUF_NYJ,BUF,tied,25,10
2022,2022_09_BUF_NYJ,BUF,up 1-8,21,5
2022,2022_09_BUF_NYJ,NYJ,down 9+,13,6
2022,2022_09_BUF_NYJ,NYJ,down 1-8,29,14
2022,2022_09_BUF_NYJ,NYJ,tied,18,13
2022,2022_09_CAR_CIN,CAR,down 9+,42,15
2022,2022_09_CAR_CIN,CAR,down 1-8,6,3
2022,2022_09_CAR_CIN,CIN,tied,9,4
2022,2022_09_CAR_CIN,CIN,up 1-8,13,7
2022,2022_09_CAR_CIN,CIN,up 9+,48,26
2022,2022_09_GB_DET,DET,tied,28,16
2022,2022_09_GB_DET,DET,up 1-8,29,15
2022,2022_09_GB_DET,GB,down 9+,13,5
2022,2022_09_GB_DET,GB,down 1-8,24,6
2022,2022_09_GB_DET,GB,tied,32,13
2022,2022_09_IND_NE,IND,down 9+,43,13
2022,2022_09_IND_NE,IND,down 1-8,6,3
2022,2022_09_IND_NE,IND,tied,11,6
2022,2022_09_IND_NE,NE,tied,17,8
2022,2022_09_IND_NE,NE,up 1-8,8,4
2022,2022_09_IND_NE,NE,up 9+,36,15
2022,2022_09_LAC_ATL,ATL,down 1-8,22,13
2022,2022_09_LAC_ATL,ATL,tied,11,6
2022,2022_09_LAC_ATL,ATL,up 1-8,24,15
2022,2022_09_LAC_ATL,ATL,up 9+,3,1
2022,2022_09_LAC_ATL,LAC,down 9+,18,7
2022,2022_09_LAC_ATL,LAC,down 1-8,31,9
2022,2022_09_LAC_ATL,LAC,tied,12,6
2022,2022_09_LAC_ATL,LAC,up 1-8,6,2
2022,2022_09_LA_TB,LA,down 1-8,15,4
2022,2022_09_LA_TB,LA,tied,3,1
2022,2022_09_LA_TB,LA,up 1-8,36,18
2022,2022_09_LA_TB,TB,down 1-8,64,14
2022,2022_09_LA_TB,TB,tied,11,5
2022,2022_09_LA_TB,TB,up 1-8,3,1
2022,2022_09_LV_JAX,JAX,down 9+,28,13
2022,2022_09_LV_JAX,JAX,down 1-8,15,9
2022,2022_09_LV_JAX,JAX,tied,7,4
2022,2022_09_LV_JAX,JAX,up 1-8,16,10
2022,2022_09_LV_JAX,LV,down 1-8,20,6
2022,2022_09_LV_JAX,LV,tied,13,2
2022,2022_09_LV_JAX,LV,up 1-8,12,5
2022,2022_09_LV_JAX,LV,up 9+,12,6
2022,2022_09_MIA_CHI,CHI,down 9+,28,17
2022,2022_09_MIA_CHI,CHI,down 1-8,35,19
2022,2022_09_MIA_CHI,CHI,tied,7,3
2022,2022_09_MIA_CHI,MIA,down 1-8,13,4
2022,2022_09_MIA_CHI,MIA,up 1-8,32,14
2022,2022_09_MIA_CHI,MIA,up 9+,5,2
2022,2022_09_MIN_WAS,MIN,down 9+,8,1
2022,2022_09_MIN_WAS,MIN,down 1-8,11,2
2022,2022_09_MIN_WAS,MIN,tied,23,12
2022,2022_09_MIN_WAS,MIN,up 1-8,23,7
2022,2022_09_MIN_WAS,WAS,down 1-8,33,15
2022,2022_09_MIN_WAS,WAS,tied,3,1
2022,2022_09_MIN_WAS,WAS,up 1-8,24,13
2022,2022_09_PHI_HOU,HOU,down 9+,15,6
2022,2022_09_PHI_HOU,HOU,down 1-8,18,13
2022,2022_09_PHI_HOU,HOU,tied,24,13
2022,2022_09_PHI_HOU,PHI,down 1-8,18,6
2022,2022_09_PHI_HOU,PHI,tied,25,14
2022,2022_09_PHI_HOU,PHI,up 1-8,10,4
2022,2022_09_PHI_HOU,PHI,up 9+,8,6
2022,2022_09_SEA_ARI,ARI,down 9+,18,5
2022,2022_09_SEA_ARI,ARI,down 1-8,40,14
2022,2022_09_SEA_ARI,ARI,up 1-8,3,2
2022,2022_09_SEA_ARI,SEA,down 1-8,28,13
2022,2022_09_SEA_ARI,SEA,tied,7,3
2022,2022_09_SEA_ARI,SEA,up 1-8,33,16
2022,2022_09_TEN_KC,KC,down 1-8,43,9
2022,2022_09_TEN_KC,KC,tied,35,7
2022,2022_09_TEN_KC,KC,up 1-8,14,4
2022,2022_09_TEN_KC,TEN,down 9+,7,6
2022,2022_09_TEN_KC,TEN,down 1-8,13,6
2022,2022_09_TEN_KC,TEN,tied,6,1
2022,2022_09_TEN_KC,TEN,up 1-8,21,15
2022,2022_10_ARI_LA,ARI,down 1-8,13,2
2022,2022_10_ARI_LA,ARI,tied,19,7
2022,2022_10_ARI_LA,ARI,up 1-8,21,9
2022,2022_10_ARI_LA,ARI,up 9+,11,7
2022,2022_10_ARI_LA,LA,down 9+,28,8
2022,2022_10_ARI_LA,LA,down 1-8,9,1
2022,2022_10_ARI_LA,LA,tied,22,10
2022,2022_10_ATL_CAR,ATL,down 9+,38,14
2022,2022_10_ATL_CAR,ATL,down 1-8,15,8
2022,2022_10_ATL_CAR,ATL,tied,6,3
2022,2022_10_ATL_CAR,CAR,tied,9,6
2022,2022_10_ATL_CAR,CAR,up 1-8,30,22
2022,2022_10_ATL_CAR,CAR,up 9+,25,19
2022,2022_10_CLE_MIA,CLE,down 9+,32,10
2022,2022_10_CLE_MIA,CLE,down 1-8,13,6
2022,2022_10_CLE_MIA,CLE,tied,16,7
2022,2022_10_CLE_MIA,MIA,down 1-8,10,5
2022,2022_10_CLE_MIA,MIA,tied,8,3
2022,2022_10_CLE_MIA,MIA,up 1-8,14,6
2022,2022_10_CLE_MIA,MIA,up 9+,32,16
2022,2022_10_DAL_GB,DAL,down 1-8,8,1
2022,2022_10_DAL_GB,DAL,tied,53,22
2022,2022_10_DAL_GB,DAL,up 1-8,18,8
2022,2022_10_DAL_GB,GB,down 9+,9,5
2022,2022_10_DAL_GB,GB,down 1-8,19,9
2022,2022_10_DAL_GB,GB,tied,32,24
2022,2022_10_DEN_TEN,DEN,down 1-8,27,7
2022,2022_10_DEN_TEN,DEN,tied,28,9
2022,2022_10_DEN_TEN,DEN,up 1-8,17,8
2022,2022_10_DEN_TEN,TEN,down 9+,13,1
2022,2022_10_DEN_TEN,TEN,down 1-8,9,6
2022,2022_10_DEN_TEN,TEN,tied,19,6
2022,2022_10_DEN_TEN,TEN,up 1-8,19,10
2022,2022_10_DET_CHI,CHI,down 1-8,21,12
2022,2022_10_DET_CHI,CHI,tied,26,15
2022,2022_10_DET_CHI,CHI,up 1-8,8,6
2022,2022_10_DET_CHI,CHI,up 9+,3,2
2022,2022_10_DET_CHI,DET,down 9+,9,5
2022,2022_10_DET_CHI,DET,down 1-8,29,13
2022,2022_10_DET_CHI,DET,tied,17,9
2022,2022_10_DET_CHI,DET,up 1-8,3,3
2022,2022_10_HOU_NYG,HOU,down 9+,34,8
2022,2022_10_HOU_NYG,HOU,down 1-8,23,10
2022,2022_10_HOU_NYG,HOU,tied,3,1
2022,2022_10_HOU_NYG,NYG,tied,10,6
2022,2022_10_HOU_NYG,NYG,up 1-8,46,31
2022,2022_10_HOU_NYG,NYG,up 9+,10,9
2022,2022_10_IND_LV,IND,down 1-8,11,5
2022,2022_10_IND_LV,IND,tied,14,8
2022,2022_10_IND_LV,IND,up 1-8,30,14
2022,2022_10_IND_LV,IND,up 9+,4,1
2022,2022_10_IND_LV,LV,down 9+,20,9
2022,2022_10_IND_LV,LV,down 1-8,35,12
2022,2022_10_IND_LV,LV,tied,6,2
2022,2022_10_IND_LV,LV,up 1-8,4,1
2022,2022_10_JAX_KC,JAX,down 9+,43,9
2022,2022_10_JAX_KC,JAX,down 1-8,9,3
2022,2022_10_JAX_KC,JAX,tied,9,4
2022,2022_10_JAX_KC,KC,tied,14,5
2022,2022_10_JAX_KC,KC,up 1-8,8,3
2022,2022_10_JAX_KC,KC,up 9+,39,18
2022,2022_10_LAC_SF,LAC,down 1-8,8,0
2022,2022_10_LAC_SF,LAC,tied,7,3
2022,2022_10_LAC_SF,LAC,up 1-8,41,13
2022,2022_10_LAC_SF,SF,down 9+,9,4
2022,2022_10_LAC_SF,SF,down 1-8,50,29
2022,2022_10_LAC_SF,SF,up 1-8,10,7
2022,2022_10_MIN_BUF,BUF,down 1-8,14,5
2022,2022_10_MIN_BUF,BUF,tied,13,6
2022,2022_10_MIN_BUF,BUF,up 1-8,22,9
2022,2022_10_MIN_BUF,BUF,up 9+,23,7
2022,2022_10_MIN_BUF,MIN,down 9+,40,13
2022,2022_10_MIN_BUF,MIN,down 1-8,18,3
2022,2022_10_MIN_BUF,MIN,tied,20,8
2022,2022_10_NO_PIT,NO,down 9+,19,7
2022,2022_10_NO_PIT,NO,down 1-8,14,2
2022,2022_10_NO_PIT,NO,tied,12,6
2022,2022_10_NO_PIT,PIT,tied,39,18
2022,2022_10_NO_PIT,PIT,up 1-8,24,12
2022,2022_10_NO_PIT,PIT,up 9+,15,12
2022,2022_10_SEA_TB,SEA,down 9+,39,8
2022,2022_10_SEA_TB,SEA,down 1-8,3,2
2022,2022_10_SEA_TB,SEA,tied,9,4
2022,2022_10_SEA_TB,TB,tied,21,11
2022,2022_10_SEA_TB,TB,up 1-8,19,12
2022,2022_10_SEA_TB,TB,up 9+,28,15
2022,2022_10_WAS_PHI,PHI,down 9+,12,8
2022,2022_10_WAS_PHI,PHI,down 1-8,19,8
2022,2022_10_WAS_PHI,PHI,tied,12,4
2022,2022_10_WAS_PHI,PHI,up 1-8,4,0
2022,2022_10_WAS_PHI,WAS,down 1-8,40,26
2022,2022_10_WAS_PHI,WAS,tied,4,2
2022,2022_10_WAS_PHI,WAS,up 1-8,33,19
2022,2022_11_CAR_BAL,BAL,tied,53,20
2022,2022_11_CAR_BAL,BAL,up 1-8,5,4
2022,2022_11_CAR_BAL,BAL,up 9+,7,5
2022,2022_11_CAR_BAL,CAR,down 9+,14,1
2022,2022_11_CAR_BAL,CAR,down 1-8,13,4
2022,2022_11_CAR_BAL,CAR,tied,27,12
2022,2022_11_CHI_ATL,ATL,down 1-8,5,2
2022,2022_11_CHI_ATL,ATL,tied,41,26
2022,2022_11_CHI_ATL,ATL,up 1-8,2,2
2022,2022_11_CHI_ATL,CHI,down 1-8,23,14
2022,2022_11_CHI_ATL,CHI,tied,27,15
2022,2022_11_CHI_ATL,CHI,up 1-8,16,12
2022,2022_11_CIN_PIT,CIN,down 1-8,11,3
2022,2022_11_CIN_PIT,CIN,tied,29,9
2022,2022_11_CIN_PIT,CIN,up 1-8,20,7
2022,2022_11_CIN_PIT,CIN,up 9+,3,3
2022,2022_11_CIN_PIT,PIT,down 9+,13,1
2022,2022_11_CIN_PIT,PIT,down 1-8,42,20
2022,2022_11_CIN_PIT,PIT,tied,7,1
2022,2022_11_CIN_PIT,PIT,up 1-8,6,2
2022,2022_11_CLE_BUF,BUF,down 1-8,30,13
2022,2022_11_CLE_BUF,BUF,up 1-8,11,5
2022,2022_11_CLE_BUF,BUF,up 9+,21,15
2022,2022_11_CLE_BUF,CLE,down 9+,25,5
2022,2022_11_CLE_BUF,CLE,down 1-8,8,4
2022,2022_11_CLE_BUF,CLE,tied,9,5
2022,2022_11_CLE_BUF,CLE,up 1-8,25,11
2022,2022_11_DAL_MIN,DAL,tied,16,9
2022,2022_11_DAL_MIN,DAL,up 1-8,13,10
2022,2022_11_DAL_MIN,DAL,up 9+,41,21
2022,2022_11_DAL_MIN,MIN,down 9+,37,9
2022,2022_11_DAL_MIN,MIN,down 1-8,14,6
2022,2022_11_DAL_MIN,MIN,tied,3,2
2022,2022_11_DET_NYG,DET,down 1-8,12,5
2022,2022_11_DET_NYG,DET,tied,10,5
2022,2022_11_DET_NYG,DET,up 1-8,7,4
2022,2022_11_DET_NYG,DET,up 9+,31,20
2022,2022_11_DET_NYG,NYG,down 9+,43,10
2022,2022_11_DET_NYG,NYG,down 1-8,17,9
2022,2022_11_DET_NYG,NYG,tied,3,1
2022,2022_11_DET_NYG,NYG,up 1-8,10,6
2022,2022_11_KC_LAC,KC,down 1-8,42,18
2022,2022_11_KC_LAC,KC,tied,10,3
2022,2022_11_KC_LAC,KC,up 1-8,9,5
2022,2022_11_KC_LAC,LAC,down 1-8,41,18
2022,2022_11_KC_LAC,LAC,up 1-8,24,12
2022,2022_11_LA_NO,LA,down 9+,24,12
2022,2022_11_LA_NO,LA,down 1-8,26,12
2022,2022_11_LA_NO,LA,tied,8,5
2022,2022_11_LA_NO,LA,up 1-8,3,1
2022,2022_11_LA_NO,NO,down 1-8,21,9
2022,2022_11_LA_NO,NO,tied,11,4
2022,2022_11_LA_NO,NO,up 1-8,16,5
2022,2022_11_LA_NO,NO,up 9+,6,4
2022,2022_11_LV_DEN,DEN,tied,31,14
2022,2022_11_LV_DEN,DEN,up 1-8,31,14
2022,2022_11_LV_DEN,LV,down 9+,8,4
2022,2022_11_LV_DEN,LV,down 1-8,37,15
2022,2022_11_LV_DEN,LV,tied,17,5
2022,2022_11_NYJ_NE,NE,tied,59,26
2022,2022_11_NYJ_NE,NYJ,down 1-8,8,4
2022,2022_11_NYJ_NE,NYJ,tied,41,19
2022,2022_11_PHI_IND,IND,down 1-8,6,0
2022,2022_11_PHI_IND,IND,tied,10,8
2022,2022_11_PHI_IND,IND,up 1-8,35,14
2022,2022_11_PHI_IND,IND,up 9+,11,4
2022,2022_11_PHI_IND,PHI,down 9+,17,8
2022,2022_11_PHI_IND,PHI,down 1-8,42,23
2022,2022_11_SF_ARI,ARI,down 9+,41,12
2022,2022_11_SF_ARI,ARI,down 1-8,11,4
2022,2022_11_SF_ARI,ARI,tied,13,6
2022,2022_11_SF_ARI,ARI,up 1-8,6,2
2022,2022_11_SF_ARI,SF,down 1-8,13,5
2022,2022_11_SF_ARI,SF,tied,3,1
2022,2022_11_SF_ARI,SF,up 1-8,20,8
2022,2022_11_SF_ARI,SF,up 9+,19,12
2022,2022_11_TEN_GB,GB,down 9+,27,5
2022,2022_11_TEN_GB,GB,down 1-8,33,14
2022,2022_11_TEN_GB,TEN,tied,8,3
2022,2022_11_TEN_GB,TEN,up 1-8,41,19
2022,2022_11_TEN_GB,TEN,up 9+,12,7
2022,2022_11_WAS_HOU,HOU,down 9+,39,9
2022,2022_11_WAS_HOU,HOU,down 1-8,12,6
2022,2022_11_WAS_HOU,HOU,tied,2,0
2022,2022_11_WAS_HOU,WAS,tied,3,1
2022,2022_11_WAS_HOU,WAS,up 1-8,19,11
2022,2022_11_WAS_HOU,WAS,up 9+,45,28
2022,2022_12_ATL_WAS,ATL,down 1-8,35,19
2022,2022_12_ATL_WAS,ATL,tied,20,10
2022,2022_12_ATL_WAS,WAS,down 1-8,20,10
2022,2022_12_ATL_WAS,WAS,tied,18,13
2022,2022_12_ATL_WAS,WAS,up 1-8,21,13
2022,2022_12_BAL_JAX,BAL,down 1-8,27,13
2022,2022_12_BAL_JAX,BAL,tied,10,3
2022,2022_12_BAL_JAX,BAL,up 1-8,31,18
2022,2022_12_BAL_JAX,JAX,down 9+,14,4
2022,2022_12_BAL_JAX,JAX,down 1-8,45,16
2022,2022_12_BAL_JAX,JAX,up 1-8,3,0
2022,2022_12_BUF_DET,BUF,down 1-8,32,14
2022,2022_12_BUF_DET,BUF,tied,25,10
2022,2022_12_BUF_DET,BUF,up 1-8,17,5
2022,2022_12_BUF_DET,DET,down 1-8,40,18
2022,2022_12_BUF_DET,DET,tied,22,10
2022,2022_12_BUF_DET,DET,up 1-8,6,1
2022,2022_12_CHI_NYJ,CHI,down 9+,25,13
2022,2022_12_CHI_NYJ,CHI,down 1-8,27,12
2022,2022_12_CHI_NYJ,CHI,up 1-8,3,3
2022,2022_12_CHI_NYJ,NYJ,down 1-8,14,6
2022,2022_12_CHI_NYJ,NYJ,tied,9,2
2022,2022_12_CHI_NYJ,NYJ,up 1-8,20,10
2022,2022_12_CHI_NYJ,NYJ,up 9+,17,12
2022,2022_12_CIN_TEN,CIN,down 1-8,18,8
2022,2022_12_CIN_TEN,CIN,tied,35,10
2022,2022_12_CIN_TEN,CIN,up 1-8,9,6
2022,2022_12_CIN_TEN,TEN,down 1-8,15,8
2022,2022_12_CIN_TEN,TEN,tied,38,11
2022,2022_12_CIN_TEN,TEN,up 1-8,3,2
2022,2022_12_DEN_CAR,CAR,tied,18,10
2022,2022_12_DEN_CAR,CAR,up 1-8,25,18
2022,2022_12_DEN_CAR,CAR,up 9+,21,17
2022,2022_12_DEN_CAR,DEN,down 9+,27,6
2022,2022_12_DEN_CAR,DEN,down 1-8,24,11
2022,2022_12_DEN_CAR,DEN,tied,6,2
2022,2022_12_GB_PHI,GB,down 9+,23,10
2022,2022_12_GB_PHI,GB,down 1-8,20,8
2022,2022_12_GB_PHI,GB,tied,5,2
2022,2022_12_GB_PHI,PHI,down 1-8,7,5
2022,2022_12_GB_PHI,PHI,tied,22,8
2022,2022_12_GB_PHI,PHI,up 1-8,36,27
2022,2022_12_GB_PHI,PHI,up 9+,13,8
2022,2022_12_HOU_MIA,HOU,down 9+,53,12
2022,2022_12_HOU_MIA,HOU,down 1-8,4,1
2022,2022_12_HOU_MIA,HOU,tied,3,2
2022,2022_12_HOU_MIA,MIA,tied,8,1
2022,2022_12_HOU_MIA,MIA,up 1-8,8,3
2022,2022_12_HOU_MIA,MIA,up 9+,52,19
2022,2022_12_LAC_ARI,ARI,down 1-8,16,8
2022,2022_12_LAC_ARI,ARI,tied,24,12
2022,2022_12_LAC_ARI,ARI,up 1-8,24,14
2022,2022_12_LAC_ARI,LAC,down 9+,11,3
2022,2022_12_LAC_ARI,LAC,down 1-8,44,6
2022,2022_12_LAC_ARI,LAC,tied,9,3
2022,2022_12_LA_KC,KC,tied,14,5
2022,2022_12_LA_KC,KC,up 1-8,23,5
2022,2022_12_LA_KC,KC,up 9+,35,20
2022,2022_12_LA_KC,LA,down 9+,29,10
2022,2022_12_LA_KC,LA,down 1-8,19,14
2022,2022_12_LA_KC,LA,tied,6,3
2022,2022_12_LV_SEA,LV,down 1-8,40,17
2022,2022_12_LV_SEA,LV,tied,24,15
2022,2022_12_LV_SEA,LV,up 1-8,13,8
2022,2022_12_LV_SEA,SEA,down 1-8,17,6
2022,2022_12_LV_SEA,SEA,tied,38,13
2022,2022_12_LV_SEA,SEA,up 1-8,7,3
2022,2022_12_NE_MIN,MIN,down 1-8,35,13
2022,2022_12_NE_MIN,MIN,tied,21,7
2022,2022_12_NE_MIN,MIN,up 1-8,9,6
2022,2022_12_NE_MIN,NE,down 1-8,25,3
2022,2022_12_NE_MIN,NE,tied,29,10
2022,2022_12_NO_SF,NO,down 9+,34,14
2022,2022_12_NO_SF,NO,down 1-8,15,5
2022,2022_12_NO_SF,NO,tied,4,3
2022,2022_12_NO_SF,SF,tied,10,4
2022,2022_12_NO_SF,SF,up 1-8,32,9
2022,2022_12_NO_SF,SF,up 9+,23,14
2022,2022_12_NYG_DAL,DAL,down 1-8,42,24
2022,2022_12_NYG_DAL,DAL,tied,5,2
2022,2022_12_NYG_DAL,DAL,up 1-8,16,7
2022,2022_12_NYG_DAL,DAL,up 9+,5,5
2022,2022_12_NYG_DAL,NYG,down 9+,16,4
2022,2022_12_NYG_DAL,NYG,down 1-8,20,12
2022,2022_12_NYG_DAL,NYG,tied,8,0
2022,2022_12_NYG_DAL,NYG,up 1-8,12,5
2022,2022_12_PIT_IND,IND,down 9+,18,8
2022,2022_12_PIT_IND,IND,down 1-8,44,17
2022,2022_12_PIT_IND,PIT,down 1-8,11,4
2022,2022_12_PIT_IND,PIT,tied,9,4
2022,2022_12_PIT_IND,PIT,up 1-8,36,22
2022,2022_12_PIT_IND,PIT,up 9+,11,5
2022,2022_12_TB_CLE,CLE,down 1-8,30,12
2022,2022_12_TB_CLE,CLE,tied,29,14
2022,2022_12_TB_CLE,CLE,up 1-8,16,8
2022,2022_12_TB_CLE,TB,down 1-8,24,9
2022,2022_12_TB_CLE,TB,tied,27,5
2022,2022_12_TB_CLE,TB,up 1-8,15,6
2022,2022_13_BUF_NE,BUF,down 1-8,9,6
2022,2022_13_BUF_NE,BUF,tied,8,2
2022,2022_13_BUF_NE,BUF,up 1-8,14,8
2022,2022_13_BUF_NE,BUF,up 9+,37,17
2022,2022_13_BUF_NE,NE,down 9+,40,9
2022,2022_13_BUF_NE,NE,down 1-8,8,3
2022,2022_13_BUF_NE,NE,tied,3,2
2022,2022_13_CLE_HOU,CLE,down 1-8,18,10
2022,2022_13_CLE_HOU,CLE,tied,5,2
2022,2022_13_CLE_HOU,CLE,up 1-8,29,17
2022,2022_13_CLE_HOU,CLE,up 9+,6,6
2022,2022_13_CLE_HOU,HOU,down 9+,20,5
2022,2022_13_CLE_HOU,HOU,down 1-8,12,4
2022,2022_13_CLE_HOU,HOU,tied,12,6
2022,2022_13_CLE_HOU,HOU,up 1-8,18,7
2022,2022_13_DEN_BAL,BAL,down 1-8,65,27
2022,2022_13_DEN_BAL,BAL,tied,3,1
2022,2022_13_DEN_BAL,DEN,down 1-8,3,2
2022,2022_13_DEN_BAL,DEN,tied,20,10
2022,2022_13_DEN_BAL,DEN,up 1-8,29,16
2022,2022_13_GB_CHI,CHI,down 9+,5,0
2022,2022_13_GB_CHI,CHI,down 1-8,5,1
2022,2022_13_GB_CHI,CHI,tied,10,7
2022,2022_13_GB_CHI,CHI,up 1-8,29,16
2022,2022_13_GB_CHI,GB,down 9+,29,15
2022,2022_13_GB_CHI,GB,down 1-8,29,13
2022,2022_13_GB_CHI,GB,up 1-8,4,2
2022,2022_13_IND_DAL,DAL,down 1-8,24,14
2022,2022_13_IND_DAL,DAL,tied,3,1
2022,2022_13_IND_DAL,DAL,up 1-8,27,9
2022,2022_13_IND_DAL,DAL,up 9+,12,10
2022,2022_13_IND_DAL,IND,down 9+,20,4
2022,2022_13_IND_DAL,IND,down 1-8,41,19
2022,2022_13_IND_DAL,IND,tied,5,4
2022,2022_13_IND_DAL,IND,up 1-8,3,1
2022,2022_13_JAX_DET,DET,tied,7,3
2022,2022_13_JAX_DET,DET,up 1-8,7,2
2022,2022_13_JAX_DET,DET,up 9+,58,24
2022,2022_13_JAX_DET,JAX,down 9+,45,14
2022,2022_13_JAX_DET,JAX,down 1-8,9,3
2022,2022_13_JAX_DET,JAX,tied,2,2
2022,2022_13_KC_CIN,CIN,down 1-8,25,10
2022,2022_13_KC_CIN,CIN,tied,11,5
2022,2022_13_KC_CIN,CIN,up 1-8,25,15
2022,2022_13_KC_CIN,CIN,up 9+,3,2
2022,2022_13_KC_CIN,KC,down 9+,17,8
2022,2022_13_KC_CIN,KC,down 1-8,27,12
2022,2022_13_KC_CIN,KC,tied,8,4
2022,2022_13_KC_CIN,KC,up 1-8,2,1
2022,2022_13_LAC_LV,LAC,down 9+,16,4
2022,2022_13_LAC_LV,LAC,down 1-8,18,4
2022,2022_13_LAC_LV,LAC,tied,22,7
2022,2022_13_LAC_LV,LAC,up 1-8,17,6
2022,2022_13_LAC_LV,LV,down 9+,8,3
2022,2022_13_LAC_LV,LV,down 1-8,15,6
2022,2022_13_LAC_LV,LV,tied,9,3
2022,2022_13_LAC_LV,LV,up 1-8,14,8
2022,2022_13_LAC_LV,LV,up 9+,13,9
2022,2022_13_MIA_SF,MIA,down 9+,7,0
2022,2022_13_MIA_SF,MIA,down 1-8,27,6
2022,2022_13_MIA_SF,MIA,tied,8,1
2022,2022_13_MIA_SF,MIA,up 1-8,3,1
2022,2022_13_MIA_SF,SF,down 1-8,17,8
2022,2022_13_MIA_SF,SF,tied,20,5
2022,2022_13_MIA_SF,SF,up 1-8,36,17
2022,2022_13_MIA_SF,SF,up 9+,3,1
2022,2022_13_NO_TB,NO,down 1-8,17,8
2022,2022_13_NO_TB,NO,up 1-8,25,10
2022,2022_13_NO_TB,NO,up 9+,14,7
2022,2022_13_NO_TB,TB,down 9+,21,3
2022,2022_13_NO_TB,TB,down 1-8,28,6
2022,2022_13_NO_TB,TB,tied,15,7
2022,2022_13_NO_TB,TB,up 1-8,10,3
2022,2022_13_NYJ_MIN,MIN,tied,22,10
2022,2022_13_NYJ_MIN,MIN,up 1-8,27,10
2022,2022_13_NYJ_MIN,MIN,up 9+,15,7
2022,2022_13_NYJ_MIN,NYJ,down 9+,34,12
2022,2022_13_NYJ_MIN,NYJ,down 1-8,40,9
2022,2022_13_NYJ_MIN,NYJ,tied,9,3
2022,2022_13_PIT_ATL,ATL,down 9+,23,12
2022,2022_13_PIT_ATL,ATL,down 1-8,30,16
2022,2022_13_PIT_ATL,PIT,tied,15,7
2022,2022_13_PIT_ATL,PIT,up 1-8,35,20
2022,2022_13_PIT_ATL,PIT,up 9+,14,9
2022,2022_13_SEA_LA,LA,down 1-8,42,23
2022,2022_13_SEA_LA,LA,tied,16,7
2022,2022_13_SEA_LA,LA,up 1-8,5,3
2022,2022_13_SEA_LA,SEA,down 1-8,30,7
2022,2022_13_SEA_LA,SEA,up 1-8,34,14
2022,2022_13_TEN_PHI,PHI,tied,14,2
2022,2022_13_TEN_PHI,PHI,up 1-8,16,5
2022,2022_13_TEN_PHI,PHI,up 9+,37,17
2022,2022_13_TEN_PHI,TEN,down 9+,28,11
2022,2022_13_TEN_PHI,TEN,down 1-8,25,10
2022,2022_13_WAS_NYG,NYG,down 9+,7,4
2022,2022_13_WAS_NYG,NYG,down 1-8,19,11
2022,2022_13_WAS_NYG,NYG,tied,26,10
2022,2022_13_WAS_NYG,NYG,up 1-8,10,4
2022,2022_13_WAS_NYG,WAS,down 1-8,33,13
2022,2022_13_WAS_NYG,WAS,tied,37,17
2022,2022_13_WAS_NYG,WAS,up 1-8,11,5
2022,2022_14_BAL_PIT,BAL,tied,13,7
2022,2022_14_BAL_PIT,BAL,up 1-8,44,31
2022,2022_14_BAL_PIT,PIT,down 9+,10,2
2022,2022_14_BAL_PIT,PIT,down 1-8,38,14
2022,2022_14_BAL_PIT,PIT,tied,5,4
2022,2022_14_CAR_SEA,CAR,tied,12,8
2022,2022_14_CAR_SEA,CAR,up 1-8,29,16
2022,2022_14_CAR_SEA,CAR,up 9+,30,21
2022,2022_14_CAR_SEA,SEA,down 9+,33,8
2022,2022_14_CAR_SEA,SEA,down 1-8,20,6
2022,2022_14_CLE_CIN,CIN,tied,24,10
2022,2022_14_CLE_CIN,CIN,up 1-8,9,2
2022,2022_14_CLE_CIN,CIN,up 9+,25,11
2022,2022_14_CLE_CIN,CLE,down 9+,42,8
2022,2022_14_CLE_CIN,CLE,down 1-8,12,9
2022,2022_14_CLE_CIN,CLE,tied,15,8
2022,2022_14_HOU_DAL,DAL,down 1-8,53,21
2022,2022_14_HOU_DAL,DAL,tied,12,7
2022,2022_14_HOU_DAL,DAL,up 1-8,5,2
2022,2022_14_HOU_DAL,HOU,down 1-8,27,17
2022,2022_14_HOU_DAL,HOU,tied,9,3
2022,2022_14_HOU_DAL,HOU,up 1-8,27,17
2022,2022_14_JAX_TEN,JAX,down 1-8,32,9
2022,2022_14_JAX_TEN,JAX,up 1-8,12,4
2022,2022_14_JAX_TEN,JAX,up 9+,23,11
2022,2022_14_JAX_TEN,TEN,down 9+,31,5
2022,2022_14_JAX_TEN,TEN,down 1-8,2,0
2022,2022_14_JAX_TEN,TEN,tied,16,9
2022,2022_14_JAX_TEN,TEN,up 1-8,14,6
2022,2022_14_KC_DEN,DEN,down 9+,40,11
2022,2022_14_KC_DEN,DEN,down 1-8,29,8
2022,2022_14_KC_DEN,KC,tied,7,1
2022,2022_14_KC_DEN,KC,up 1-8,38,13
2022,2022_14_KC_DEN,KC,up 9+,19,6
2022,2022_14_LV_LA,LA,down 9+,49,18
2022,2022_14_LV_LA,LA,down 1-8,10,3
2022,2022_14_LV_LA,LV,down 1-8,1,0
2022,2022_14_LV_LA,LV,tied,12,9
2022,2022_14_LV_LA,LV,up 1-8,19,13
2022,2022_14_LV_LA,LV,up 9+,26,16
2022,2022_14_MIA_LAC,LAC,tied,22,7
2022,2022_14_MIA_LAC,LAC,up 1-8,45,13
2022,2022_14_MIA_LAC,LAC,up 9+,9,1
2022,2022_14_MIA_LAC,MIA,down 9+,19,8
2022,2022_14_MIA_LAC,MIA,down 1-8,21,9
2022,2022_14_MIA_LAC,MIA,tied,9,2
2022,2022_14_MIN_DET,DET,tied,25,9
2022,2022_14_MIN_DET,DET,up 1-8,33,14
2022,2022_14_MIN_DET,DET,up 9+,11,7
2022,2022_14_MIN_DET,MIN,down 9+,21,2
2022,2022_14_MIN_DET,MIN,down 1-8,28,10
2022,2022_14_MIN_DET,MIN,tied,14,5
2022,2022_14_NE_ARI,ARI,down 9+,19,4
2022,2022_14_NE_ARI,ARI,down 1-8,19,6
2022,2022_14_NE_ARI,ARI,tied,27,10
2022,2022_14_NE_ARI,ARI,up 1-8,4,2
2022,2022_14_NE_ARI,NE,down 1-8,23,8
2022,2022_14_NE_ARI,NE,tied,13,5
2022,2022_14_NE_ARI,NE,up 1-8,11,2
2022,2022_14_NE_ARI,NE,up 9+,7,3
2022,2022_14_NYJ_BUF,BUF,tied,36,13
2022,2022_14_NYJ_BUF,BUF,up 1-8,7,3
2022,2022_14_NYJ_BUF,BUF,up 9+,10,7
2022,2022_14_NYJ_BUF,NYJ,down 9+,24,4
2022,2022_14_NYJ_BUF,NYJ,down 1-8,21,6
2022,2022_14_NYJ_BUF,NYJ,tied,28,12
2022,2022_14_PHI_NYG,NYG,down 9+,55,21
2022,2022_14_PHI_NYG,NYG,down 1-8,4,2
2022,2022_14_PHI_NYG,NYG,tied,5,1
2022,2022_14_PHI_NYG,PHI,tied,14,4
2022,2022_14_PHI_NYG,PHI,up 1-8,12,2
2022,2022_14_PHI_NYG,PHI,up 9+,39,24
2022,2022_14_TB_SF,SF,tied,5,2
2022,2022_14_TB_SF,SF,up 1-8,11,7
2022,2022_14_TB_SF,SF,up 9+,42,26
2022,2022_14_TB_SF,TB,down 9+,61,13
2022,2022_14_TB_SF,TB,down 1-8,12,5
2022,2022_15_ARI_DEN,ARI,down 9+,11,3
2022,2022_15_ARI_DEN,ARI,down 1-8,27,9
2022,2022_15_ARI_DEN,ARI,tied,12,3
2022,2022_15_ARI_DEN,ARI,up 1-8,10,5
2022,2022_15_ARI_DEN,DEN,down 1-8,7,4
2022,2022_15_ARI_DEN,DEN,tied,23,7
2022,2022_15_ARI_DEN,DEN,up 1-8,27,14
2022,2022_15_ARI_DEN,DEN,up 9+,8,7
2022,2022_15_ATL_NO,ATL,down 9+,55,33
2022,2022_15_ATL_NO,ATL,down 1-8,15,7
2022,2022_15_ATL_NO,NO,tied,10,4
2022,2022_15_ATL_NO,NO,up 1-8,23,16
2022,2022_15_ATL_NO,NO,up 9+,21,13
2022,2022_15_BAL_CLE,BAL,down 9+,16,2
2022,2022_15_BAL_CLE,BAL,down 1-8,35,19
2022,2022_15_BAL_CLE,BAL,tied,10,7
2022,2022_15_BAL_CLE,CLE,tied,26,9
2022,2022_15_BAL_CLE,CLE,up 1-8,15,5
2022,2022_15_BAL_CLE,CLE,up 9+,20,16
2022,2022_15_CIN_TB,CIN,down 9+,22,6
2022,2022_15_CIN_TB,CIN,down 1-8,9,3
2022,2022_15_CIN_TB,CIN,tied,5,1
2022,2022_15_CIN_TB,CIN,up 1-8,9,2
2022,2022_15_CIN_TB,CIN,up 9+,16,7
2022,2022_15_CIN_TB,TB,down 9+,16,2
2022,2022_15_CIN_TB,TB,down 1-8,3,2
2022,2022_15_CIN_TB,TB,tied,12,6
2022,2022_15_CIN_TB,TB,up 1-8,14,4
2022,2022_15_CIN_TB,TB,up 9+,26,11
2022,2022_15_DAL_JAX,DAL,down 1-8,13,8
2022,2022_15_DAL_JAX,DAL,tied,18,12
2022,2022_15_DAL_JAX,DAL,up 1-8,27,16
2022,2022_15_DAL_JAX,DAL,up 9+,16,5
2022,2022_15_DAL_JAX,JAX,down 9+,37,15
2022,2022_15_DAL_JAX,JAX,down 1-8,23,7
2022,2022_15_DAL_JAX,JAX,tied,10,5
2022,2022_15_DET_NYJ,DET,down 1-8,7,2
2022,2022_15_DET_NYJ,DET,tied,31,16
2022,2022_15_DET_NYJ,DET,up 1-8,28,10
2022,2022_15_DET_NYJ,NYJ,down 1-8,54,20
2022,2022_15_DET_NYJ,NYJ,tied,7,2
2022,2022_15_IND_MIN,IND,tied,21,8
2022,2022_15_IND_MIN,IND,up 1-8,9,8
2022,2022_15_IND_MIN,IND,up 9+,48,26
2022,2022_15_IND_MIN,MIN,down 9+,58,19
2022,2022_15_IND_MIN,MIN,down 1-8,12,1
2022,2022_15_IND_MIN,MIN,tied,16,3
2022,2022_15_KC_HOU,HOU,down 1-8,24,9
2022,2022_15_KC_HOU,HOU,tied,27,12
2022,2022_15_KC_HOU,HOU,up 1-8,5,5
2022,2022_15_KC_HOU,KC,down 1-8,41,19
2022,2022_15_KC_HOU,KC,tied,29,12
2022,2022_15_KC_HOU,KC,up 1-8,7,2
2022,2022_15_LA_GB,GB,tied,22,10
2022,2022_15_LA_GB,GB,up 1-8,19,8
2022,2022_15_LA_GB,GB,up 9+,24,14
2022,2022_15_LA_GB,LA,down 9+,16,7
2022,2022_15_LA_GB,LA,down 1-8,20,6
2022,2022_15_LA_GB,LA,tied,7,4
2022,2022_15_MIA_BUF,BUF,down 1-8,18,8
2022,2022_15_MIA_BUF,BUF,tied,18,8
2022,2022_15_MIA_BUF,BUF,up 1-8,35,13
2022,2022_15_MIA_BUF,MIA,down 1-8,29,13
2022,2022_15_MIA_BUF,MIA,tied,22,9
2022,2022_15_MIA_BUF,MIA,up 1-8,7,3
2022,2022_15_NE_LV,LV,down 1-8,12,0
2022,2022_15_NE_LV,LV,tied,22,11
2022,2022_15_NE_LV,LV,up 1-8,28,11
2022,2022_15_NE_LV,LV,up 9+,2,1
2022,2022_15_NE_LV,NE,down 9+,6,4
2022,2022_15_NE_LV,NE,down 1-8,47,22
2022,2022_15_NE_LV,NE,tied,6,2
2022,2022_15_NE_LV,NE,up 1-8,4,3
2022,2022_15_NYG_WAS,NYG,down 1-8,5,3
2022,2022_15_NYG_WAS,NYG,tied,3,1
2022,2022_15_NYG_WAS,NYG,up 1-8,46,22
2022,2022_15_NYG_WAS,NYG,up 9+,5,1
2022,2022_15_NYG_WAS,WAS,down 9+,11,1
2022,2022_15_NYG_WAS,WAS,down 1-8,27,13
2022,2022_15_NYG_WAS,WAS,tied,18,11
2022,2022_15_NYG_WAS,WAS,up 1-8,2,1
2022,2022_15_PHI_CHI,CHI,down 9+,12,5
2022,2022_15_PHI_CHI,CHI,down 1-8,19,11
2022,2022_15_PHI_CHI,CHI,tied,21,11
2022,2022_15_PHI_CHI,CHI,up 1-8,5,2
2022,2022_15_PHI_CHI,PHI,down 1-8,12,7
2022,2022_15_PHI_CHI,PHI,tied,15,4
2022,2022_15_PHI_CHI,PHI,up 1-8,41,20
2022,2022_15_PHI_CHI,PHI,up 9+,2,1
2022,2022_15_PIT_CAR,CAR,down 9+,19,6
2022,2022_15_PIT_CAR,CAR,down 1-8,20,8
2022,2022_15_PIT_CAR,CAR,tied,3,2
2022,2022_15_PIT_CAR,PIT,tied,22,16
2022,2022_15_PIT_CAR,PIT,up 1-8,42,27
2022,2022_15_PIT_CAR,PIT,up 9+,3,1
2022,2022_15_SF_SEA,SEA,down 9+,32,6
2022,2022_15_SF_SEA,SEA,down 1-8,21,6
2022,2022_15_SF_SEA,SEA,tied,8,2
2022,2022_15_SF_SEA,SF,tied,12,6
2022,2022_15_SF_SEA,SF,up 1-8,23,13
2022,2022_15_SF_SEA,SF,up 9+,23,12
2022,2022_15_TEN_LAC,LAC,tied,57,20
2022,2022_15_TEN_LAC,LAC,up 1-8,10,4
2022,2022_15_TEN_LAC,TEN,down 1-8,33,17
2022,2022_15_TEN_LAC,TEN,tied,23,9
2022,2022_16_ATL_BAL,ATL,down 9+,47,24
2022,2022_16_ATL_BAL,ATL,down 1-8,18,7
2022,2022_16_ATL_BAL,ATL,tied,3,2
2022,2022_16_ATL_BAL,BAL,tied,8,4
2022,2022_16_ATL_BAL,BAL,up 1-8,36,25
2022,2022_16_ATL_BAL,BAL,up 9+,5,3
2022,2022_16_BUF_CHI,BUF,down 1-8,31,14
2022,2022_16_BUF_CHI,BUF,up 1-8,15,10
2022,2022_16_BUF_CHI,BUF,up 9+,13,7
2022,2022_16_BUF_CHI,CHI,down 9+,22,8
2022,2022_16_BUF_CHI,CHI,down 1-8,7,5
2022,2022_16_BUF_CHI,CHI,tied,8,5
2022,2022_16_BUF_CHI,CHI,up 1-8,21,11
2022,2022_16_CIN_NE,CIN,tied,5,1
2022,2022_16_CIN_NE,CIN,up 1-8,17,8
2022,2022_16_CIN_NE,CIN,up 9+,56,15
2022,2022_16_CIN_NE,NE,down 9+,39,8
2022,2022_16_CIN_NE,NE,down 1-8,13,7
2022,2022_16_DEN_LA,DEN,down 9+,59,20
2022,2022_16_DEN_LA,DEN,down 1-8,3,1
2022,2022_16_DEN_LA,LA,tied,10,7
2022,2022_16_DEN_LA,LA,up 1-8,3,1
2022,2022_16_DEN_LA,LA,up 9+,50,27
2022,2022_16_DET_CAR,CAR,tied,17,12
2022,2022_16_DET_CAR,CAR,up 1-8,11,8
2022,2022_16_DET_CAR,CAR,up 9+,36,22
2022,2022_16_DET_CAR,DET,down 9+,38,7
2022,2022_16_DET_CAR,DET,down 1-8,11,3
2022,2022_16_DET_CAR,DET,tied,13,8
2022,2022_16_GB_MIA,GB,down 9+,10,1
2022,2022_16_GB_MIA,GB,down 1-8,28,12
2022,2022_16_GB_MIA,GB,tied,16,3
2022,2022_16_GB_MIA,GB,up 1-8,8,6
2022,2022_16_GB_MIA,MIA,down 1-8,11,4
2022,2022_16_GB_MIA,MIA,tied,26,12
2022,2022_16_GB_MIA,MIA,up 1-8,6,1
2022,2022_16_GB_MIA,MIA,up 9+,2,1
2022,2022_16_HOU_TEN,HOU,down 1-8,34,15
2022,2022_16_HOU_TEN,HOU,tied,15,7
2022,2022_16_HOU_TEN,HOU,up 1-8,14,7
2022,2022_16_HOU_TEN,TEN,down 1-8,32,17
2022,2022_16_HOU_TEN,TEN,tied,11,6
2022,2022_16_HOU_TEN,TEN,up 1-8,15,8
2022,2022_16_JAX_NYJ,JAX,down 1-8,9,5
2022,2022_16_JAX_NYJ,JAX,tied,19,14
2022,2022_16_JAX_NYJ,JAX,up 1-8,7,4
2022,2022_16_JAX_NYJ,JAX,up 9+,33,13
2022,2022_16_JAX_NYJ,NYJ,down 9+,42,15
2022,2022_16_JAX_NYJ,NYJ,down 1-8,5,1
2022,2022_16_JAX_NYJ,NYJ,tied,9,4
2022,2022_16_LAC_IND,IND,down 9+,21,5
2022,2022_16_LAC_IND,IND,down 1-8,10,4
2022,2022_16_LAC_IND,IND,tied,19,5
2022,2022_16_LAC_IND,LAC,tied,22,8
2022,2022_16_LAC_IND,LAC,up 1-8,24,8
2022,2022_16_LAC_IND,LAC,up 9+,18,13
2022,2022_16_LV_PIT,LV,down 1-8,2,0
2022,2022_16_LV_PIT,LV,tied,14,8
2022,2022_16_LV_PIT,LV,up 1-8,36,11
2022,2022_16_LV_PIT,PIT,down 1-8,64,25
2022,2022_16_LV_PIT,PIT,up 1-8,2,2
2022,2022_16_NO_CLE,CLE,down 1-8,30,11
2022,2022_16_NO_CLE,CLE,tied,21,14
2022,2022_16_NO_CLE,CLE,up 1-8,16,9
2022,2022_16_NO_CLE,NO,down 9+,9,8
2022,2022_16_NO_CLE,NO,down 1-8,12,10
2022,2022_16_NO_CLE,NO,tied,23,14
2022,2022_16_NO_CLE,NO,up 1-8,9,6
2022,2022_16_NYG_MIN,MIN,down 1-8,12,3
2022,2022_16_NYG_MIN,MIN,tied,29,7
2022,2022_16_NYG_MIN,MIN,up 1-8,29,9
2022,2022_16_NYG_MIN,NYG,down 9+,10,5
2022,2022_16_NYG_MIN,NYG,down 1-8,41,13
2022,2022_16_NYG_MIN,NYG,tied,16,3
2022,2022_16_PHI_DAL,DAL,down 9+,22,15
2022,2022_16_PHI_DAL,DAL,down 1-8,39,11
2022,2022_16_PHI_DAL,DAL,tied,5,0
2022,2022_16_PHI_DAL,DAL,up 1-8,4,3
2022,2022_16_PHI_DAL,PHI,down 1-8,19,7
2022,2022_16_PHI_DAL,PHI,tied,33,12
2022,2022_16_PHI_DAL,PHI,up 1-8,16,10
2022,2022_16_SEA_KC,KC,tied,12,5
2022,2022_16_SEA_KC,KC,up 1-8,14,6
2022,2022_16_SEA_KC,KC,up 9+,25,11
2022,2022_16_SEA_KC,SEA,down 9+,59,25
2022,2022_16_SEA_KC,SEA,down 1-8,10,4
2022,2022_16_SEA_KC,SEA,tied,4,2
2022,2022_16_TB_ARI,ARI,down 1-8,35,12
2022,2022_16_TB_ARI,ARI,tied,27,8
2022,2022_16_TB_ARI,ARI,up 1-8,11,7
2022,2022_16_TB_ARI,TB,down 9+,7,0
2022,2022_16_TB_ARI,TB,down 1-8,11,3
2022,2022_16_TB_ARI,TB,tied,42,18
2022,2022_16_TB_ARI,TB,up 1-8,17,8
2022,2022_16_WAS_SF,SF,tied,27,15
2022,2022_16_WAS_SF,SF,up 1-8,10,2
2022,2022_16_WAS_SF,SF,up 9+,14,9
2022,2022_16_WAS_SF,WAS,down 9+,27,5
2022,2022_16_WAS_SF,WAS,down 1-8,20,11
2022,2022_16_WAS_SF,WAS,tied,23,17
2022,2022_17_ARI_ATL,ARI,down 1-8,38,17
2022,2022_17_ARI_ATL,ARI,tied,13,5
2022,2022_17_ARI_ATL,ARI,up 1-8,18,5
2022,2022_17_ARI_ATL,ATL,down 1-8,55,31
2022,2022_17_ARI_ATL,ATL,up 1-8,5,2
2022,2022_17_CAR_TB,CAR,down 9+,6,1
2022,2022_17_CAR_TB,CAR,down 1-8,6,0
2022,2022_17_CAR_TB,CAR,tied,6,2
2022,2022_17_CAR_TB,CAR,up 1-8,38,17
2022,2022_17_CAR_TB,CAR,up 9+,3,2
2022,2022_17_CAR_TB,TB,down 9+,10,0
2022,2022_17_CAR_TB,TB,down 1-8,53,18
2022,2022_17_CAR_TB,TB,up 1-8,12,7
2022,2022_17_CHI_DET,CHI,down 9+,27,10
2022,2022_17_CHI_DET,CHI,down 1-8,8,3
2022,2022_17_CHI_DET,CHI,tied,15,9
2022,2022_17_CHI_DET,DET,down 1-8,15,6
2022,2022_17_CHI_DET,DET,up 1-8,12,5
2022,2022_17_CHI_DET,DET,up 9+,40,25
2022,2022_17_CLE_WAS,CLE,down 1-8,6,3
2022,2022_17_CLE_WAS,CLE,tied,10,2
2022,2022_17_CLE_WAS,CLE,up 1-8,30,18
2022,2022_17_CLE_WAS,CLE,up 9+,4,4
2022,2022_17_CLE_WAS,WAS,down 9+,21,5
2022,2022_17_CLE_WAS,WAS,down 1-8,41,29
2022,2022_17_CLE_WAS,WAS,tied,3,1
2022,2022_17_CLE_WAS,WAS,up 1-8,3,2
2022,2022_17_DAL_TEN,DAL,tied,15,9
2022,2022_17_DAL_TEN,DAL,up 1-8,34,14
2022,2022_17_DAL_TEN,DAL,up 9+,25,9
2022,2022_17_DAL_TEN,TEN,down 9+,53,19
2022,2022_17_DAL_TEN,TEN,down 1-8,7,3
2022,2022_17_DAL_TEN,TEN,tied,5,2
2022,2022_17_DEN_KC,DEN,down 9+,12,3
2022,2022_17_DEN_KC,DEN,down 1-8,48,16
2022,2022_17_DEN_KC,DEN,tied,3,2
2022,2022_17_DEN_KC,DEN,up 1-8,3,3
2022,2022_17_DEN_KC,KC,down 1-8,16,3
2022,2022_17_DEN_KC,KC,tied,10,4
2022,2022_17_DEN_KC,KC,up 1-8,32,9
2022,2022_17_IND_NYG,IND,down 9+,39,17
2022,2022_17_IND_NYG,IND,down 1-8,4,1
2022,2022_17_IND_NYG,IND,tied,13,9
2022,2022_17_IND_NYG,NYG,down 1-8,11,8
2022,2022_17_IND_NYG,NYG,tied,8,2
2022,2022_17_IND_NYG,NYG,up 1-8,9,4
2022,2022_17_IND_NYG,NYG,up 9+,33,23
2022,2022_17_JAX_HOU,HOU,down 9+,50,12
2022,2022_17_JAX_HOU,HOU,down 1-8,10,3
2022,2022_17_JAX_HOU,HOU,tied,7,6
2022,2022_17_JAX_HOU,JAX,tied,8,4
2022,2022_17_JAX_HOU,JAX,up 1-8,11,5
2022,2022_17_JAX_HOU,JAX,up 9+,41,20
2022,2022_17_LA_LAC,LA,down 9+,25,13
2022,2022_17_LA_LAC,LA,down 1-8,5,3
2022,2022_17_LA_LAC,LA,tied,17,9
2022,2022_17_LA_LAC,LAC,down 1-8,5,3
2022,2022_17_LA_LAC,LAC,tied,5,2
2022,2022_17_LA_LAC,LAC,up 1-8,28,12
2022,2022_17_LA_LAC,LAC,up 9+,24,14
2022,2022_17_MIA_NE,MIA,down 9+,13,0
2022,2022_17_MIA_NE,MIA,down 1-8,25,12
2022,2022_17_MIA_NE,MIA,tied,28,14
2022,2022_17_MIA_NE,MIA,up 1-8,3,1
2022,2022_17_MIA_NE,NE,down 1-8,8,2
2022,2022_17_MIA_NE,NE,tied,29,9
2022,2022_17_MIA_NE,NE,up 1-8,14,5
2022,2022_17_MIA_NE,NE,up 9+,4,3
2022,2022_17_MIN_GB,GB,tied,3,1
2022,2022_17_MIN_GB,GB,up 1-8,5,4
2022,2022_17_MIN_GB,GB,up 9+,51,27
2022,2022_17_MIN_GB,MIN,down 9+,44,15
2022,2022_17_MIN_GB,MIN,down 1-8,7,1
2022,2022_17_MIN_GB,MIN,tied,6,4
2022,2022_17_NO_PHI,NO,tied,15,9
2022,2022_17_NO_PHI,NO,up 1-8,25,11
2022,2022_17_NO_PHI,NO,up 9+,24,13
2022,2022_17_NO_PHI,PHI,down 9+,37,9
2022,2022_17_NO_PHI,PHI,down 1-8,16,6
2022,2022_17_NYJ_SEA,NYJ,down 9+,61,15
2022,2022_17_NYJ_SEA,NYJ,down 1-8,6,2
2022,2022_17_NYJ_SEA,SEA,tied,3,2
2022,2022_17_NYJ_SEA,SEA,up 1-8,15,7
2022,2022_17_NYJ_SEA,SEA,up 9+,53,29
2022,2022_17_PIT_BAL,BAL,down 1-8,18,9
2022,2022_17_PIT_BAL,BAL,tied,14,10
2022,2022_17_PIT_BAL,BAL,up 1-8,17,9
2022,2022_17_PIT_BAL,PIT,down 9+,11,6
2022,2022_17_PIT_BAL,PIT,down 1-8,28,15
2022,2022_17_PIT_BAL,PIT,tied,29,18
2022,2022_17_SF_LV,LV,down 1-8,27,11
2022,2022_17_SF_LV,LV,tied,24,15
2022,2022_17_SF_LV,LV,up 1-8,15,6
2022,2022_17_SF_LV,SF,down 9+,8,4
2022,2022_17_SF_LV,SF,down 1-8,32,16
2022,2022_17_SF_LV,SF,tied,17,3
2022,2022_17_SF_LV,SF,up 1-8,3,2
2022,2022_18_ARI_SF,ARI,down 9+,22,8
2022,2022_18_ARI_SF,ARI,down 1-8,25,11
2022,2022_18_ARI_SF,ARI,tied,2,0
2022,2022_18_ARI_SF,SF,down 1-8,6,3
2022,2022_18_ARI_SF,SF,up 1-8,31,14
2022,2022_18_ARI_SF,SF,up 9+,24,20
2022,2022_18_BAL_CIN,BAL,down 9+,68,25
2022,2022_18_BAL_CIN,BAL,down 1-8,1,0
2022,2022_18_BAL_CIN,BAL,tied,4,2
2022,2022_18_BAL_CIN,CIN,tied,16,4
2022,2022_18_BAL_CIN,CIN,up 1-8,8,2
2022,2022_18_BAL_CIN,CIN,up 9+,40,14
2022,2022_18_CAR_NO,CAR,down 1-8,40,28
2022,2022_18_CAR_NO,CAR,tied,18,13
2022,2022_18_CAR_NO,NO,tied,32,16
2022,2022_18_CAR_NO,NO,up 1-8,26,16
2022,2022_18_CLE_PIT,CLE,down 9+,23,8
2022,2022_18_CLE_PIT,CLE,down 1-8,10,5
2022,2022_18_CLE_PIT,CLE,tied,24,9
2022,2022_18_CLE_PIT,PIT,down 1-8,9,5
2022,2022_18_CLE_PIT,PIT,tied,24,13
2022,2022_18_CLE_PIT,PIT,up 1-8,31,17
2022,2022_18_CLE_PIT,PIT,up 9+,4,2
2022,2022_18_DAL_WAS,DAL,down 9+,41,15
2022,2022_18_DAL_WAS,DAL,down 1-8,18,7
2022,2022_18_DAL_WAS,DAL,tied,7,5
2022,2022_18_DAL_WAS,WAS,tied,2,1
2022,2022_18_DAL_WAS,WAS,up 1-8,32,20
2022,2022_18_DAL_WAS,WAS,up 9+,28,19
2022,2022_18_DET_GB,DET,down 1-8,52,20
2022,2022_18_DET_GB,DET,up 1-8,7,4
2022,2022_18_DET_GB,GB,down 1-8,15,4
2022,2022_18_DET_GB,GB,tied,13,8
2022,2022_18_DET_GB,GB,up 1-8,29,16
2022,2022_18_HOU_IND,HOU,down 1-8,18,2
2022,2022_18_HOU_IND,HOU,tied,7,3
2022,2022_18_HOU_IND,HOU,up 1-8,23,11
2022,2022_18_HOU_IND,HOU,up 9+,17,7
2022,2022_18_HOU_IND,IND,down 9+,43,23
2022,2022_18_HOU_IND,IND,down 1-8,18,4
2022,2022_18_HOU_IND,IND,up 1-8,9,6
2022,2022_18_KC_LV,KC,tied,5,1
2022,2022_18_KC_LV,KC,up 1-8,11,6
2022,2022_18_KC_LV,KC,up 9+,38,19
2022,2022_18_KC_LV,LV,down 9+,54,20
2022,2022_18_KC_LV,LV,down 1-8,13,5
2022,2022_18_LAC_DEN,DEN,down 1-8,28,17
2022,2022_18_LAC_DEN,DEN,tied,9,5
2022,2022_18_LAC_DEN,DEN,up 1-8,25,14
2022,2022_18_LAC_DEN,LAC,down 9+,9,5
2022,2022_18_LAC_DEN,LAC,down 1-8,21,5
2022,2022_18_LAC_DEN,LAC,tied,23,8
2022,2022_18_LAC_DEN,LAC,up 1-8,14,3
2022,2022_18_LA_SEA,LA,down 1-8,6,4
2022,2022_18_LA_SEA,LA,tied,34,14
2022,2022_18_LA_SEA,LA,up 1-8,18,9
2022,2022_18_LA_SEA,SEA,down 1-8,40,20
2022,2022_18_LA_SEA,SEA,tied,29,16
2022,2022_18_MIN_CHI,CHI,down 9+,33,12
2022,2022_18_MIN_CHI,CHI,down 1-8,13,6
2022,2022_18_MIN_CHI,CHI,tied,3,2
2022,2022_18_MIN_CHI,MIN,tied,4,1
2022,2022_18_MIN_CHI,MIN,up 1-8,19,11
2022,2022_18_MIN_CHI,MIN,up 9+,48,26
2022,2022_18_NE_BUF,BUF,tied,26,14
2022,2022_18_NE_BUF,BUF,up 1-8,22,4
2022,2022_18_NE_BUF,BUF,up 9+,7,4
2022,2022_18_NE_BUF,NE,down 9+,20,6
2022,2022_18_NE_BUF,NE,down 1-8,30,10
2022,2022_18_NE_BUF,NE,tied,14,6
2022,2022_18_NYG_PHI,NYG,down 9+,58,19
2022,2022_18_NYG_PHI,NYG,down 1-8,3,0
2022,2022_18_NYG_PHI,NYG,tied,3,2
2022,2022_18_NYG_PHI,PHI,tied,6,0
2022,2022_18_NYG_PHI,PHI,up 1-8,12,6
2022,2022_18_NYG_PHI,PHI,up 9+,50,24
2022,2022_18_NYJ_MIA,MIA,tied,64,32
2022,2022_18_NYJ_MIA,NYJ,down 1-8,26,12
2022,2022_18_NYJ_MIA,NYJ,tied,27,8
2022,2022_18_TB_ATL,ATL,down 1-8,37,20
2022,2022_18_TB_ATL,ATL,tied,8,4
2022,2022_18_TB_ATL,ATL,up 1-8,9,4
2022,2022_18_TB_ATL,ATL,up 9+,13,7
2022,2022_18_TB_ATL,TB,down 9+,10,1
2022,2022_18_TB_ATL,TB,down 1-8,16,9
2022,2022_18_TB_ATL,TB,tied,20,7
2022,2022_18_TB_ATL,TB,up 1-8,8,3
2022,2022_18_TEN_JAX,JAX,down 9+,6,1
2022,2022_18_TEN_JAX,JAX,down 1-8,36,10
2022,2022_18_TEN_JAX,JAX,tied,3,1
2022,2022_18_TEN_JAX,TEN,down 1-8,7,3
2022,2022_18_TEN_JAX,TEN,tied,19,11
2022,2022_18_TEN_JAX,TEN,up 1-8,46,25
2023,2023_01_ARI_WAS,ARI,down 1-8,35,16
2023,2023_01_ARI_WAS,ARI,tied,6,3
2023,2023_01_ARI_WAS,ARI,up 1-8,17,6
2023,2023_01_ARI_WAS,WAS,down 1-8,23,9
2023,2023_01_ARI_WAS,WAS,tied,14,5
2023,2023_01_ARI_WAS,WAS,up 1-8,28,14
2023,2023_01_BUF_NYJ,BUF,down 1-8,7,1
2023,2023_01_BUF_NYJ,BUF,tied,30,12
2023,2023_01_BUF_NYJ,BUF,up 1-8,30,9
2023,2023_01_BUF_NYJ,NYJ,down 9+,11,6
2023,2023_01_BUF_NYJ,NYJ,down 1-8,28,12
2023,2023_01_BUF_NYJ,NYJ,tied,12,8
2023,2023_01_CAR_ATL,ATL,down 1-8,6,4
2023,2023_01_CAR_ATL,ATL,tied,26,13
2023,2023_01_CAR_ATL,ATL,up 1-8,12,5
2023,2023_01_CAR_ATL,ATL,up 9+,3,3
2023,2023_01_CAR_ATL,CAR,down 9+,15,3
2023,2023_01_CAR_ATL,CAR,down 1-8,24,10
2023,2023_01_CAR_ATL,CAR,tied,28,16
2023,2023_01_CAR_ATL,CAR,up 1-8,5,3
2023,2023_01_CIN_CLE,CIN,down 9+,20,5
2023,2023_01_CIN_CLE,CIN,down 1-8,20,10
2023,2023_01_CIN_CLE,CIN,tied,12,3
2023,2023_01_CIN_CLE,CLE,tied,19,9
2023,2023_01_CIN_CLE,CLE,up 1-8,33,17
2023,2023_01_CIN_CLE,CLE,up 9+,21,15
2023,2023_01_DAL_NYG,DAL,up 1-8,8,2
2023,2023_01_DAL_NYG,DAL,up 9+,47,28
2023,2023_01_DAL_NYG,NYG,down 9+,52,19
2023,2023_01_DAL_NYG,NYG,down 1-8,3,0
2023,2023_01_DAL_NYG,NYG,tied,10,9
2023,2023_01_DET_KC,DET,down 1-8,21,7
2023,2023_01_DET_KC,DET,tied,37,17
2023,2023_01_DET_KC,DET,up 1-8,8,7
2023,2023_01_DET_KC,KC,down 1-8,20,8
2023,2023_01_DET_KC,KC,tied,27,9
2023,2023_01_DET_KC,KC,up 1-8,15,6
2023,2023_01_GB_CHI,CHI,down 9+,41,14
2023,2023_01_GB_CHI,CHI,down 1-8,25,12
2023,2023_01_GB_CHI,CHI,tied,6,4
2023,2023_01_GB_CHI,GB,tied,11,7
2023,2023_01_GB_CHI,GB,up 1-8,25,11
2023,2023_01_GB_CHI,GB,up 9+,24,14
2023,2023_01_HOU_BAL,BAL,tied,18,10
2023,2023_01_HOU_BAL,BAL,up 1-8,17,8
2023,2023_01_HOU_BAL,BAL,up 9+,24,15
2023,2023_01_HOU_BAL,HOU,down 9+,35,10
2023,2023_01_HOU_BAL,HOU,down 1-8,29,11
2023,2023_01_HOU_BAL,HOU,tied,7,2
2023,2023_01_JAX_IND,IND,down 9+,17,5
2023,2023_01_JAX_IND,IND,down 1-8,32,11
2023,2023_01_JAX_IND,IND,tied,14,7
2023,2023_01_JAX_IND,IND,up 1-8,6,3
2023,2023_01_JAX_IND,JAX,down 1-8,17,11
2023,2023_01_JAX_IND,JAX,tied,33,16
2023,2023_01_JAX_IND,JAX,up 1-8,17,6
2023,2023_01_JAX_IND,JAX,up 9+,1,1
2023,2023_01_LA_SEA,LA,down 1-8,40,17
2023,2023_01_LA_SEA,LA,up 1-8,22,11
2023,2023_01_LA_SEA,LA,up 9+,16,12
2023,2023_01_LA_SEA,SEA,down 9+,7,1
2023,2023_01_LA_SEA,SEA,down 1-8,19,7
2023,2023_01_LA_SEA,SEA,tied,11,5
2023,2023_01_LA_SEA,SEA,up 1-8,9,5
2023,2023_01_LV_DEN,DEN,down 1-8,33,12
2023,2023_01_LV_DEN,DEN,up 1-8,24,10
2023,2023_01_LV_DEN,LV,down 1-8,19,7
2023,2023_01_LV_DEN,LV,tied,10,7
2023,2023_01_LV_DEN,LV,up 1-8,22,11
2023,2023_01_MIA_LAC,LAC,down 1-8,41,20
2023,2023_01_MIA_LAC,LAC,tied,17,12
2023,2023_01_MIA_LAC,LAC,up 1-8,18,8
2023,2023_01_MIA_LAC,MIA,down 1-8,50,14
2023,2023_01_MIA_LAC,MIA,tied,13,4
2023,2023_01_PHI_NE,NE,down 9+,32,7
2023,2023_01_PHI_NE,NE,down 1-8,47,15
2023,2023_01_PHI_NE,PHI,tied,13,8
2023,2023_01_PHI_NE,PHI,up 1-8,31,10
2023,2023_01_PHI_NE,PHI,up 9+,16,6
2023,2023_01_SF_PIT,PIT,down 9+,54,9
2023,2023_01_SF_PIT,PIT,down 1-8,3,1
2023,2023_01_SF_PIT,PIT,tied,3,0
2023,2023_01_SF_PIT,SF,tied,7,4
2023,2023_01_SF_PIT,SF,up 1-8,5,1
2023,2023_01_SF_PIT,SF,up 9+,51,26
2023,2023_01_TB_MIN,MIN,down 1-8,28,9
2023,2023_01_TB_MIN,MIN,tied,24,5
2023,2023_01_TB_MIN,MIN,up 1-8,11,3
2023,2023_01_TB_MIN,TB,down 1-8,13,6
2023,2023_01_TB_MIN,TB,tied,42,16
2023,2023_01_TB_MIN,TB,up 1-8,10,8
2023,2023_01_TEN_NO,NO,down 1-8,34,11
2023,2023_01_TEN_NO,NO,tied,13,5
2023,2023_01_TEN_NO,NO,up 1-8,15,9
2023,2023_01_TEN_NO,TEN,down 1-8,19,6
2023,2023_01_TEN_NO,TEN,tied,29,10
2023,2023_01_TEN_NO,TEN,up 1-8,11,6
2023,2023_02_BAL_CIN,BAL,tied,33,15
2023,2023_02_BAL_CIN,BAL,up 1-8,33,19
2023,2023_02_BAL_CIN,BAL,up 9+,3,2
2023,2023_02_BAL_CIN,CIN,down 9+,32,6
2023,2023_02_BAL_CIN,CIN,down 1-8,25,9
2023,2023_02_CHI_TB,CHI,down 9+,23,6
2023,2023_02_CHI_TB,CHI,down 1-8,25,9
2023,2023_02_CHI_TB,CHI,up 1-8,3,1
2023,2023_02_CHI_TB,TB,down 1-8,14,9
2023,2023_02_CHI_TB,TB,tied,22,9
2023,2023_02_CHI_TB,TB,up 1-8,23,12
2023,2023_02_CHI_TB,TB,up 9+,7,2
2023,2023_02_CLE_PIT,CLE,down 1-8,50,21
2023,2023_02_CLE_PIT,CLE,tied,1,0
2023,2023_02_CLE_PIT,CLE,up 1-8,32,16
2023,2023_02_CLE_PIT,PIT,down 1-8,26,9
2023,2023_02_CLE_PIT,PIT,up 1-8,25,10
2023,2023_02_GB_ATL,ATL,down 9+,8,6
2023,2023_02_GB_ATL,ATL,down 1-8,52,31
2023,2023_02_GB_ATL,ATL,tied,17,7
2023,2023_02_GB_ATL,GB,down 1-8,15,5
2023,2023_02_GB_ATL,GB,tied,6,3
2023,2023_02_GB_ATL,GB,up 1-8,25,12
2023,2023_02_IND_HOU,HOU,down 9+,66,21
2023,2023_02_IND_HOU,HOU,down 1-8,10,4
2023,2023_02_IND_HOU,IND,tied,10,4
2023,2023_02_IND_HOU,IND,up 1-8,13,7
2023,2023_02_IND_HOU,IND,up 9+,33,12
2023,2023_02_KC_JAX,JAX,down 1-8,32,5
2023,2023_02_KC_JAX,JAX,tied,20,7
2023,2023_02_KC_JAX,JAX,up 1-8,12,6
2023,2023_02_KC_JAX,KC,down 1-8,14,3
2023,2023_02_KC_JAX,KC,tied,12,1
2023,2023_02_KC_JAX,KC,up 1-8,35,15
2023,2023_02_LAC_TEN,LAC,down 1-8,21,4
2023,2023_02_LAC_TEN,LAC,tied,16,4
2023,2023_02_LAC_TEN,LAC,up 1-8,28,13
2023,2023_02_LAC_TEN,LAC,up 9+,1,0
2023,2023_02_LAC_TEN,TEN,down 9+,3,2
2023,2023_02_LAC_TEN,TEN,down 1-8,36,18
2023,2023_02_LAC_TEN,TEN,tied,16,11
2023,2023_02_LAC_TEN,TEN,up 1-8,8,3
2023,2023_02_LV_BUF,BUF,down 1-8,10,5
2023,2023_02_LV_BUF,BUF,tied,11,4
2023,2023_02_LV_BUF,BUF,up 1-8,15,5
2023,2023_02_LV_BUF,BUF,up 9+,36,19
2023,2023_02_LV_BUF,LV,down 9+,15,6
2023,2023_02_LV_BUF,LV,down 1-8,12,5
2023,2023_02_LV_BUF,LV,tied,8,2
2023,2023_02_LV_BUF,LV,up 1-8,4,2
2023,2023_02_MIA_NE,MIA,tied,12,6
2023,2023_02_MIA_NE,MIA,up 1-8,29,15
2023,2023_02_MIA_NE,MIA,up 9+,19,8
2023,2023_02_MIA_NE,NE,down 9+,45,18
2023,2023_02_MIA_NE,NE,down 1-8,17,3
2023,2023_02_MIA_NE,NE,tied,8,3
2023,2023_02_MIN_PHI,MIN,down 9+,30,4
2023,2023_02_MIN_PHI,MIN,down 1-8,25,5
2023,2023_02_MIN_PHI,PHI,down 1-8,16,13
2023,2023_02_MIN_PHI,PHI,tied,8,3
2023,2023_02_MIN_PHI,PHI,up 1-8,30,22
2023,2023_02_MIN_PHI,PHI,up 9+,21,10
2023,2023_02_NO_CAR,CAR,down 9+,11,1
2023,2023_02_NO_CAR,CAR,down 1-8,35,16
2023,2023_02_NO_CAR,CAR,tied,11,2
2023,2023_02_NO_CAR,NO,down 1-8,14,6
2023,2023_02_NO_CAR,NO,tied,27,14
2023,2023_02_NO_CAR,NO,up 1-8,30,10
2023,2023_02_NYG_ARI,ARI,down 1-8,3,0
2023,2023_02_NYG_ARI,ARI,tied,18,9
2023,2023_02_NYG_ARI,ARI,up 1-8,10,4
2023,2023_02_NYG_ARI,ARI,up 9+,30,17
2023,2023_02_NYG_ARI,NYG,down 9+,46,17
2023,2023_02_NYG_ARI,NYG,down 1-8,11,5
2023,2023_02_NYG_ARI,NYG,tied,10,5
2023,2023_02_NYJ_DAL,DAL,tied,12,7
2023,2023_02_NYJ_DAL,DAL,up 1-8,40,17
2023,2023_02_NYJ_DAL,DAL,up 9+,28,17
2023,2023_02_NYJ_DAL,NYJ,down 9+,32,7
2023,2023_02_NYJ_DAL,NYJ,down 1-8,13,9
2023,2023_02_SEA_DET,DET,down 9+,10,3
2023,2023_02_SEA_DET,DET,down 1-8,17,5
2023,2023_02_SEA_DET,DET,tied,26,14
2023,2023_02_SEA_DET,DET,up 1-8,11,5
2023,2023_02_SEA_DET,SEA,down 1-8,32,12
2023,2023_02_SEA_DET,SEA,tied,31,12
2023,2023_02_SEA_DET,SEA,up 1-8,3,1
2023,2023_02_SF_LA,LA,down 9+,26,3
2023,2023_02_SF_LA,LA,down 1-8,24,7
2023,2023_02_SF_LA,LA,tied,27,12
2023,2023_02_SF_LA,SF,down 1-8,7,2
2023,2023_02_SF_LA,SF,tied,24,10
2023,2023_02_SF_LA,SF,up 1-8,19,12
2023,2023_02_SF_LA,SF,up 9+,4,4
2023,2023_02_WAS_DEN,DEN,down 9+,14,3
2023,2023_02_WAS_DEN,DEN,down 1-8,10,2
2023,2023_02_WAS_DEN,DEN,tied,20,10
2023,2023_02_WAS_DEN,DEN,up 1-8,4,1
2023,2023_02_WAS_DEN,DEN,up 9+,14,7
2023,2023_02_WAS_DEN,WAS,down 9+,23,5
2023,2023_02_WAS_DEN,WAS,down 1-8,21,8
2023,2023_02_WAS_DEN,WAS,tied,12,3
2023,2023_02_WAS_DEN,WAS,up 1-8,11,8
2023,2023_03_ATL_DET,ATL,down 9+,44,13
2023,2023_03_ATL_DET,ATL,down 1-8,12,5
2023,2023_03_ATL_DET,ATL,tied,9,2
2023,2023_03_ATL_DET,DET,tied,18,7
2023,2023_03_ATL_DET,DET,up 1-8,12,6
2023,2023_03_ATL_DET,DET,up 9+,31,15
2023,2023_03_BUF_WAS,BUF,tied,10,4
2023,2023_03_BUF_WAS,BUF,up 1-8,7,2
2023,2023_03_BUF_WAS,BUF,up 9+,46,25
2023,2023_03_BUF_WAS,WAS,down 9+,40,10
2023,2023_03_BUF_WAS,WAS,down 1-8,11,3
2023,2023_03_CAR_SEA,CAR,down 9+,33,3
2023,2023_03_CAR_SEA,CAR,down 1-8,17,4
2023,2023_03_CAR_SEA,CAR,tied,14,4
2023,2023_03_CAR_SEA,CAR,up 1-8,11,3
2023,2023_03_CAR_SEA,SEA,down 1-8,30,10
2023,2023_03_CAR_SEA,SEA,tied,10,2
2023,2023_03_CAR_SEA,SEA,up 1-8,19,12
2023,2023_03_CAR_SEA,SEA,up 9+,9,5
2023,2023_03_CHI_KC,CHI,down 9+,40,19
2023,2023_03_CHI_KC,CHI,down 1-8,7,5
2023,2023_03_CHI_KC,CHI,tied,4,2
2023,2023_03_CHI_KC,KC,tied,12,4
2023,2023_03_CHI_KC,KC,up 1-8,11,6
2023,2023_03_CHI_KC,KC,up 9+,50,25
2023,2023_03_DAL_ARI,ARI,tied,5,2
2023,2023_03_DAL_ARI,ARI,up 1-8,40,20
2023,2023_03_DAL_ARI,ARI,up 9+,8,7
2023,2023_03_DAL_ARI,DAL,down 9+,47,19
2023,2023_03_DAL_ARI,DAL,down 1-8,28,14
2023,2023_03_DEN_MIA,DEN,down 9+,56,18
2023,2023_03_DEN_MIA,DEN,down 1-8,3,2
2023,2023_03_DEN_MIA,MIA,tied,3,1
2023,2023_03_DEN_MIA,MIA,up 1-8,20,10
2023,2023_03_DEN_MIA,MIA,up 9+,47,31
2023,2023_03_HOU_JAX,HOU,tied,10,6
2023,2023_03_HOU_JAX,HOU,up 1-8,13,6
2023,2023_03_HOU_JAX,HOU,up 9+,33,14
2023,2023_03_HOU_JAX,JAX,down 9+,49,15
2023,2023_03_HOU_JAX,JAX,down 1-8,15,10
2023,2023_03_HOU_JAX,JAX,tied,5,2
2023,2023_03_IND_BAL,BAL,down 1-8,30,17
2023,2023_03_IND_BAL,BAL,tied,27,9
2023,2023_03_IND_BAL,BAL,up 1-8,15,11
2023,2023_03_IND_BAL,IND,down 1-8,43,15
2023,2023_03_IND_BAL,IND,tied,24,13
2023,2023_03_IND_BAL,IND,up 1-8,17,7
2023,2023_03_LAC_MIN,LAC,down 1-8,17,3
2023,2023_03_LAC_MIN,LAC,tied,18,3
2023,2023_03_LAC_MIN,LAC,up 1-8,28,8
2023,2023_03_LAC_MIN,MIN,down 9+,8,1
2023,2023_03_LAC_MIN,MIN,down 1-8,53,16
2023,2023_03_LAC_MIN,MIN,tied,17,7
2023,2023_03_LA_CIN,CIN,down 1-8,41,9
2023,2023_03_LA_CIN,CIN,tied,8,2
2023,2023_03_LA_CIN,CIN,up 1-8,18,6
2023,2023_03_LA_CIN,CIN,up 9+,3,3
2023,2023_03_LA_CIN,LA,down 9+,13,2
2023,2023_03_LA_CIN,LA,down 1-8,8,2
2023,2023_03_LA_CIN,LA,tied,19,4
2023,2023_03_LA_CIN,LA,up 1-8,12,5
2023,2023_03_NE_NYJ,NE,tied,6,2
2023,2023_03_NE_NYJ,NE,up 1-8,42,25
2023,2023_03_NE_NYJ,NE,up 9+,21,13
2023,2023_03_NE_NYJ,NYJ,down 9+,36,16
2023,2023_03_NE_NYJ,NYJ,down 1-8,21,5
2023,2023_03_NE_NYJ,NYJ,tied,3,1
2023,2023_03_NO_GB,GB,down 9+,41,13
2023,2023_03_NO_GB,GB,down 1-8,23,8
2023,2023_03_NO_GB,GB,tied,4,1
2023,2023_03_NO_GB,NO,down 1-8,7,1
2023,2023_03_NO_GB,NO,tied,12,6
2023,2023_03_NO_GB,NO,up 1-8,9,1
2023,2023_03_NO_GB,NO,up 9+,32,14
2023,2023_03_NYG_SF,NYG,down 9+,26,6
2023,2023_03_NYG_SF,NYG,down 1-8,18,4
2023,2023_03_NYG_SF,NYG,tied,3,1
2023,2023_03_NYG_SF,SF,tied,30,11
2023,2023_03_NYG_SF,SF,up 1-8,28,13
2023,2023_03_NYG_SF,SF,up 9+,17,12
2023,2023_03_PHI_TB,PHI,tied,22,7
2023,2023_03_PHI_TB,PHI,up 1-8,13,7
2023,2023_03_PHI_TB,PHI,up 9+,43,26
2023,2023_03_PHI_TB,TB,down 9+,16,6
2023,2023_03_PHI_TB,TB,down 1-8,19,6
2023,2023_03_PHI_TB,TB,tied,10,5
2023,2023_03_PIT_LV,LV,down 9+,27,9
2023,2023_03_PIT_LV,LV,down 1-8,20,3
2023,2023_03_PIT_LV,LV,tied,21,7
2023,2023_03_PIT_LV,PIT,down 1-8,3,1
2023,2023_03_PIT_LV,PIT,tied,19,10
2023,2023_03_PIT_LV,PIT,up 1-8,28,16
2023,2023_03_PIT_LV,PIT,up 9+,9,3
2023,2023_03_TEN_CLE,CLE,tied,20,7
2023,2023_03_TEN_CLE,CLE,up 1-8,13,4
2023,2023_03_TEN_CLE,CLE,up 9+,34,20
2023,2023_03_TEN_CLE,TEN,down 9+,29,10
2023,2023_03_TEN_CLE,TEN,down 1-8,16,5
2023,2023_04_ARI_SF,ARI,down 9+,57,22
2023,2023_04_ARI_SF,ARI,down 1-8,8,3
2023,2023_04_ARI_SF,ARI,tied,3,1
2023,2023_04_ARI_SF,SF,tied,8,5
2023,2023_04_ARI_SF,SF,up 1-8,17,9
2023,2023_04_ARI_SF,SF,up 9+,26,15
2023,2023_04_ATL_JAX,ATL,down 9+,51,20
2023,2023_04_ATL_JAX,ATL,down 1-8,3,0
2023,2023_04_ATL_JAX,ATL,tied,3,2
2023,2023_04_ATL_JAX,JAX,tied,14,7
2023,2023_04_ATL_JAX,JAX,up 1-8,7,3
2023,2023_04_ATL_JAX,JAX,up 9+,40,19
2023,2023_04_BAL_CLE,BAL,tied,7,4
2023,2023_04_BAL_CLE,BAL,up 1-8,16,11
2023,2023_04_BAL_CLE,BAL,up 9+,32,18
2023,2023_04_BAL_CLE,CLE,down 9+,38,13
2023,2023_04_BAL_CLE,CLE,down 1-8,16,8
2023,2023_04_BAL_CLE,CLE,tied,10,3
2023,2023_04_CIN_TEN,CIN,down 9+,26,7
2023,2023_04_CIN_TEN,CIN,down 1-8,3,0
2023,2023_04_CIN_TEN,CIN,tied,21,10
2023,2023_04_CIN_TEN,TEN,down 1-8,14,8
2023,2023_04_CIN_TEN,TEN,tied,8,2
2023,2023_04_CIN_TEN,TEN,up 1-8,4,2
2023,2023_04_CIN_TEN,TEN,up 9+,35,20
2023,2023_04_DEN_CHI,CHI,down 1-8,16,5
2023,2023_04_DEN_CHI,CHI,tied,19,11
2023,2023_04_DEN_CHI,CHI,up 1-8,10,5
2023,2023_04_DEN_CHI,CHI,up 9+,25,10
2023,2023_04_DEN_CHI,DEN,down 9+,25,10
2023,2023_04_DEN_CHI,DEN,down 1-8,4,1
2023,2023_04_DEN_CHI,DEN,tied,18,7
2023,2023_04_DET_GB,DET,down 1-8,7,4
2023,2023_04_DET_GB,DET,tied,3,1
2023,2023_04_DET_GB,DET,up 1-8,8,6
2023,2023_04_DET_GB,DET,up 9+,54,31
2023,2023_04_DET_GB,GB,down 9+,49,13
2023,2023_04_DET_GB,GB,down 1-8,3,0
2023,2023_04_DET_GB,GB,tied,3,0
2023,2023_04_KC_NYJ,KC,tied,27,11
2023,2023_04_KC_NYJ,KC,up 1-8,28,18
2023,2023_04_KC_NYJ,KC,up 9+,9,4
2023,2023_04_KC_NYJ,NYJ,down 9+,23,7
2023,2023_04_KC_NYJ,NYJ,down 1-8,28,8
2023,2023_04_KC_NYJ,NYJ,tied,7,2
2023,2023_04_LA_IND,IND,down 9+,36,19
2023,2023_04_LA_IND,IND,down 1-8,20,11
2023,2023_04_LA_IND,IND,tied,3,0
2023,2023_04_LA_IND,LA,tied,25,8
2023,2023_04_LA_IND,LA,up 1-8,16,8
2023,2023_04_LA_IND,LA,up 9+,37,20
2023,2023_04_LV_LAC,LAC,tied,20,8
2023,2023_04_LV_LAC,LAC,up 1-8,17,11
2023,2023_04_LV_LAC,LAC,up 9+,22,14
2023,2023_04_LV_LAC,LV,down 9+,49,16
2023,2023_04_LV_LAC,LV,down 1-8,20,7
2023,2023_04_MIA_BUF,BUF,tied,23,11
2023,2023_04_MIA_BUF,BUF,up 1-8,6,2
2023,2023_04_MIA_BUF,BUF,up 9+,23,12
2023,2023_04_MIA_BUF,MIA,down 9+,39,14
2023,2023_04_MIA_BUF,MIA,down 1-8,20,5
2023,2023_04_MIN_CAR,CAR,down 1-8,29,13
2023,2023_04_MIN_CAR,CAR,up 1-8,39,18
2023,2023_04_MIN_CAR,MIN,down 9+,10,4
2023,2023_04_MIN_CAR,MIN,down 1-8,16,7
2023,2023_04_MIN_CAR,MIN,tied,7,5
2023,2023_04_MIN_CAR,MIN,up 1-8,11,7
2023,2023_04_NE_DAL,DAL,tied,19,7
2023,2023_04_NE_DAL,DAL,up 1-8,3,0
2023,2023_04_NE_DAL,DAL,up 9+,44,19
2023,2023_04_NE_DAL,NE,down 9+,39,15
2023,2023_04_NE_DAL,NE,down 1-8,16,8
2023,2023_04_PIT_HOU,HOU,tied,12,9
2023,2023_04_PIT_HOU,HOU,up 1-8,8,4
2023,2023_04_PIT_HOU,HOU,up 9+,47,25
2023,2023_04_PIT_HOU,PIT,down 9+,48,20
2023,2023_04_PIT_HOU,PIT,down 1-8,8,5
2023,2023_04_SEA_NYG,NYG,down 9+,40,14
2023,2023_04_SEA_NYG,NYG,down 1-8,17,7
2023,2023_04_SEA_NYG,NYG,tied,17,8
2023,2023_04_SEA_NYG,SEA,tied,10,2
2023,2023_04_SEA_NYG,SEA,up 1-8,11,2
2023,2023_04_SEA_NYG,SEA,up 9+,30,19
2023,2023_04_TB_NO,NO,down 9+,32,9
2023,2023_04_TB_NO,NO,down 1-8,7,4
2023,2023_04_TB_NO,NO,tied,10,3
2023,2023_04_TB_NO,NO,up 1-8,11,2
2023,2023_04_TB_NO,TB,down 1-8,27,9
2023,2023_04_TB_NO,TB,up 1-8,25,11
2023,2023_04_TB_NO,TB,up 9+,13,10
2023,2023_04_WAS_PHI,PHI,down 9+,7,2
2023,2023_04_WAS_PHI,PHI,down 1-8,32,13
2023,2023_04_WAS_PHI,PHI,tied,19,7
2023,2023_04_WAS_PHI,PHI,up 1-8,10,6
2023,2023_04_WAS_PHI,WAS,down 1-8,27,6
2023,2023_04_WAS_PHI,WAS,tied,30,16
2023,2023_04_WAS_PHI,WAS,up 1-8,17,6
2023,2023_05_BAL_PIT,BAL,down 1-8,6,0
2023,2023_05_BAL_PIT,BAL,tied,13,6
2023,2023_05_BAL_PIT,BAL,up 1-8,43,16
2023,2023_05_BAL_PIT,BAL,up 9+,5,3
2023,2023_05_BAL_PIT,PIT,down 9+,16,4
2023,2023_05_BAL_PIT,PIT,down 1-8,38,17
2023,2023_05_BAL_PIT,PIT,tied,6,4
2023,2023_05_BAL_PIT,PIT,up 1-8,1,0
2023,2023_05_CAR_DET,CAR,down 9+,51,16
2023,2023_05_CAR_DET,CAR,down 1-8,6,3
2023,2023_05_CAR_DET,CAR,tied,8,4
2023,2023_05_CAR_DET,DET,tied,3,1
2023,2023_05_CAR_DET,DET,up 1-8,23,9
2023,2023_05_CAR_DET,DET,up 9+,31,17
2023,2023_05_CHI_WAS,CHI,tied,6,2
2023,2023_05_CHI_WAS,CHI,up 1-8,10,3
2023,2023_05_CHI_WAS,CHI,up 9+,48,27
2023,2023_05_CHI_WAS,WAS,down 9+,65,9
2023,2023_05_CHI_WAS,WAS,down 1-8,3,2
2023,2023_05_CIN_ARI,ARI,down 9+,33,13
2023,2023_05_CIN_ARI,ARI,down 1-8,16,7
2023,2023_05_CIN_ARI,ARI,tied,3,1
2023,2023_05_CIN_ARI,ARI,up 1-8,5,1
2023,2023_05_CIN_ARI,CIN,down 1-8,16,8
2023,2023_05_CIN_ARI,CIN,tied,11,4
2023,2023_05_CIN_ARI,CIN,up 1-8,40,12
2023,2023_05_CIN_ARI,CIN,up 9+,11,5
2023,2023_05_DAL_SF,DAL,down 9+,38,16
2023,2023_05_DAL_SF,DAL,down 1-8,10,2
2023,2023_05_DAL_SF,SF,tied,7,3
2023,2023_05_DAL_SF,SF,up 1-8,26,15
2023,2023_05_DAL_SF,SF,up 9+,33,22
2023,2023_05_GB_LV,GB,down 1-8,34,13
2023,2023_05_GB_LV,GB,tied,19,11
2023,2023_05_GB_LV,GB,up 1-8,4,1
2023,2023_05_GB_LV,LV,down 1-8,29,16
2023,2023_05_GB_LV,LV,tied,9,2
2023,2023_05_GB_LV,LV,up 1-8,23,9
2023,2023_05_HOU_ATL,ATL,down 1-8,38,18
2023,2023_05_HOU_ATL,ATL,tied,3,2
2023,2023_05_HOU_ATL,ATL,up 1-8,32,14
2023,2023_05_HOU_ATL,HOU,down 1-8,40,15
2023,2023_05_HOU_ATL,HOU,tied,5,3
2023,2023_05_HOU_ATL,HOU,up 1-8,13,5
2023,2023_05_JAX_BUF,BUF,down 9+,34,9
2023,2023_05_JAX_BUF,BUF,down 1-8,17,3
2023,2023_05_JAX_BUF,BUF,tied,3,1
2023,2023_05_JAX_BUF,JAX,tied,13,8
2023,2023_05_JAX_BUF,JAX,up 1-8,58,28
2023,2023_05_JAX_BUF,JAX,up 9+,11,4
2023,2023_05_KC_MIN,KC,down 1-8,8,1
2023,2023_05_KC_MIN,KC,tied,20,6
2023,2023_05_KC_MIN,KC,up 1-8,35,14
2023,2023_05_KC_MIN,MIN,down 9+,14,4
2023,2023_05_KC_MIN,MIN,down 1-8,52,14
2023,2023_05_KC_MIN,MIN,tied,1,0
2023,2023_05_NO_NE,NE,down 9+,39,13
2023,2023_05_NO_NE,NE,down 1-8,6,3
2023,2023_05_NO_NE,NE,tied,6,2
2023,2023_05_NO_NE,NO,tied,11,4
2023,2023_05_NO_NE,NO,up 1-8,8,5
2023,2023_05_NO_NE,NO,up 9+,47,29
2023,2023_05_NYG_MIA,MIA,tied,8,1
2023,2023_05_NYG_MIA,MIA,up 1-8,17,5
2023,2023_05_NYG_MIA,MIA,up 9+,27,16
2023,2023_05_NYG_MIA,NYG,down 9+,48,19
2023,2023_05_NYG_MIA,NYG,down 1-8,15,7
2023,2023_05_NYG_MIA,NYG,tied,5,3
2023,2023_05_NYJ_DEN,DEN,down 9+,11,3
2023,2023_05_NYJ_DEN,DEN,down 1-8,25,9
2023,2023_05_NYJ_DEN,DEN,up 1-8,21,11
2023,2023_05_NYJ_DEN,NYJ,down 1-8,27,12
2023,2023_05_NYJ_DEN,NYJ,tied,7,2
2023,2023_05_NYJ_DEN,NYJ,up 1-8,28,18
2023,2023_05_PHI_LA,LA,down 9+,11,1
2023,2023_05_PHI_LA,LA,down 1-8,38,10
2023,2023_05_PHI_LA,LA,tied,6,3
2023,2023_05_PHI_LA,PHI,down 1-8,4,2
2023,2023_05_PHI_LA,PHI,tied,35,13
2023,2023_05_PHI_LA,PHI,up 1-8,32,17
2023,2023_05_PHI_LA,PHI,up 9+,7,7
2023,2023_05_TEN_IND,IND,down 1-8,14,12
2023,2023_05_TEN_IND,IND,tied,6,1
2023,2023_05_TEN_IND,IND,up 1-8,40,20
2023,2023_05_TEN_IND,TEN,down 1-8,41,15
2023,2023_05_TEN_IND,TEN,tied,15,6
2023,2023_06_ARI_LA,ARI,down 9+,22,2
2023,2023_06_ARI_LA,ARI,down 1-8,9,4
2023,2023_06_ARI_LA,ARI,tied,14,4
2023,2023_06_ARI_LA,ARI,up 1-8,27,19
2023,2023_06_ARI_LA,LA,down 1-8,28,12
2023,2023_06_ARI_LA,LA,up 1-8,19,11
2023,2023_06_ARI_LA,LA,up 9+,6,5
2023,2023_06_BAL_TEN,BAL,tied,16,8
2023,2023_06_BAL_TEN,BAL,up 1-8,40,24
2023,2023_06_BAL_TEN,BAL,up 9+,13,6
2023,2023_06_BAL_TEN,TEN,down 9+,23,7
2023,2023_06_BAL_TEN,TEN,down 1-8,23,12
2023,2023_06_CAR_MIA,CAR,down 9+,25,8
2023,2023_06_CAR_MIA,CAR,down 1-8,13,2
2023,2023_06_CAR_MIA,CAR,tied,13,7
2023,2023_06_CAR_MIA,CAR,up 1-8,17,8
2023,2023_06_CAR_MIA,MIA,down 9+,9,3
2023,2023_06_CAR_MIA,MIA,down 1-8,6,4
2023,2023_06_CAR_MIA,MIA,tied,12,3
2023,2023_06_CAR_MIA,MIA,up 1-8,11,5
2023,2023_06_CAR_MIA,MIA,up 9+,24,15
2023,2023_06_DAL_LAC,DAL,down 1-8,9,4
2023,2023_06_DAL_LAC,DAL,tied,47,19
2023,2023_06_DAL_LAC,DAL,up 1-8,3,1
2023,2023_06_DAL_LAC,LAC,down 1-8,33,13
2023,2023_06_DAL_LAC,LAC,tied,28,10
2023,2023_06_DEN_KC,DEN,down 9+,30,12
2023,2023_06_DEN_KC,DEN,down 1-8,11,7
2023,2023_06_DEN_KC,DEN,tied,9,5
2023,2023_06_DEN_KC,KC,tied,8,3
2023,2023_06_DEN_KC,KC,up 1-8,30,12
2023,2023_06_DEN_KC,KC,up 9+,29,9
2023,2023_06_DET_TB,DET,tied,17,7
2023,2023_06_DET_TB,DET,up 1-8,31,8
2023,2023_06_DET_TB,DET,up 9+,20,6
2023,2023_06_DET_TB,TB,down 9+,20,2
2023,2023_06_DET_TB,TB,down 1-8,28,12
2023,2023_06_DET_TB,TB,tied,6,2
2023,2023_06_IND_JAX,IND,down 9+,59,13
2023,2023_06_IND_JAX,IND,down 1-8,1,0
2023,2023_06_IND_JAX,IND,tied,15,4
2023,2023_06_IND_JAX,JAX,down 1-8,13,8
2023,2023_06_IND_JAX,JAX,up 1-8,1,1
2023,2023_06_IND_JAX,JAX,up 9+,44,16
2023,2023_06_MIN_CHI,CHI,down 9+,18,9
2023,2023_06_MIN_CHI,CHI,down 1-8,37,22
2023,2023_06_MIN_CHI,CHI,tied,9,4
2023,2023_06_MIN_CHI,MIN,tied,27,10
2023,2023_06_MIN_CHI,MIN,up 1-8,19,7
2023,2023_06_MIN_CHI,MIN,up 9+,8,4
2023,2023_06_NE_LV,LV,tied,15,8
2023,2023_06_NE_LV,LV,up 1-8,47,22
2023,2023_06_NE_LV,NE,down 9+,35,13
2023,2023_06_NE_LV,NE,down 1-8,20,5
2023,2023_06_NO_HOU,HOU,tied,26,12
2023,2023_06_NO_HOU,HOU,up 1-8,33,18
2023,2023_06_NO_HOU,NO,down 9+,21,4
2023,2023_06_NO_HOU,NO,down 1-8,49,18
2023,2023_06_NO_HOU,NO,tied,8,3
2023,2023_06_NYG_BUF,BUF,down 1-8,47,25
2023,2023_06_NYG_BUF,BUF,tied,9,2
2023,2023_06_NYG_BUF,BUF,up 1-8,3,2
2023,2023_06_NYG_BUF,NYG,down 1-8,26,10
2023,2023_06_NYG_BUF,NYG,tied,14,8
2023,2023_06_NYG_BUF,NYG,up 1-8,31,16
2023,2023_06_PHI_NYJ,NYJ,down 9+,7,1
2023,2023_06_PHI_NYJ,NYJ,down 1-8,45,16
2023,2023_06_PHI_NYJ,NYJ,tied,5,2
2023,2023_06_PHI_NYJ,NYJ,up 1-8,1,0
2023,2023_06_PHI_NYJ,PHI,down 1-8,4,0
2023,2023_06_PHI_NYJ,PHI,tied,19,7
2023,2023_06_PHI_NYJ,PHI,up 1-8,46,15
2023,2023_06_SEA_CIN,CIN,down 1-8,13,2
2023,2023_06_SEA_CIN,CIN,tied,7,3
2023,2023_06_SEA_CIN,CIN,up 1-8,32,9
2023,2023_06_SEA_CIN,SEA,down 1-8,56,18
2023,2023_06_SEA_CIN,SEA,tied,14,7
2023,2023_06_SF_CLE,CLE,down 9+,5,2
2023,2023_06_SF_CLE,CLE,down 1-8,51,26
2023,2023_06_SF_CLE,CLE,tied,8,3
2023,2023_06_SF_CLE,CLE,up 1-8,5,2
2023,2023_06_SF_CLE,SF,down 1-8,14,5
2023,2023_06_SF_CLE,SF,tied,11,6
2023,2023_06_SF_CLE,SF,up 1-8,28,13
2023,2023_06_WAS_ATL,ATL,down 9+,27,12
2023,2023_06_WAS_ATL,ATL,down 1-8,49,17
2023,2023_06_WAS_ATL,ATL,up 1-8,3,1
2023,2023_06_WAS_ATL,WAS,down 1-8,9,3
2023,2023_06_WAS_ATL,WAS,tied,11,3
2023,2023_06_WAS_ATL,WAS,up 1-8,23,10
2023,2023_06_WAS_ATL,WAS,up 9+,5,4
2023,2023_07_ARI_SEA,ARI,down 9+,6,0
2023,2023_07_ARI_SEA,ARI,down 1-8,48,21
2023,2023_07_ARI_SEA,ARI,tied,9,4
2023,2023_07_ARI_SEA,SEA,down 1-8,9,2
2023,2023_07_ARI_SEA,SEA,tied,11,5
2023,2023_07_ARI_SEA,SEA,up 1-8,36,23
2023,2023_07_ATL_TB,ATL,tied,51,27
2023,2023_07_ATL_TB,ATL,up 1-8,13,11
2023,2023_07_ATL_TB,TB,down 1-8,43,13
2023,2023_07_ATL_TB,TB,tied,21,6
2023,2023_07_BUF_NE,BUF,down 9+,39,13
2023,2023_07_BUF_NE,BUF,down 1-8,27,11
2023,2023_07_BUF_NE,NE,down 1-8,8,1
2023,2023_07_BUF_NE,NE,tied,8,5
2023,2023_07_BUF_NE,NE,up 1-8,33,16
2023,2023_07_BUF_NE,NE,up 9+,7,3
2023,2023_07_CLE_IND,CLE,down 1-8,40,19
2023,2023_07_CLE_IND,CLE,tied,12,7
2023,2023_07_CLE_IND,CLE,up 1-8,19,7
2023,2023_07_CLE_IND,IND,down 9+,8,6
2023,2023_07_CLE_IND,IND,down 1-8,33,17
2023,2023_07_CLE_IND,IND,tied,15,9
2023,2023_07_CLE_IND,IND,up 1-8,11,8
2023,2023_07_DET_BAL,BAL,tied,7,4
2023,2023_07_DET_BAL,BAL,up 1-8,11,4
2023,2023_07_DET_BAL,BAL,up 9+,36,18
2023,2023_07_DET_BAL,DET,down 9+,70,13
2023,2023_07_DET_BAL,DET,down 1-8,3,1
2023,2023_07_GB_DEN,DEN,down 1-8,8,3
2023,2023_07_GB_DEN,DEN,tied,10,4
2023,2023_07_GB_DEN,DEN,up 1-8,37,18
2023,2023_07_GB_DEN,GB,down 9+,21,10
2023,2023_07_GB_DEN,GB,down 1-8,40,19
2023,2023_07_JAX_NO,JAX,tied,17,6
2023,2023_07_JAX_NO,JAX,up 1-8,30,15
2023,2023_07_JAX_NO,JAX,up 9+,6,2
2023,2023_07_JAX_NO,NO,down 9+,45,19
2023,2023_07_JAX_NO,NO,down 1-8,40,12
2023,2023_07_JAX_NO,NO,tied,3,0
2023,2023_07_LAC_KC,KC,tied,29,6
2023,2023_07_LAC_KC,KC,up 1-8,33,13
2023,2023_07_LAC_KC,LAC,down 9+,9,0
2023,2023_07_LAC_KC,LAC,down 1-8,40,21
2023,2023_07_LAC_KC,LAC,tied,11,4
2023,2023_07_LV_CHI,CHI,tied,15,9
2023,2023_07_LV_CHI,CHI,up 1-8,14,8
2023,2023_07_LV_CHI,CHI,up 9+,38,19
2023,2023_07_LV_CHI,LV,down 9+,46,9
2023,2023_07_LV_CHI,LV,down 1-8,9,3
2023,2023_07_LV_CHI,LV,tied,6,2
2023,2023_07_MIA_PHI,MIA,down 9+,12,0
2023,2023_07_MIA_PHI,MIA,down 1-8,36,12
2023,2023_07_MIA_PHI,PHI,tied,28,13
2023,2023_07_MIA_PHI,PHI,up 1-8,35,16
2023,2023_07_MIA_PHI,PHI,up 9+,2,2
2023,2023_07_PIT_LA,LA,down 1-8,27,12
2023,2023_07_PIT_LA,LA,tied,24,13
2023,2023_07_PIT_LA,LA,up 1-8,12,6
2023,2023_07_PIT_LA,PIT,down 1-8,11,5
2023,2023_07_PIT_LA,PIT,tied,31,14
2023,2023_07_PIT_LA,PIT,up 1-8,10,6
2023,2023_07_SF_MIN,MIN,tied,13,5
2023,2023_07_SF_MIN,MIN,up 1-8,41,13
2023,2023_07_SF_MIN,MIN,up 9+,10,2
2023,2023_07_SF_MIN,SF,down 9+,21,10
2023,2023_07_SF_MIN,SF,down 1-8,25,9
2023,2023_07_SF_MIN,SF,tied,5,2
2023,2023_07_WAS_NYG,NYG,tied,22,11
2023,2023_07_WAS_NYG,NYG,up 1-8,27,15
2023,2023_07_WAS_NYG,NYG,up 9+,13,3
2023,2023_07_WAS_NYG,WAS,down 9+,18,6
2023,2023_07_WAS_NYG,WAS,down 1-8,39,10
2023,2023_07_WAS_NYG,WAS,tied,10,3
2023,2023_08_ATL_TEN,ATL,down 9+,26,12
2023,2023_08_ATL_TEN,ATL,down 1-8,30,9
2023,2023_08_ATL_TEN,ATL,tied,6,3
2023,2023_08_ATL_TEN,ATL,up 1-8,3,1
2023,2023_08_ATL_TEN,TEN,down 1-8,11,4
2023,2023_08_ATL_TEN,TEN,tied,4,4
2023,2023_08_ATL_TEN,TEN,up 1-8,41,22
2023,2023_08_ATL_TEN,TEN,up 9+,8,3
2023,2023_08_BAL_ARI,ARI,down 9+,28,5
2023,2023_08_BAL_ARI,ARI,down 1-8,12,7
2023,2023_08_BAL_ARI,ARI,tied,32,20
2023,2023_08_BAL_ARI,BAL,down 1-8,10,2
2023,2023_08_BAL_ARI,BAL,tied,18,7
2023,2023_08_BAL_ARI,BAL,up 1-8,15,5
2023,2023_08_BAL_ARI,BAL,up 9+,16,14
2023,2023_08_CHI_LAC,CHI,down 9+,55,21
2023,2023_08_CHI_LAC,CHI,down 1-8,3,0
2023,2023_08_CHI_LAC,CHI,tied,4,2
2023,2023_08_CHI_LAC,LAC,tied,10,4
2023,2023_08_CHI_LAC,LAC,up 1-8,9,4
2023,2023_08_CHI_LAC,LAC,up 9+,46,17
2023,2023_08_CIN_SF,CIN,tied,16,4
2023,2023_08_CIN_SF,CIN,up 1-8,43,20
2023,2023_08_CIN_SF,CIN,up 9+,2,2
2023,2023_08_CIN_SF,SF,down 9+,17,2
2023,2023_08_CIN_SF,SF,down 1-8,36,18
2023,2023_08_CIN_SF,SF,tied,3,3
2023,2023_08_CLE_SEA,CLE,down 9+,25,12
2023,2023_08_CLE_SEA,CLE,down 1-8,21,7
2023,2023_08_CLE_SEA,CLE,tied,11,8
2023,2023_08_CLE_SEA,CLE,up 1-8,17,12
2023,2023_08_CLE_SEA,SEA,down 1-8,16,4
2023,2023_08_CLE_SEA,SEA,tied,11,4
2023,2023_08_CLE_SEA,SEA,up 1-8,24,6
2023,2023_08_CLE_SEA,SEA,up 9+,3,2
2023,2023_08_HOU_CAR,CAR,down 1-8,51,20
2023,2023_08_HOU_CAR,CAR,tied,7,2
2023,2023_08_HOU_CAR,CAR,up 1-8,3,2
2023,2023_08_HOU_CAR,HOU,down 1-8,14,9
2023,2023_08_HOU_CAR,HOU,tied,24,13
2023,2023_08_HOU_CAR,HOU,up 1-8,19,8
2023,2023_08_JAX_PIT,JAX,tied,5,3
2023,2023_08_JAX_PIT,JAX,up 1-8,57,24
2023,2023_08_JAX_PIT,JAX,up 9+,4,4
2023,2023_08_JAX_PIT,PIT,down 9+,25,3
2023,2023_08_JAX_PIT,PIT,down 1-8,35,15
2023,2023_08_JAX_PIT,PIT,tied,3,0
2023,2023_08_KC_DEN,DEN,tied,10,8
2023,2023_08_KC_DEN,DEN,up 1-8,42,23
2023,2023_08_KC_DEN,DEN,up 9+,13,9
2023,2023_08_KC_DEN,KC,down 9+,24,6
2023,2023_08_KC_DEN,KC,down 1-8,30,9
2023,2023_08_KC_DEN,KC,tied,3,1
2023,2023_08_LA_DAL,DAL,tied,10,1
2023,2023_08_LA_DAL,DAL,up 1-8,8,5
2023,2023_08_LA_DAL,DAL,up 9+,42,17
2023,2023_08_LA_DAL,LA,down 9+,50,21
2023,2023_08_LA_DAL,LA,down 1-8,10,3
2023,2023_08_LV_DET,DET,tied,13,7
2023,2023_08_LV_DET,DET,up 1-8,43,18
2023,2023_08_LV_DET,DET,up 9+,23,16
2023,2023_08_LV_DET,LV,down 9+,30,11
2023,2023_08_LV_DET,LV,down 1-8,15,7
2023,2023_08_MIN_GB,GB,down 9+,53,13
2023,2023_08_MIN_GB,GB,down 1-8,3,1
2023,2023_08_MIN_GB,GB,tied,6,3
2023,2023_08_MIN_GB,MIN,tied,17,10
2023,2023_08_MIN_GB,MIN,up 1-8,21,6
2023,2023_08_MIN_GB,MIN,up 9+,29,13
2023,2023_08_NE_MIA,MIA,down 1-8,6,3
2023,2023_08_NE_MIA,MIA,tied,25,7
2023,2023_08_NE_MIA,MIA,up 1-8,26,9
2023,2023_08_NE_MIA,MIA,up 9+,13,4
2023,2023_08_NE_MIA,NE,down 9+,27,8
2023,2023_08_NE_MIA,NE,down 1-8,9,4
2023,2023_08_NE_MIA,NE,tied,14,6
2023,2023_08_NO_IND,IND,down 9+,9,0
2023,2023_08_NO_IND,IND,down 1-8,31,11
2023,2023_08_NO_IND,IND,tied,18,8
2023,2023_08_NO_IND,IND,up 1-8,9,5
2023,2023_08_NO_IND,NO,down 9+,8,5
2023,2023_08_NO_IND,NO,down 1-8,12,5
2023,2023_08_NO_IND,NO,tied,5,2
2023,2023_08_NO_IND,NO,up 1-8,40,23
2023,2023_08_NYJ_NYG,NYG,down 1-8,32,21
2023,2023_08_NYJ_NYG,NYG,tied,6,2
2023,2023_08_NYJ_NYG,NYG,up 1-8,32,29
2023,2023_08_NYJ_NYG,NYJ,down 1-8,36,12
2023,2023_08_NYJ_NYG,NYJ,tied,9,3
2023,2023_08_NYJ_NYG,NYJ,up 1-8,16,7
2023,2023_08_PHI_WAS,PHI,down 9+,17,2
2023,2023_08_PHI_WAS,PHI,down 1-8,32,12
2023,2023_08_PHI_WAS,PHI,tied,5,2
2023,2023_08_PHI_WAS,PHI,up 1-8,6,4
2023,2023_08_PHI_WAS,WAS,down 9+,4,0
2023,2023_08_PHI_WAS,WAS,down 1-8,11,3
2023,2023_08_PHI_WAS,WAS,tied,27,10
2023,2023_08_PHI_WAS,WAS,up 1-8,18,1
2023,2023_08_PHI_WAS,WAS,up 9+,9,2
2023,2023_08_TB_BUF,BUF,tied,18,6
2023,2023_08_TB_BUF,BUF,up 1-8,29,14
2023,2023_08_TB_BUF,BUF,up 9+,20,5
2023,2023_08_TB_BUF,TB,down 9+,34,10
2023,2023_08_TB_BUF,TB,down 1-8,22,6
2023,2023_08_TB_BUF,TB,tied,6,1
2023,2023_09_ARI_CLE,ARI,down 9+,34,15
2023,2023_09_ARI_CLE,ARI,down 1-8,2,1
2023,2023_09_ARI_CLE,ARI,tied,12,5
2023,2023_09_ARI_CLE,CLE,tied,16,5
2023,2023_09_ARI_CLE,CLE,up 1-8,11,10
2023,2023_09_ARI_CLE,CLE,up 9+,43,25
2023,2023_09_BUF_CIN,BUF,down 9+,39,11
2023,2023_09_BUF_CIN,BUF,down 1-8,17,5
2023,2023_09_BUF_CIN,CIN,tied,20,6
2023,2023_09_BUF_CIN,CIN,up 1-8,20,8
2023,2023_09_BUF_CIN,CIN,up 9+,24,5
2023,2023_09_CHI_NO,CHI,down 1-8,25,9
2023,2023_09_CHI_NO,CHI,tied,32,18
2023,2023_09_CHI_NO,CHI,up 1-8,7,5
2023,2023_09_CHI_NO,NO,down 1-8,25,11
2023,2023_09_CHI_NO,NO,tied,21,6
2023,2023_09_CHI_NO,NO,up 1-8,15,9
2023,2023_09_DAL_PHI,DAL,down 9+,18,5
2023,2023_09_DAL_PHI,DAL,down 1-8,32,10
2023,2023_09_DAL_PHI,DAL,tied,20,6
2023,2023_09_DAL_PHI,PHI,down 1-8,23,15
2023,2023_09_DAL_PHI,PHI,tied,16,6
2023,2023_09_DAL_PHI,PHI,up 1-8,17,11
2023,2023_09_DAL_PHI,PHI,up 9+,3,1
2023,2023_09_IND_CAR,CAR,down 9+,57,22
2023,2023_09_IND_CAR,CAR,down 1-8,3,0
2023,2023_09_IND_CAR,CAR,tied,11,6
2023,2023_09_IND_CAR,IND,tied,17,11
2023,2023_09_IND_CAR,IND,up 1-8,19,8
2023,2023_09_IND_CAR,IND,up 9+,18,8
2023,2023_09_LAC_NYJ,LAC,tied,3,1
2023,2023_09_LAC_NYJ,LAC,up 1-8,11,5
2023,2023_09_LAC_NYJ,LAC,up 9+,41,14
2023,2023_09_LAC_NYJ,NYJ,down 9+,62,14
2023,2023_09_LAC_NYJ,NYJ,down 1-8,12,5
2023,2023_09_LAC_NYJ,NYJ,tied,3,1
2023,2023_09_LA_GB,GB,tied,16,11
2023,2023_09_LA_GB,GB,up 1-8,35,17
2023,2023_09_LA_GB,GB,up 9+,14,8
2023,2023_09_LA_GB,LA,down 9+,9,0
2023,2023_09_LA_GB,LA,down 1-8,36,19
2023,2023_09_LA_GB,LA,tied,10,7
2023,2023_09_MIA_KC,KC,tied,7,1
2023,2023_09_MIA_KC,KC,up 1-8,36,17
2023,2023_09_MIA_KC,KC,up 9+,10,3
2023,2023_09_MIA_KC,MIA,down 9+,23,7
2023,2023_09_MIA_KC,MIA,down 1-8,35,14
2023,2023_09_MIN_ATL,ATL,down 1-8,23,14
2023,2023_09_MIN_ATL,ATL,tied,18,5
2023,2023_09_MIN_ATL,ATL,up 1-8,25,9
2023,2023_09_MIN_ATL,MIN,down 1-8,55,25
2023,2023_09_MIN_ATL,MIN,tied,10,4
2023,2023_09_MIN_ATL,MIN,up 1-8,8,3
2023,2023_09_NYG_LV,LV,tied,6,5
2023,2023_09_NYG_LV,LV,up 1-8,15,9
2023,2023_09_NYG_LV,LV,up 9+,38,20
2023,2023_09_NYG_LV,NYG,down 9+,38,12
2023,2023_09_NYG_LV,NYG,down 1-8,22,13
2023,2023_09_NYG_LV,NYG,tied,3,0
2023,2023_09_SEA_BAL,BAL,tied,19,10
2023,2023_09_SEA_BAL,BAL,up 1-8,13,8
2023,2023_09_SEA_BAL,BAL,up 9+,40,21
2023,2023_09_SEA_BAL,SEA,down 9+,26,5
2023,2023_09_SEA_BAL,SEA,down 1-8,6,2
2023,2023_09_SEA_BAL,SEA,tied,14,7
2023,2023_09_TB_HOU,HOU,down 9+,10,1
2023,2023_09_TB_HOU,HOU,down 1-8,40,12
2023,2023_09_TB_HOU,HOU,tied,9,2
2023,2023_09_TB_HOU,HOU,up 1-8,5,4
2023,2023_09_TB_HOU,TB,down 1-8,33,17
2023,2023_09_TB_HOU,TB,tied,4,1
2023,2023_09_TB_HOU,TB,up 1-8,26,13
2023,2023_09_TEN_PIT,PIT,down 1-8,40,21
2023,2023_09_TEN_PIT,PIT,tied,10,3
2023,2023_09_TEN_PIT,PIT,up 1-8,9,5
2023,2023_09_TEN_PIT,TEN,down 1-8,43,17
2023,2023_09_TEN_PIT,TEN,tied,15,5
2023,2023_09_TEN_PIT,TEN,up 1-8,9,3
2023,2023_09_WAS_NE,NE,down 9+,6,2
2023,2023_09_WAS_NE,NE,down 1-8,29,6
2023,2023_09_WAS_NE,NE,tied,16,5
2023,2023_09_WAS_NE,NE,up 1-8,11,5
2023,2023_09_WAS_NE,WAS,down 1-8,22,5
2023,2023_09_WAS_NE,WAS,tied,18,6
2023,2023_09_WAS_NE,WAS,up 1-8,34,15
2023,2023_09_WAS_NE,WAS,up 9+,2,2
2023,2023_10_ATL_ARI,ARI,down 1-8,38,18
2023,2023_10_ATL_ARI,ARI,tied,17,5
2023,2023_10_ATL_ARI,ARI,up 1-8,5,2
2023,2023_10_ATL_ARI,ATL,down 1-8,42,28
2023,2023_10_ATL_ARI,ATL,tied,3,2
2023,2023_10_ATL_ARI,ATL,up 1-8,20,10
2023,2023_10_CAR_CHI,CAR,down 1-8,27,5
2023,2023_10_CAR_CHI,CAR,tied,9,4
2023,2023_10_CAR_CHI,CAR,up 1-8,21,7
2023,2023_10_CAR_CHI,CHI,down 1-8,44,20
2023,2023_10_CAR_CHI,CHI,tied,10,5
2023,2023_10_CAR_CHI,CHI,up 1-8,15,11
2023,2023_10_CLE_BAL,BAL,up 1-8,32,16
2023,2023_10_CLE_BAL,BAL,up 9+,18,8
2023,2023_10_CLE_BAL,CLE,down 9+,52,26
2023,2023_10_CLE_BAL,CLE,down 1-8,21,9
2023,2023_10_CLE_BAL,CLE,tied,2,1
2023,2023_10_DEN_BUF,BUF,down 9+,8,5
2023,2023_10_DEN_BUF,BUF,down 1-8,35,18
2023,2023_10_DEN_BUF,BUF,tied,10,3
2023,2023_10_DEN_BUF,DEN,down 1-8,6,1
2023,2023_10_DEN_BUF,DEN,tied,24,13
2023,2023_10_DEN_BUF,DEN,up 1-8,39,22
2023,2023_10_DET_LAC,DET,tied,30,14
2023,2023_10_DET_LAC,DET,up 1-8,31,14
2023,2023_10_DET_LAC,LAC,down 9+,20,7
2023,2023_10_DET_LAC,LAC,down 1-8,45,20
2023,2023_10_DET_LAC,LAC,tied,3,1
2023,2023_10_GB_PIT,GB,down 9+,7,4
2023,2023_10_GB_PIT,GB,down 1-8,57,20
2023,2023_10_GB_PIT,PIT,down 1-8,4,2
2023,2023_10_GB_PIT,PIT,tied,20,13
2023,2023_10_GB_PIT,PIT,up 1-8,36,21
2023,2023_10_HOU_CIN,CIN,down 9+,25,7
2023,2023_10_HOU_CIN,CIN,down 1-8,8,1
2023,2023_10_HOU_CIN,CIN,tied,16,4
2023,2023_10_HOU_CIN,CIN,up 1-8,10,3
2023,2023_10_HOU_CIN,HOU,down 1-8,21,10
2023,2023_10_HOU_CIN,HOU,tied,20,5
2023,2023_10_HOU_CIN,HOU,up 1-8,21,12
2023,2023_10_HOU_CIN,HOU,up 9+,12,7
2023,2023_10_IND_NE,IND,down 1-8,14,10
2023,2023_10_IND_NE,IND,up 1-8,39,15
2023,2023_10_IND_NE,NE,down 1-8,56,29
2023,2023_10_IND_NE,NE,tied,12,7
2023,2023_10_NO_MIN,MIN,tied,18,8
2023,2023_10_NO_MIN,MIN,up 1-8,28,15
2023,2023_10_NO_MIN,MIN,up 9+,22,10
2023,2023_10_NO_MIN,NO,down 9+,32,8
2023,2023_10_NO_MIN,NO,down 1-8,31,9
2023,2023_10_NYG_DAL,DAL,tied,18,9
2023,2023_10_NYG_DAL,DAL,up 1-8,11,5
2023,2023_10_NYG_DAL,DAL,up 9+,47,18
2023,2023_10_NYG_DAL,NYG,down 9+,39,14
2023,2023_10_NYG_DAL,NYG,down 1-8,9,4
2023,2023_10_NYG_DAL,NYG,tied,6,4
2023,2023_10_NYJ_LV,LV,down 1-8,41,19
2023,2023_10_NYJ_LV,LV,tied,8,3
2023,2023_10_NYJ_LV,LV,up 1-8,13,10
2023,2023_10_NYJ_LV,NYJ,down 1-8,21,1
2023,2023_10_NYJ_LV,NYJ,tied,18,6
2023,2023_10_NYJ_LV,NYJ,up 1-8,24,14
2023,2023_10_SF_JAX,JAX,down 9+,48,16
2023,2023_10_SF_JAX,JAX,down 1-8,3,1
2023,2023_10_SF_JAX,JAX,tied,3,0
2023,2023_10_SF_JAX,SF,tied,4,1
2023,2023_10_SF_JAX,SF,up 1-8,19,8
2023,2023_10_SF_JAX,SF,up 9+,34,18
2023,2023_10_TEN_TB,TB,down 1-8,18,5
2023,2023_10_TEN_TB,TB,up 1-8,26,12
2023,2023_10_TEN_TB,TB,up 9+,16,11
2023,2023_10_TEN_TB,TEN,down 9+,26,3
2023,2023_10_TEN_TB,TEN,down 1-8,10,4
2023,2023_10_TEN_TB,TEN,tied,11,5
2023,2023_10_TEN_TB,TEN,up 1-8,12,4
2023,2023_10_WAS_SEA,SEA,down 1-8,37,12
2023,2023_10_WAS_SEA,SEA,tied,23,8
2023,2023_10_WAS_SEA,SEA,up 1-8,13,6
2023,2023_10_WAS_SEA,WAS,down 1-8,29,8
2023,2023_10_WAS_SEA,WAS,tied,12,2
2023,2023_10_WAS_SEA,WAS,up 1-8,20,4
2023,2023_11_ARI_HOU,ARI,down 9+,15,9
2023,2023_11_ARI_HOU,ARI,down 1-8,30,11
2023,2023_11_ARI_HOU,ARI,tied,11,5
2023,2023_11_ARI_HOU,ARI,up 1-8,3,1
2023,2023_11_ARI_HOU,HOU,down 1-8,26,11
2023,2023_11_ARI_HOU,HOU,up 1-8,31,10
2023,2023_11_ARI_HOU,HOU,up 9+,9,3
2023,2023_11_CHI_DET,CHI,down 1-8,13,8
2023,2023_11_CHI_DET,CHI,tied,24,14
2023,2023_11_CHI_DET,CHI,up 1-8,20,11
2023,2023_11_CHI_DET,CHI,up 9+,13,12
2023,2023_11_CHI_DET,DET,down 9+,9,1
2023,2023_11_CHI_DET,DET,down 1-8,45,18
2023,2023_11_CHI_DET,DET,up 1-8,5,2
2023,2023_11_CIN_BAL,BAL,down 1-8,7,1
2023,2023_11_CIN_BAL,BAL,tied,9,6
2023,2023_11_CIN_BAL,BAL,up 1-8,26,11
2023,2023_11_CIN_BAL,BAL,up 9+,18,13
2023,2023_11_CIN_BAL,CIN,down 9+,27,14
2023,2023_11_CIN_BAL,CIN,down 1-8,32,9
2023,2023_11_DAL_CAR,CAR,down 9+,43,15
2023,2023_11_DAL_CAR,CAR,down 1-8,5,3
2023,2023_11_DAL_CAR,CAR,tied,10,4
2023,2023_11_DAL_CAR,DAL,tied,13,5
2023,2023_11_DAL_CAR,DAL,up 1-8,30,9
2023,2023_11_DAL_CAR,DAL,up 9+,22,10
2023,2023_11_LAC_GB,GB,down 1-8,51,19
2023,2023_11_LAC_GB,GB,tied,10,4
2023,2023_11_LAC_GB,GB,up 1-8,9,4
2023,2023_11_LAC_GB,LAC,down 1-8,31,9
2023,2023_11_LAC_GB,LAC,tied,24,11
2023,2023_11_LAC_GB,LAC,up 1-8,6,3
2023,2023_11_LV_MIA,LV,down 1-8,46,13
2023,2023_11_LV_MIA,LV,tied,10,2
2023,2023_11_LV_MIA,LV,up 1-8,3,1
2023,2023_11_LV_MIA,MIA,down 1-8,29,10
2023,2023_11_LV_MIA,MIA,tied,3,2
2023,2023_11_LV_MIA,MIA,up 1-8,35,15
2023,2023_11_MIN_DEN,DEN,down 1-8,43,12
2023,2023_11_MIN_DEN,DEN,tied,5,1
2023,2023_11_MIN_DEN,DEN,up 1-8,4,2
2023,2023_11_MIN_DEN,MIN,down 1-8,24,11
2023,2023_11_MIN_DEN,MIN,tied,3,2
2023,2023_11_MIN_DEN,MIN,up 1-8,43,23
2023,2023_11_NYG_WAS,NYG,tied,13,3
2023,2023_11_NYG_WAS,NYG,up 1-8,35,10
2023,2023_11_NYG_WAS,NYG,up 9+,6,6
2023,2023_11_NYG_WAS,WAS,down 9+,30,10
2023,2023_11_NYG_WAS,WAS,down 1-8,41,16
2023,2023_11_NYG_WAS,WAS,tied,6,2
2023,2023_11_NYJ_BUF,BUF,tied,3,1
2023,2023_11_NYJ_BUF,BUF,up 1-8,21,7
2023,2023_11_NYJ_BUF,BUF,up 9+,45,28
2023,2023_11_NYJ_BUF,NYJ,down 9+,46,14
2023,2023_11_NYJ_BUF,NYJ,down 1-8,9,4
2023,2023_11_PHI_KC,KC,down 1-8,12,1
2023,2023_11_PHI_KC,KC,tied,32,20
2023,2023_11_PHI_KC,KC,up 1-8,22,5
2023,2023_11_PHI_KC,KC,up 9+,7,4
2023,2023_11_PHI_KC,PHI,down 9+,13,7
2023,2023_11_PHI_KC,PHI,down 1-8,22,8
2023,2023_11_PHI_KC,PHI,tied,11,5
2023,2023_11_PHI_KC,PHI,up 1-8,5,4
2023,2023_11_PIT_CLE,CLE,tied,29,12
2023,2023_11_PIT_CLE,CLE,up 1-8,42,17
2023,2023_11_PIT_CLE,PIT,down 9+,2,2
2023,2023_11_PIT_CLE,PIT,down 1-8,44,21
2023,2023_11_PIT_CLE,PIT,tied,10,2
2023,2023_11_SEA_LA,LA,down 9+,33,13
2023,2023_11_SEA_LA,LA,down 1-8,22,12
2023,2023_11_SEA_LA,LA,tied,3,1
2023,2023_11_SEA_LA,SEA,down 1-8,5,1
2023,2023_11_SEA_LA,SEA,tied,14,6
2023,2023_11_SEA_LA,SEA,up 1-8,27,8
2023,2023_11_SEA_LA,SEA,up 9+,15,5
2023,2023_11_TB_SF,SF,tied,17,6
2023,2023_11_TB_SF,SF,up 1-8,18,7
2023,2023_11_TB_SF,SF,up 9+,22,15
2023,2023_11_TB_SF,TB,down 9+,49,10
2023,2023_11_TB_SF,TB,down 1-8,14,6
2023,2023_11_TB_SF,TB,tied,3,1
2023,2023_11_TEN_JAX,JAX,tied,14,6
2023,2023_11_TEN_JAX,JAX,up 1-8,10,7
2023,2023_11_TEN_JAX,JAX,up 9+,45,23
2023,2023_11_TEN_JAX,TEN,down 9+,16,6
2023,2023_11_TEN_JAX,TEN,down 1-8,13,7
2023,2023_11_TEN_JAX,TEN,tied,7,4
2023,2023_12_BAL_LAC,BAL,down 1-8,19,9
2023,2023_12_BAL_LAC,BAL,up 1-8,36,20
2023,2023_12_BAL_LAC,BAL,up 9+,12,4
2023,2023_12_BAL_LAC,LAC,down 9+,34,6
2023,2023_12_BAL_LAC,LAC,down 1-8,15,2
2023,2023_12_BAL_LAC,LAC,tied,11,7
2023,2023_12_BAL_LAC,LAC,up 1-8,6,4
2023,2023_12_BUF_PHI,BUF,down 1-8,28,11
2023,2023_12_BUF_PHI,BUF,tied,26,14
2023,2023_12_BUF_PHI,BUF,up 1-8,30,13
2023,2023_12_BUF_PHI,BUF,up 9+,7,1
2023,2023_12_BUF_PHI,PHI,down 9+,16,9
2023,2023_12_BUF_PHI,PHI,down 1-8,30,13
2023,2023_12_BUF_PHI,PHI,tied,13,7
2023,2023_12_BUF_PHI,PHI,up 1-8,5,2
2023,2023_12_CAR_TEN,CAR,down 9+,17,9
2023,2023_12_CAR_TEN,CAR,down 1-8,46,20
2023,2023_12_CAR_TEN,CAR,tied,4,3
2023,2023_12_CAR_TEN,TEN,tied,19,8
2023,2023_12_CAR_TEN,TEN,up 1-8,24,11
2023,2023_12_CAR_TEN,TEN,up 9+,6,2
2023,2023_12_CHI_MIN,CHI,down 1-8,11,5
2023,2023_12_CHI_MIN,CHI,tied,31,11
2023,2023_12_CHI_MIN,CHI,up 1-8,23,9
2023,2023_12_CHI_MIN,MIN,down 1-8,40,13
2023,2023_12_CHI_MIN,MIN,tied,8,2
2023,2023_12_CHI_MIN,MIN,up 1-8,3,2
2023,2023_12_CLE_DEN,CLE,down 9+,40,11
2023,2023_12_CLE_DEN,CLE,down 1-8,27,11
2023,2023_12_CLE_DEN,CLE,tied,3,1
2023,2023_12_CLE_DEN,DEN,tied,9,6
2023,2023_12_CLE_DEN,DEN,up 1-8,32,20
2023,2023_12_CLE_DEN,DEN,up 9+,17,9
2023,2023_12_GB_DET,DET,down 9+,70,26
2023,2023_12_GB_DET,DET,down 1-8,9,5
2023,2023_12_GB_DET,GB,tied,5,2
2023,2023_12_GB_DET,GB,up 1-8,10,4
2023,2023_12_GB_DET,GB,up 9+,39,15
2023,2023_12_JAX_HOU,HOU,down 9+,15,4
2023,2023_12_JAX_HOU,HOU,down 1-8,39,12
2023,2023_12_JAX_HOU,HOU,tied,4,2
2023,2023_12_JAX_HOU,JAX,down 1-8,8,3
2023,2023_12_JAX_HOU,JAX,tied,11,5
2023,2023_12_JAX_HOU,JAX,up 1-8,44,18
2023,2023_12_JAX_HOU,JAX,up 9+,5,3
2023,2023_12_KC_LV,KC,down 9+,12,6
2023,2023_12_KC_LV,KC,down 1-8,15,3
2023,2023_12_KC_LV,KC,tied,10,5
2023,2023_12_KC_LV,KC,up 1-8,9,2
2023,2023_12_KC_LV,KC,up 9+,10,5
2023,2023_12_KC_LV,LV,down 9+,17,3
2023,2023_12_KC_LV,LV,down 1-8,10,5
2023,2023_12_KC_LV,LV,tied,11,6
2023,2023_12_KC_LV,LV,up 1-8,20,9
2023,2023_12_LA_ARI,ARI,down 9+,43,7
2023,2023_12_LA_ARI,ARI,down 1-8,20,9
2023,2023_12_LA_ARI,ARI,up 1-8,3,0
2023,2023_12_LA_ARI,LA,down 1-8,16,6
2023,2023_12_LA_ARI,LA,tied,9,3
2023,2023_12_LA_ARI,LA,up 1-8,11,5
2023,2023_12_LA_ARI,LA,up 9+,30,19
2023,2023_12_MIA_NYJ,MIA,tied,17,8
2023,2023_12_MIA_NYJ,MIA,up 1-8,16,6
2023,2023_12_MIA_NYJ,MIA,up 9+,34,22
2023,2023_12_MIA_NYJ,NYJ,down 9+,43,5
2023,2023_12_MIA_NYJ,NYJ,down 1-8,4,1
2023,2023_12_MIA_NYJ,NYJ,tied,8,4
2023,2023_12_NE_NYG,NE,down 1-8,29,15
2023,2023_12_NE_NYG,NE,tied,39,16
2023,2023_12_NE_NYG,NYG,tied,42,17
2023,2023_12_NE_NYG,NYG,up 1-8,7,1
2023,2023_12_NO_ATL,ATL,down 1-8,7,5
2023,2023_12_NO_ATL,ATL,tied,3,1
2023,2023_12_NO_ATL,ATL,up 1-8,51,34
2023,2023_12_NO_ATL,NO,down 9+,15,4
2023,2023_12_NO_ATL,NO,down 1-8,33,17
2023,2023_12_NO_ATL,NO,tied,12,6
2023,2023_12_NO_ATL,NO,up 1-8,6,0
2023,2023_12_PIT_CIN,CIN,down 9+,4,0
2023,2023_12_PIT_CIN,CIN,down 1-8,11,1
2023,2023_12_PIT_CIN,CIN,tied,7,3
2023,2023_12_PIT_CIN,CIN,up 1-8,18,6
2023,2023_12_PIT_CIN,PIT,down 1-8,29,13
2023,2023_12_PIT_CIN,PIT,tied,21,10
2023,2023_12_PIT_CIN,PIT,up 1-8,15,7
2023,2023_12_SF_SEA,SEA,down 9+,48,19
2023,2023_12_SF_SEA,SEA,down 1-8,6,2
2023,2023_12_SF_SEA,SF,tied,9,5
2023,2023_12_SF_SEA,SF,up 1-8,16,7
2023,2023_12_SF_SEA,SF,up 9+,38,19
2023,2023_12_TB_IND,IND,down 1-8,9,1
2023,2023_12_TB_IND,IND,tied,4,3
2023,2023_12_TB_IND,IND,up 1-8,44,16
2023,2023_12_TB_IND,IND,up 9+,12,6
2023,2023_12_TB_IND,TB,down 9+,29,8
2023,2023_12_TB_IND,TB,down 1-8,11,6
2023,2023_12_TB_IND,TB,tied,16,5
2023,2023_12_WAS_DAL,DAL,tied,15,5
2023,2023_12_WAS_DAL,DAL,up 1-8,11,3
2023,2023_12_WAS_DAL,DAL,up 9+,25,10
2023,2023_12_WAS_DAL,WAS,down 9+,53,20
2023,2023_12_WAS_DAL,WAS,down 1-8,8,3
2023,2023_12_WAS_DAL,WAS,tied,14,4
2023,2023_13_ARI_PIT,ARI,down 1-8,9,3
2023,2023_13_ARI_PIT,ARI,tied,22,11
2023,2023_13_ARI_PIT,ARI,up 1-8,10,6
2023,2023_13_ARI_PIT,ARI,up 9+,19,15
2023,2023_13_ARI_PIT,PIT,down 9+,21,7
2023,2023_13_ARI_PIT,PIT,down 1-8,7,4
2023,2023_13_ARI_PIT,PIT,tied,26,16
2023,2023_13_ARI_PIT,PIT,up 1-8,3,3
2023,2023_13_ATL_NYJ,ATL,down 1-8,9,6
2023,2023_13_ATL_NYJ,ATL,tied,13,7
2023,2023_13_ATL_NYJ,ATL,up 1-8,41,20
2023,2023_13_ATL_NYJ,NYJ,down 1-8,50,16
2023,2023_13_ATL_NYJ,NYJ,tied,13,7
2023,2023_13_ATL_NYJ,NYJ,up 1-8,4,2
2023,2023_13_CAR_TB,CAR,down 9+,11,6
2023,2023_13_CAR_TB,CAR,down 1-8,56,28
2023,2023_13_CAR_TB,CAR,tied,3,1
2023,2023_13_CAR_TB,TB,down 1-8,1,0
2023,2023_13_CAR_TB,TB,tied,16,9
2023,2023_13_CAR_TB,TB,up 1-8,39,17
2023,2023_13_CIN_JAX,CIN,down 1-8,39,16
2023,2023_13_CIN_JAX,CIN,tied,33,15
2023,2023_13_CIN_JAX,JAX,down 1-8,20,5
2023,2023_13_CIN_JAX,JAX,tied,42,19
2023,2023_13_CIN_JAX,JAX,up 1-8,6,1
2023,2023_13_CLE_LA,CLE,down 9+,4,0
2023,2023_13_CLE_LA,CLE,down 1-8,53,17
2023,2023_13_CLE_LA,CLE,tied,9,4
2023,2023_13_CLE_LA,CLE,up 1-8,3,2
2023,2023_13_CLE_LA,LA,down 1-8,8,3
2023,2023_13_CLE_LA,LA,tied,19,6
2023,2023_13_CLE_LA,LA,up 1-8,34,15
2023,2023_13_DEN_HOU,DEN,down 9+,35,20
2023,2023_13_DEN_HOU,DEN,down 1-8,20,8
2023,2023_13_DEN_HOU,DEN,tied,3,1
2023,2023_13_DEN_HOU,HOU,tied,7,4
2023,2023_13_DEN_HOU,HOU,up 1-8,31,14
2023,2023_13_DEN_HOU,HOU,up 9+,25,11
2023,2023_13_DET_NO,DET,tied,7,6
2023,2023_13_DET_NO,DET,up 1-8,20,10
2023,2023_13_DET_NO,DET,up 9+,28,12
2023,2023_13_DET_NO,NO,down 9+,56,30
2023,2023_13_DET_NO,NO,down 1-8,10,5
2023,2023_13_IND_TEN,IND,down 9+,7,1
2023,2023_13_IND_TEN,IND,down 1-8,47,17
2023,2023_13_IND_TEN,IND,tied,10,2
2023,2023_13_IND_TEN,IND,up 1-8,4,2
2023,2023_13_IND_TEN,TEN,down 1-8,15,7
2023,2023_13_IND_TEN,TEN,tied,45,21
2023,2023_13_IND_TEN,TEN,up 1-8,20,13
2023,2023_13_KC_GB,GB,tied,13,7
2023,2023_13_KC_GB,GB,up 1-8,50,18
2023,2023_13_KC_GB,KC,down 9+,24,13
2023,2023_13_KC_GB,KC,down 1-8,37,12
2023,2023_13_LAC_NE,LAC,tied,18,7
2023,2023_13_LAC_NE,LAC,up 1-8,41,15
2023,2023_13_LAC_NE,NE,down 1-8,40,17
2023,2023_13_LAC_NE,NE,tied,22,15
2023,2023_13_MIA_WAS,MIA,tied,3,1
2023,2023_13_MIA_WAS,MIA,up 1-8,7,2
2023,2023_13_MIA_WAS,MIA,up 9+,49,31
2023,2023_13_MIA_WAS,WAS,down 9+,44,24
2023,2023_13_MIA_WAS,WAS,down 1-8,3,1
2023,2023_13_MIA_WAS,WAS,tied,8,3
2023,2023_13_SEA_DAL,DAL,down 1-8,33,13
2023,2023_13_SEA_DAL,DAL,tied,13,4
2023,2023_13_SEA_DAL,DAL,up 1-8,32,15
2023,2023_13_SEA_DAL,SEA,down 9+,7,3
2023,2023_13_SEA_DAL,SEA,down 1-8,28,7
2023,2023_13_SEA_DAL,SEA,up 1-8,28,12
2023,2023_13_SF_PHI,PHI,down 9+,37,9
2023,2023_13_SF_PHI,PHI,down 1-8,8,1
2023,2023_13_SF_PHI,PHI,tied,11,4
2023,2023_13_SF_PHI,PHI,up 1-8,14,4
2023,2023_13_SF_PHI,SF,down 1-8,17,5
2023,2023_13_SF_PHI,SF,up 1-8,22,11
2023,2023_13_SF_PHI,SF,up 9+,17,11
2023,2023_14_BUF_KC,BUF,tied,27,11
2023,2023_14_BUF_KC,BUF,up 1-8,35,13
2023,2023_14_BUF_KC,BUF,up 9+,8,2
2023,2023_14_BUF_KC,KC,down 9+,25,7
2023,2023_14_BUF_KC,KC,down 1-8,21,4
2023,2023_14_BUF_KC,KC,tied,16,7
2023,2023_14_CAR_NO,CAR,down 9+,38,12
2023,2023_14_CAR_NO,CAR,down 1-8,30,21
2023,2023_14_CAR_NO,CAR,tied,11,6
2023,2023_14_CAR_NO,NO,tied,19,11
2023,2023_14_CAR_NO,NO,up 1-8,17,7
2023,2023_14_CAR_NO,NO,up 9+,14,5
2023,2023_14_DEN_LAC,DEN,tied,10,4
2023,2023_14_DEN_LAC,DEN,up 1-8,24,8
2023,2023_14_DEN_LAC,DEN,up 9+,29,16
2023,2023_14_DEN_LAC,LAC,down 9+,33,10
2023,2023_14_DEN_LAC,LAC,down 1-8,22,4
2023,2023_14_DEN_LAC,LAC,tied,12,5
2023,2023_14_DET_CHI,CHI,down 1-8,13,3
2023,2023_14_DET_CHI,CHI,tied,18,8
2023,2023_14_DET_CHI,CHI,up 1-8,17,7
2023,2023_14_DET_CHI,CHI,up 9+,17,10
2023,2023_14_DET_CHI,DET,down 9+,35,11
2023,2023_14_DET_CHI,DET,down 1-8,19,10
2023,2023_14_DET_CHI,DET,tied,6,2
2023,2023_14_DET_CHI,DET,up 1-8,3,1
2023,2023_14_GB_NYG,GB,down 1-8,33,12
2023,2023_14_GB_NYG,GB,tied,33,13
2023,2023_14_GB_NYG,GB,up 1-8,1,1
2023,2023_14_GB_NYG,NYG,down 1-8,21,14
2023,2023_14_GB_NYG,NYG,tied,17,9
2023,2023_14_GB_NYG,NYG,up 1-8,16,10
2023,2023_14_HOU_NYJ,HOU,down 9+,21,5
2023,2023_14_HOU_NYJ,HOU,down 1-8,3,1
2023,2023_14_HOU_NYJ,HOU,tied,28,13
2023,2023_14_HOU_NYJ,NYJ,tied,33,11
2023,2023_14_HOU_NYJ,NYJ,up 1-8,18,6
2023,2023_14_HOU_NYJ,NYJ,up 9+,14,8
2023,2023_14_IND_CIN,CIN,tied,17,7
2023,2023_14_IND_CIN,CIN,up 1-8,24,13
2023,2023_14_IND_CIN,CIN,up 9+,16,12
2023,2023_14_IND_CIN,IND,down 9+,36,13
2023,2023_14_IND_CIN,IND,down 1-8,15,3
2023,2023_14_IND_CIN,IND,tied,9,1
2023,2023_14_JAX_CLE,CLE,tied,6,2
2023,2023_14_JAX_CLE,CLE,up 1-8,57,20
2023,2023_14_JAX_CLE,CLE,up 9+,8,3
2023,2023_14_JAX_CLE,JAX,down 9+,36,11
2023,2023_14_JAX_CLE,JAX,down 1-8,38,8
2023,2023_14_LA_BAL,BAL,down 1-8,56,17
2023,2023_14_LA_BAL,BAL,tied,11,6
2023,2023_14_LA_BAL,BAL,up 1-8,4,2
2023,2023_14_LA_BAL,LA,down 1-8,33,10
2023,2023_14_LA_BAL,LA,tied,20,13
2023,2023_14_LA_BAL,LA,up 1-8,20,6
2023,2023_14_MIN_LV,LV,down 1-8,2,0
2023,2023_14_MIN_LV,LV,tied,51,17
2023,2023_14_MIN_LV,MIN,tied,68,27
2023,2023_14_MIN_LV,MIN,up 1-8,3,3
2023,2023_14_NE_PIT,NE,tied,8,4
2023,2023_14_NE_PIT,NE,up 1-8,21,11
2023,2023_14_NE_PIT,NE,up 9+,26,10
2023,2023_14_NE_PIT,PIT,down 9+,36,18
2023,2023_14_NE_PIT,PIT,down 1-8,30,9
2023,2023_14_PHI_DAL,DAL,tied,10,5
2023,2023_14_PHI_DAL,DAL,up 1-8,24,12
2023,2023_14_PHI_DAL,DAL,up 9+,40,15
2023,2023_14_PHI_DAL,PHI,down 9+,44,19
2023,2023_14_PHI_DAL,PHI,down 1-8,8,4
2023,2023_14_SEA_SF,SEA,down 9+,18,3
2023,2023_14_SEA_SF,SEA,down 1-8,24,9
2023,2023_14_SEA_SF,SEA,tied,9,5
2023,2023_14_SEA_SF,SEA,up 1-8,5,3
2023,2023_14_SEA_SF,SF,down 1-8,9,2
2023,2023_14_SEA_SF,SF,tied,8,4
2023,2023_14_SEA_SF,SF,up 1-8,21,7
2023,2023_14_SEA_SF,SF,up 9+,14,9
2023,2023_14_TB_ATL,ATL,down 9+,15,8
2023,2023_14_TB_ATL,ATL,down 1-8,47,17
2023,2023_14_TB_ATL,ATL,tied,6,1
2023,2023_14_TB_ATL,ATL,up 1-8,1,0
2023,2023_14_TB_ATL,TB,down 1-8,12,5
2023,2023_14_TB_ATL,TB,tied,25,13
2023,2023_14_TB_ATL,TB,up 1-8,27,17
2023,2023_14_TB_ATL,TB,up 9+,3,2
2023,2023_14_TEN_MIA,MIA,down 1-8,22,7
2023,2023_14_TEN_MIA,MIA,tied,32,13
2023,2023_14_TEN_MIA,MIA,up 1-8,15,11
2023,2023_14_TEN_MIA,TEN,down 9+,9,0
2023,2023_14_TEN_MIA,TEN,down 1-8,25,14
2023,2023_14_TEN_MIA,TEN,tied,34,14
2023,2023_15_ATL_CAR,ATL,tied,30,19
2023,2023_15_ATL_CAR,ATL,up 1-8,20,11
2023,2023_15_ATL_CAR,CAR,down 1-8,43,25
2023,2023_15_ATL_CAR,CAR,tied,17,8
2023,2023_15_BAL_JAX,BAL,tied,10,4
2023,2023_15_BAL_JAX,BAL,up 1-8,31,17
2023,2023_15_BAL_JAX,BAL,up 9+,28,21
2023,2023_15_BAL_JAX,JAX,down 9+,29,5
2023,2023_15_BAL_JAX,JAX,down 1-8,26,10
2023,2023_15_BAL_JAX,JAX,tied,6,2
2023,2023_15_CHI_CLE,CHI,down 1-8,5,0
2023,2023_15_CHI_CLE,CHI,tied,38,12
2023,2023_15_CHI_CLE,CHI,up 1-8,17,10
2023,2023_15_CHI_CLE,CHI,up 9+,10,5
2023,2023_15_CHI_CLE,CLE,down 9+,13,1
2023,2023_15_CHI_CLE,CLE,down 1-8,24,8
2023,2023_15_CHI_CLE,CLE,tied,30,9
2023,2023_15_DAL_BUF,BUF,tied,12,9
2023,2023_15_DAL_BUF,BUF,up 1-8,14,7
2023,2023_15_DAL_BUF,BUF,up 9+,36,30
2023,2023_15_DAL_BUF,DAL,down 9+,46,15
2023,2023_15_DAL_BUF,DAL,down 1-8,11,5
2023,2023_15_DEN_DET,DEN,down 9+,45,20
2023,2023_15_DEN_DET,DEN,down 1-8,3,1
2023,2023_15_DEN_DET,DEN,tied,13,6
2023,2023_15_DEN_DET,DET,tied,22,6
2023,2023_15_DEN_DET,DET,up 1-8,6,1
2023,2023_15_DEN_DET,DET,up 9+,36,21
2023,2023_15_HOU_TEN,HOU,down 9+,27,16
2023,2023_15_HOU_TEN,HOU,down 1-8,28,10
2023,2023_15_HOU_TEN,HOU,tied,17,6
2023,2023_15_HOU_TEN,TEN,tied,31,15
2023,2023_15_HOU_TEN,TEN,up 1-8,21,10
2023,2023_15_HOU_TEN,TEN,up 9+,11,5
2023,2023_15_KC_NE,KC,down 1-8,11,4
2023,2023_15_KC_NE,KC,tied,9,1
2023,2023_15_KC_NE,KC,up 1-8,15,3
2023,2023_15_KC_NE,KC,up 9+,23,9
2023,2023_15_KC_NE,NE,down 9+,21,8
2023,2023_15_KC_NE,NE,down 1-8,15,4
2023,2023_15_KC_NE,NE,tied,15,4
2023,2023_15_LAC_LV,LAC,down 9+,56,26
2023,2023_15_LAC_LV,LAC,down 1-8,4,1
2023,2023_15_LAC_LV,LAC,tied,3,1
2023,2023_15_LAC_LV,LV,tied,12,5
2023,2023_15_LAC_LV,LV,up 1-8,4,1
2023,2023_15_LAC_LV,LV,up 9+,47,20
2023,2023_15_MIN_CIN,CIN,down 9+,12,3
2023,2023_15_MIN_CIN,CIN,down 1-8,38,12
2023,2023_15_MIN_CIN,CIN,tied,17,5
2023,2023_15_MIN_CIN,MIN,down 1-8,12,9
2023,2023_15_MIN_CIN,MIN,tied,15,8
2023,2023_15_MIN_CIN,MIN,up 1-8,33,11
2023,2023_15_MIN_CIN,MIN,up 9+,7,2
2023,2023_15_NYG_NO,NO,down 1-8,14,6
2023,2023_15_NYG_NO,NO,up 1-8,25,9
2023,2023_15_NYG_NO,NO,up 9+,16,10
2023,2023_15_NYG_NO,NYG,down 9+,23,3
2023,2023_15_NYG_NO,NYG,down 1-8,26,9
2023,2023_15_NYG_NO,NYG,tied,8,4
2023,2023_15_NYG_NO,NYG,up 1-8,3,0
2023,2023_15_NYJ_MIA,MIA,tied,8,4
2023,2023_15_NYJ_MIA,MIA,up 1-8,8,3
2023,2023_15_NYJ_MIA,MIA,up 9+,39,19
2023,2023_15_NYJ_MIA,NYJ,down 9+,44,8
2023,2023_15_NYJ_MIA,NYJ,down 1-8,7,2
2023,2023_15_NYJ_MIA,NYJ,tied,4,2
2023,2023_15_PHI_SEA,PHI,down 1-8,3,1
2023,2023_15_PHI_SEA,PHI,tied,27,15
2023,2023_15_PHI_SEA,PHI,up 1-8,39,22
2023,2023_15_PHI_SEA,SEA,down 9+,11,5
2023,2023_15_PHI_SEA,SEA,down 1-8,47,18
2023,2023_15_PIT_IND,IND,down 9+,7,1
2023,2023_15_PIT_IND,IND,down 1-8,19,8
2023,2023_15_PIT_IND,IND,tied,9,2
2023,2023_15_PIT_IND,IND,up 1-8,8,2
2023,2023_15_PIT_IND,IND,up 9+,21,20
2023,2023_15_PIT_IND,PIT,down 9+,21,8
2023,2023_15_PIT_IND,PIT,down 1-8,7,2
2023,2023_15_PIT_IND,PIT,tied,15,8
2023,2023_15_PIT_IND,PIT,up 1-8,11,6
2023,2023_15_SF_ARI,ARI,down 9+,40,11
2023,2023_15_SF_ARI,ARI,down 1-8,20,12
2023,2023_15_SF_ARI,ARI,tied,13,7
2023,2023_15_SF_ARI,SF,down 1-8,8,4
2023,2023_15_SF_ARI,SF,up 1-8,22,6
2023,2023_15_SF_ARI,SF,up 9+,21,14
2023,2023_15_TB_GB,GB,down 9+,29,5
2023,2023_15_TB_GB,GB,down 1-8,23,11
2023,2023_15_TB_GB,GB,tied,5,0
2023,2023_15_TB_GB,TB,down 1-8,7,3
2023,2023_15_TB_GB,TB,tied,20,8
2023,2023_15_TB_GB,TB,up 1-8,25,8
2023,2023_15_TB_GB,TB,up 9+,6,6
2023,2023_15_WAS_LA,LA,tied,10,4
2023,2023_15_WAS_LA,LA,up 1-8,27,18
2023,2023_15_WAS_LA,LA,up 9+,37,16
2023,2023_15_WAS_LA,WAS,down 9+,39,13
2023,2023_15_WAS_LA,WAS,down 1-8,16,8
2023,2023_15_WAS_LA,WAS,tied,3,0
2023,2023_16_ARI_CHI,ARI,down 9+,40,13
2023,2023_16_ARI_CHI,ARI,down 1-8,14,3
2023,2023_16_ARI_CHI,ARI,tied,6,4
2023,2023_16_ARI_CHI,CHI,tied,10,6
2023,2023_16_ARI_CHI,CHI,up 1-8,20,13
2023,2023_16_ARI_CHI,CHI,up 9+,37,20
2023,2023_16_BAL_SF,BAL,down 1-8,18,6
2023,2023_16_BAL_SF,BAL,tied,7,2
2023,2023_16_BAL_SF,BAL,up 1-8,16,3
2023,2023_16_BAL_SF,BAL,up 9+,21,14
2023,2023_16_BAL_SF,SF,down 9+,38,6
2023,2023_16_BAL_SF,SF,down 1-8,12,6
2023,2023_16_BAL_SF,SF,tied,5,0
2023,2023_16_BAL_SF,SF,up 1-8,13,6
2023,2023_16_BUF_LAC,BUF,down 9+,6,3
2023,2023_16_BUF_LAC,BUF,down 1-8,25,16
2023,2023_16_BUF_LAC,BUF,tied,5,1
2023,2023_16_BUF_LAC,BUF,up 1-8,16,10
2023,2023_16_BUF_LAC,LAC,down 1-8,34,10
2023,2023_16_BUF_LAC,LAC,tied,13,6
2023,2023_16_BUF_LAC,LAC,up 1-8,15,10
2023,2023_16_BUF_LAC,LAC,up 9+,3,1
2023,2023_16_CIN_PIT,CIN,down 9+,46,12
2023,2023_16_CIN_PIT,CIN,down 1-8,10,3
2023,2023_16_CIN_PIT,CIN,tied,6,1
2023,2023_16_CIN_PIT,PIT,tied,2,1
2023,2023_16_CIN_PIT,PIT,up 1-8,10,6
2023,2023_16_CIN_PIT,PIT,up 9+,46,23
2023,2023_16_CLE_HOU,CLE,tied,4,2
2023,2023_16_CLE_HOU,CLE,up 1-8,22,7
2023,2023_16_CLE_HOU,CLE,up 9+,51,22
2023,2023_16_CLE_HOU,HOU,down 9+,49,7
2023,2023_16_CLE_HOU,HOU,down 1-8,19,9
2023,2023_16_DAL_MIA,DAL,down 9+,14,5
2023,2023_16_DAL_MIA,DAL,down 1-8,23,6
2023,2023_16_DAL_MIA,DAL,tied,15,8
2023,2023_16_DAL_MIA,DAL,up 1-8,8,5
2023,2023_16_DAL_MIA,MIA,down 1-8,34,12
2023,2023_16_DAL_MIA,MIA,tied,9,4
2023,2023_16_DAL_MIA,MIA,up 1-8,19,8
2023,2023_16_DET_MIN,DET,down 1-8,13,7
2023,2023_16_DET_MIN,DET,tied,32,14
2023,2023_16_DET_MIN,DET,up 1-8,27,12
2023,2023_16_DET_MIN,DET,up 9+,3,1
2023,2023_16_DET_MIN,MIN,down 9+,16,2
2023,2023_16_DET_MIN,MIN,down 1-8,27,7
2023,2023_16_DET_MIN,MIN,tied,7,2
2023,2023_16_GB_CAR,CAR,down 9+,38,18
2023,2023_16_GB_CAR,CAR,down 1-8,19,6
2023,2023_16_GB_CAR,CAR,tied,6,2
2023,2023_16_GB_CAR,GB,tied,15,11
2023,2023_16_GB_CAR,GB,up 1-8,39,21
2023,2023_16_GB_CAR,GB,up 9+,9,2
2023,2023_16_IND_ATL,ATL,down 1-8,5,1
2023,2023_16_IND_ATL,ATL,tied,20,8
2023,2023_16_IND_ATL,ATL,up 1-8,14,6
2023,2023_16_IND_ATL,ATL,up 9+,24,15
2023,2023_16_IND_ATL,IND,down 9+,33,10
2023,2023_16_IND_ATL,IND,down 1-8,3,1
2023,2023_16_IND_ATL,IND,tied,31,13
2023,2023_16_JAX_TB,JAX,down 9+,56,10
2023,2023_16_JAX_TB,JAX,down 1-8,7,3
2023,2023_16_JAX_TB,TB,tied,13,6
2023,2023_16_JAX_TB,TB,up 1-8,11,6
2023,2023_16_JAX_TB,TB,up 9+,46,21
2023,2023_16_LV_KC,KC,down 9+,51,15
2023,2023_16_LV_KC,KC,down 1-8,16,6
2023,2023_16_LV_KC,KC,tied,6,3
2023,2023_16_LV_KC,KC,up 1-8,1,1
2023,2023_16_LV_KC,LV,down 1-8,5,4
2023,2023_16_LV_KC,LV,tied,17,5
2023,2023_16_LV_KC,LV,up 1-8,8,5
2023,2023_16_LV_KC,LV,up 9+,20,13
2023,2023_16_NE_DEN,DEN,down 9+,13,6
2023,2023_16_NE_DEN,DEN,down 1-8,20,3
2023,2023_16_NE_DEN,DEN,tied,15,8
2023,2023_16_NE_DEN,DEN,up 1-8,18,6
2023,2023_16_NE_DEN,NE,down 1-8,26,10
2023,2023_16_NE_DEN,NE,tied,15,8
2023,2023_16_NE_DEN,NE,up 1-8,11,1
2023,2023_16_NE_DEN,NE,up 9+,3,2
2023,2023_16_NO_LA,LA,tied,14,7
2023,2023_16_NO_LA,LA,up 1-8,18,8
2023,2023_16_NO_LA,LA,up 9+,34,16
2023,2023_16_NO_LA,NO,down 9+,36,9
2023,2023_16_NO_LA,NO,down 1-8,14,3
2023,2023_16_NO_LA,NO,tied,8,3
2023,2023_16_NYG_PHI,NYG,down 9+,35,21
2023,2023_16_NYG_PHI,NYG,down 1-8,20,4
2023,2023_16_NYG_PHI,NYG,tied,3,2
2023,2023_16_NYG_PHI,PHI,tied,2,2
2023,2023_16_NYG_PHI,PHI,up 1-8,36,18
2023,2023_16_NYG_PHI,PHI,up 9+,36,15
2023,2023_16_SEA_TEN,SEA,down 1-8,48,16
2023,2023_16_SEA_TEN,SEA,tied,11,4
2023,2023_16_SEA_TEN,TEN,down 1-8,20,9
2023,2023_16_SEA_TEN,TEN,tied,18,7
2023,2023_16_SEA_TEN,TEN,up 1-8,25,15
2023,2023_16_WAS_NYJ,NYJ,down 1-8,15,3
2023,2023_16_WAS_NYJ,NYJ,tied,4,0
2023,2023_16_WAS_NYJ,NYJ,up 1-8,7,2
2023,2023_16_WAS_NYJ,NYJ,up 9+,59,31
2023,2023_16_WAS_NYJ,WAS,down 9+,43,14
2023,2023_16_WAS_NYJ,WAS,down 1-8,10,5
2023,2023_16_WAS_NYJ,WAS,tied,2,0
2023,2023_16_WAS_NYJ,WAS,up 1-8,3,3
2023,2023_17_ARI_PHI,ARI,down 9+,27,17
2023,2023_17_ARI_PHI,ARI,down 1-8,32,16
2023,2023_17_ARI_PHI,ARI,tied,13,7
2023,2023_17_ARI_PHI,PHI,down 1-8,14,6
2023,2023_17_ARI_PHI,PHI,tied,21,16
2023,2023_17_ARI_PHI,PHI,up 1-8,12,1
2023,2023_17_ATL_CHI,ATL,down 9+,42,14
2023,2023_17_ATL_CHI,ATL,down 1-8,12,8
2023,2023_17_ATL_CHI,ATL,tied,5,2
2023,2023_17_ATL_CHI,CHI,tied,7,2
2023,2023_17_ATL_CHI,CHI,up 1-8,23,13
2023,2023_17_ATL_CHI,CHI,up 9+,42,22
2023,2023_17_CAR_JAX,CAR,down 9+,34,10
2023,2023_17_CAR_JAX,CAR,down 1-8,19,5
2023,2023_17_CAR_JAX,JAX,tied,12,6
2023,2023_17_CAR_JAX,JAX,up 1-8,21,6
2023,2023_17_CAR_JAX,JAX,up 9+,25,19
2023,2023_17_CIN_KC,CIN,down 1-8,26,7
2023,2023_17_CIN_KC,CIN,tied,14,8
2023,2023_17_CIN_KC,CIN,up 1-8,31,17
2023,2023_17_CIN_KC,KC,down 9+,5,1
2023,2023_17_CIN_KC,KC,down 1-8,31,9
2023,2023_17_CIN_KC,KC,up 1-8,15,10
2023,2023_17_DET_DAL,DAL,down 1-8,27,9
2023,2023_17_DET_DAL,DAL,up 1-8,34,11
2023,2023_17_DET_DAL,DET,down 1-8,44,21
2023,2023_17_DET_DAL,DET,tied,16,7
2023,2023_17_DET_DAL,DET,up 1-8,5,3
2023,2023_17_GB_MIN,GB,tied,14,5
2023,2023_17_GB_MIN,GB,up 1-8,12,7
2023,2023_17_GB_MIN,GB,up 9+,45,25
2023,2023_17_GB_MIN,MIN,down 9+,46,12
2023,2023_17_GB_MIN,MIN,down 1-8,2,1
2023,2023_17_GB_MIN,MIN,tied,3,2
2023,2023_17_LAC_DEN,DEN,tied,22,11
2023,2023_17_LAC_DEN,DEN,up 1-8,27,12
2023,2023_17_LAC_DEN,DEN,up 9+,16,8
2023,2023_17_LAC_DEN,LAC,down 9+,33,11
2023,2023_17_LAC_DEN,LAC,down 1-8,23,10
2023,2023_17_LAC_DEN,LAC,tied,6,3
2023,2023_17_LA_NYG,LA,tied,35,11
2023,2023_17_LA_NYG,LA,up 1-8,22,10
2023,2023_17_LA_NYG,LA,up 9+,3,1
2023,2023_17_LA_NYG,NYG,down 9+,9,5
2023,2023_17_LA_NYG,NYG,down 1-8,48,13
2023,2023_17_LA_NYG,NYG,tied,10,2
2023,2023_17_LV_IND,IND,tied,6,5
2023,2023_17_LV_IND,IND,up 1-8,43,20
2023,2023_17_LV_IND,IND,up 9+,3,3
2023,2023_17_LV_IND,LV,down 9+,40,13
2023,2023_17_LV_IND,LV,down 1-8,34,12
2023,2023_17_MIA_BAL,BAL,down 1-8,21,10
2023,2023_17_MIA_BAL,BAL,up 1-8,5,1
2023,2023_17_MIA_BAL,BAL,up 9+,27,19
2023,2023_17_MIA_BAL,MIA,down 9+,35,14
2023,2023_17_MIA_BAL,MIA,down 1-8,13,4
2023,2023_17_MIA_BAL,MIA,tied,13,6
2023,2023_17_MIA_BAL,MIA,up 1-8,6,1
2023,2023_17_NE_BUF,BUF,down 1-8,15,8
2023,2023_17_NE_BUF,BUF,up 1-8,45,23
2023,2023_17_NE_BUF,BUF,up 9+,6,4
2023,2023_17_NE_BUF,NE,down 9+,24,12
2023,2023_17_NE_BUF,NE,down 1-8,23,9
2023,2023_17_NE_BUF,NE,up 1-8,5,2
2023,2023_17_NO_TB,NO,tied,14,7
2023,2023_17_NO_TB,NO,up 1-8,18,8
2023,2023_17_NO_TB,NO,up 9+,35,17
2023,2023_17_NO_TB,TB,down 9+,35,7
2023,2023_17_NO_TB,TB,down 1-8,15,7
2023,2023_17_NYJ_CLE,CLE,tied,14,6
2023,2023_17_NYJ_CLE,CLE,up 1-8,4,1
2023,2023_17_NYJ_CLE,CLE,up 9+,40,21
2023,2023_17_NYJ_CLE,NYJ,down 9+,59,15
2023,2023_17_NYJ_CLE,NYJ,down 1-8,9,6
2023,2023_17_PIT_SEA,PIT,down 1-8,9,7
2023,2023_17_PIT_SEA,PIT,tied,33,21
2023,2023_17_PIT_SEA,PIT,up 1-8,28,17
2023,2023_17_PIT_SEA,SEA,down 9+,10,1
2023,2023_17_PIT_SEA,SEA,down 1-8,36,13
2023,2023_17_PIT_SEA,SEA,tied,3,1
2023,2023_17_SF_WAS,SF,tied,20,10
2023,2023_17_SF_WAS,SF,up 1-8,25,15
2023,2023_17_SF_WAS,SF,up 9+,21,12
2023,2023_17_SF_WAS,WAS,down 9+,27,9
2023,2023_17_SF_WAS,WAS,down 1-8,16,5
2023,2023_17_TEN_HOU,HOU,tied,12,5
2023,2023_17_TEN_HOU,HOU,up 1-8,13,5
2023,2023_17_TEN_HOU,HOU,up 9+,36,18
2023,2023_17_TEN_HOU,TEN,down 9+,41,15
2023,2023_17_TEN_HOU,TEN,down 1-8,9,5
2023,2023_17_TEN_HOU,TEN,tied,3,1
2023,2023_18_ATL_NO,ATL,down 9+,30,14
2023,2023_18_ATL_NO,ATL,down 1-8,12,2
2023,2023_18_ATL_NO,ATL,tied,18,9
2023,2023_18_ATL_NO,NO,down 1-8,23,13
2023,2023_18_ATL_NO,NO,tied,19,8
2023,2023_18_ATL_NO,NO,up 1-8,5,3
2023,2023_18_ATL_NO,NO,up 9+,19,11
2023,2023_18_BUF_MIA,BUF,down 1-8,38,15
2023,2023_18_BUF_MIA,BUF,tied,26,11
2023,2023_18_BUF_MIA,BUF,up 1-8,11,8
2023,2023_18_BUF_MIA,MIA,down 1-8,7,0
2023,2023_18_BUF_MIA,MIA,tied,34,19
2023,2023_18_BUF_MIA,MIA,up 1-8,7,1
2023,2023_18_CHI_GB,CHI,down 1-8,32,19
2023,2023_18_CHI_GB,CHI,tied,9,4
2023,2023_18_CHI_GB,CHI,up 1-8,5,2
2023,2023_18_CHI_GB,GB,down 1-8,22,9
2023,2023_18_CHI_GB,GB,up 1-8,36,16
2023,2023_18_CLE_CIN,CIN,tied,11,7
2023,2023_18_CLE_CIN,CIN,up 1-8,5,2
2023,2023_18_CLE_CIN,CIN,up 9+,45,21
2023,2023_18_CLE_CIN,CLE,down 9+,43,19
2023,2023_18_CLE_CIN,CLE,down 1-8,3,2
2023,2023_18_CLE_CIN,CLE,tied,6,2
2023,2023_18_DAL_WAS,DAL,down 1-8,7,5
2023,2023_18_DAL_WAS,DAL,tied,15,6
2023,2023_18_DAL_WAS,DAL,up 1-8,13,3
2023,2023_18_DAL_WAS,DAL,up 9+,34,15
2023,2023_18_DAL_WAS,WAS,down 9+,15,6
2023,2023_18_DAL_WAS,WAS,down 1-8,16,4
2023,2023_18_DAL_WAS,WAS,tied,17,6
2023,2023_18_DEN_LV,DEN,down 9+,30,11
2023,2023_18_DEN_LV,DEN,down 1-8,20,5
2023,2023_18_DEN_LV,DEN,tied,8,3
2023,2023_18_DEN_LV,LV,tied,23,11
2023,2023_18_DEN_LV,LV,up 1-8,14,3
2023,2023_18_DEN_LV,LV,up 9+,26,15
2023,2023_18_HOU_IND,HOU,down 1-8,1,0
2023,2023_18_HOU_IND,HOU,tied,19,8
2023,2023_18_HOU_IND,HOU,up 1-8,36,20
2023,2023_18_HOU_IND,IND,down 9+,5,2
2023,2023_18_HOU_IND,IND,down 1-8,42,24
2023,2023_18_HOU_IND,IND,tied,16,11
2023,2023_18_JAX_TEN,JAX,down 9+,30,9
2023,2023_18_JAX_TEN,JAX,down 1-8,26,9
2023,2023_18_JAX_TEN,JAX,tied,10,5
2023,2023_18_JAX_TEN,TEN,down 1-8,15,6
2023,2023_18_JAX_TEN,TEN,up 1-8,28,14
2023,2023_18_JAX_TEN,TEN,up 9+,9,3
2023,2023_18_KC_LAC,KC,down 1-8,8,7
2023,2023_18_KC_LAC,KC,tied,3,1
2023,2023_18_KC_LAC,KC,up 1-8,47,19
2023,2023_18_KC_LAC,LAC,down 9+,4,0
2023,2023_18_KC_LAC,LAC,down 1-8,58,22
2023,2023_18_KC_LAC,LAC,tied,18,8
2023,2023_18_LA_SF,LA,down 9+,20,12
2023,2023_18_LA_SF,LA,down 1-8,36,19
2023,2023_18_LA_SF,LA,up 1-8,6,4
2023,2023_18_LA_SF,SF,down 1-8,6,0
2023,2023_18_LA_SF,SF,tied,28,19
2023,2023_18_LA_SF,SF,up 1-8,23,10
2023,2023_18_MIN_DET,DET,tied,7,2
2023,2023_18_MIN_DET,DET,up 1-8,28,12
2023,2023_18_MIN_DET,DET,up 9+,21,9
2023,2023_18_MIN_DET,MIN,down 9+,53,15
2023,2023_18_MIN_DET,MIN,down 1-8,11,4
2023,2023_18_MIN_DET,MIN,tied,6,3
2023,2023_18_NYJ_NE,NE,down 9+,6,1
2023,2023_18_NYJ_NE,NE,down 1-8,43,17
2023,2023_18_NYJ_NE,NE,tied,9,3
2023,2023_18_NYJ_NE,NYJ,tied,22,13
2023,2023_18_NYJ_NE,NYJ,up 1-8,40,28
2023,2023_18_NYJ_NE,NYJ,up 9+,2,2
2023,2023_18_PHI_NYG,NYG,tied,12,5
2023,2023_18_PHI_NYG,NYG,up 1-8,12,6
2023,2023_18_PHI_NYG,NYG,up 9+,42,19
2023,2023_18_PHI_NYG,PHI,down 9+,46,17
2023,2023_18_PHI_NYG,PHI,down 1-8,14,5
2023,2023_18_PHI_NYG,PHI,tied,5,2
2023,2023_18_PIT_BAL,BAL,down 9+,11,4
2023,2023_18_PIT_BAL,BAL,down 1-8,29,14
2023,2023_18_PIT_BAL,BAL,tied,16,6
2023,2023_18_PIT_BAL,PIT,tied,40,24
2023,2023_18_PIT_BAL,PIT,up 1-8,21,14
2023,2023_18_SEA_ARI,ARI,down 1-8,32,14
2023,2023_18_SEA_ARI,ARI,tied,25,15
2023,2023_18_SEA_ARI,ARI,up 1-8,12,9
2023,2023_18_SEA_ARI,SEA,down 1-8,8,1
2023,2023_18_SEA_ARI,SEA,tied,26,16
2023,2023_18_SEA_ARI,SEA,up 1-8,20,8
2023,2023_18_TB_CAR,CAR,down 9+,8,5
2023,2023_18_TB_CAR,CAR,down 1-8,24,13
2023,2023_18_TB_CAR,CAR,tied,18,11
2023,2023_18_TB_CAR,TB,tied,28,10
2023,2023_18_TB_CAR,TB,up 1-8,24,8
2023,2023_18_TB_CAR,TB,up 9+,9,8
2024,2024_01_ARI_BUF,ARI,down 1-8,20,8
2024,2024_01_ARI_BUF,ARI,tied,18,9
2024,2024_01_ARI_BUF,ARI,up 1-8,22,8
2024,2024_01_ARI_BUF,BUF,down 9+,15,10
2024,2024_01_ARI_BUF,BUF,down 1-8,14,6
2024,2024_01_ARI_BUF,BUF,tied,8,4
2024,2024_01_ARI_BUF,BUF,up 1-8,20,12
2024,2024_01_BAL_KC,BAL,down 9+,26,12
2024,2024_01_BAL_KC,BAL,down 1-8,32,12
2024,2024_01_BAL_KC,BAL,tied,16,8
2024,2024_01_BAL_KC,KC,down 1-8,5,2
2024,2024_01_BAL_KC,KC,tied,8,1
2024,2024_01_BAL_KC,KC,up 1-8,27,12
2024,2024_01_BAL_KC,KC,up 9+,9,4
2024,2024_01_CAR_NO,CAR,down 9+,54,20
2024,2024_01_CAR_NO,CAR,down 1-8,1,0
2024,2024_01_CAR_NO,NO,tied,5,2
2024,2024_01_CAR_NO,NO,up 1-8,3,2
2024,2024_01_CAR_NO,NO,up 9+,54,33
2024,2024_01_DAL_CLE,CLE,down 9+,56,15
2024,2024_01_DAL_CLE,CLE,down 1-8,9,2
2024,2024_01_DAL_CLE,CLE,tied,5,2
2024,2024_01_DAL_CLE,DAL,down 1-8,6,2
2024,2024_01_DAL_CLE,DAL,tied,3,1
2024,2024_01_DAL_CLE,DAL,up 1-8,22,10
2024,2024_01_DAL_CLE,DAL,up 9+,28,11
2024,2024_01_DEN_SEA,DEN,down 9+,18,4
2024,2024_01_DEN_SEA,DEN,down 1-8,11,5
2024,2024_01_DEN_SEA,DEN,tied,15,7
2024,2024_01_DEN_SEA,DEN,up 1-8,25,9
2024,2024_01_DEN_SEA,SEA,down 1-8,27,14
2024,2024_01_DEN_SEA,SEA,tied,2,0
2024,2024_01_DEN_SEA,SEA,up 1-8,20,11
2024,2024_01_DEN_SEA,SEA,up 9+,9,5
2024,2024_01_GB_PHI,GB,down 1-8,35,14
2024,2024_01_GB_PHI,GB,tied,10,4
2024,2024_01_GB_PHI,GB,up 1-8,14,4
2024,2024_01_GB_PHI,PHI,down 1-8,48,23
2024,2024_01_GB_PHI,PHI,tied,3,1
2024,2024_01_GB_PHI,PHI,up 1-8,22,14
2024,2024_01_HOU_IND,HOU,down 1-8,13,6
2024,2024_01_HOU_IND,HOU,tied,7,2
2024,2024_01_HOU_IND,HOU,up 1-8,55,31
2024,2024_01_HOU_IND,IND,down 9+,12,5
2024,2024_01_HOU_IND,IND,down 1-8,23,15
2024,2024_01_HOU_IND,IND,tied,6,3
2024,2024_01_HOU_IND,IND,up 1-8,3,0
2024,2024_01_JAX_MIA,JAX,tied,12,7
2024,2024_01_JAX_MIA,JAX,up 1-8,26,13
2024,2024_01_JAX_MIA,JAX,up 9+,12,6
2024,2024_01_JAX_MIA,MIA,down 9+,23,6
2024,2024_01_JAX_MIA,MIA,down 1-8,22,11
2024,2024_01_JAX_MIA,MIA,tied,20,8
2024,2024_01_LA_DET,DET,down 1-8,25,11
2024,2024_01_LA_DET,DET,tied,20,13
2024,2024_01_LA_DET,DET,up 1-8,16,7
2024,2024_01_LA_DET,LA,down 9+,11,6
2024,2024_01_LA_DET,LA,down 1-8,28,8
2024,2024_01_LA_DET,LA,tied,29,7
2024,2024_01_LA_DET,LA,up 1-8,6,2
2024,2024_01_LV_LAC,LAC,down 1-8,21,10
2024,2024_01_LV_LAC,LAC,tied,10,4
2024,2024_01_LV_LAC,LAC,up 1-8,20,10
2024,2024_01_LV_LAC,LAC,up 9+,1,1
2024,2024_01_LV_LAC,LV,down 9+,13,1
2024,2024_01_LV_LAC,LV,down 1-8,21,11
2024,2024_01_LV_LAC,LV,tied,7,3
2024,2024_01_LV_LAC,LV,up 1-8,18,7
2024,2024_01_MIN_NYG,MIN,down 1-8,5,3
2024,2024_01_MIN_NYG,MIN,tied,3,1
2024,2024_01_MIN_NYG,MIN,up 1-8,11,4
2024,2024_01_MIN_NYG,MIN,up 9+,31,17
2024,2024_01_MIN_NYG,NYG,down 9+,49,13
2024,2024_01_MIN_NYG,NYG,down 1-8,10,3
2024,2024_01_MIN_NYG,NYG,tied,9,5
2024,2024_01_NE_CIN,CIN,down 9+,23,9
2024,2024_01_NE_CIN,CIN,down 1-8,19,4
2024,2024_01_NE_CIN,CIN,tied,6,3
2024,2024_01_NE_CIN,NE,tied,19,11
2024,2024_01_NE_CIN,NE,up 1-8,33,20
2024,2024_01_NE_CIN,NE,up 9+,9,5
2024,2024_01_NYJ_SF,NYJ,down 9+,28,9
2024,2024_01_NYJ_SF,NYJ,down 1-8,15,7
2024,2024_01_NYJ_SF,NYJ,tied,4,2
2024,2024_01_NYJ_SF,NYJ,up 1-8,3,1
2024,2024_01_NYJ_SF,SF,down 1-8,20,14
2024,2024_01_NYJ_SF,SF,tied,6,2
2024,2024_01_NYJ_SF,SF,up 1-8,11,3
2024,2024_01_NYJ_SF,SF,up 9+,32,18
2024,2024_01_PIT_ATL,ATL,down 1-8,31,11
2024,2024_01_PIT_ATL,ATL,tied,13,6
2024,2024_01_PIT_ATL,ATL,up 1-8,5,5
2024,2024_01_PIT_ATL,PIT,down 1-8,23,12
2024,2024_01_PIT_ATL,PIT,tied,9,6
2024,2024_01_PIT_ATL,PIT,up 1-8,34,23
2024,2024_01_TEN_CHI,CHI,down 9+,18,5
2024,2024_01_TEN_CHI,CHI,down 1-8,16,7
2024,2024_01_TEN_CHI,CHI,tied,11,4
2024,2024_01_TEN_CHI,CHI,up 1-8,7,4
2024,2024_01_TEN_CHI,TEN,down 1-8,8,2
2024,2024_01_TEN_CHI,TEN,tied,14,8
2024,2024_01_TEN_CHI,TEN,up 1-8,18,6
2024,2024_01_TEN_CHI,TEN,up 9+,21,10
2024,2024_01_WAS_TB,TB,tied,6,3
2024,2024_01_WAS_TB,TB,up 1-8,28,12
2024,2024_01_WAS_TB,TB,up 9+,25,13
2024,2024_01_WAS_TB,WAS,down 9+,44,22
2024,2024_01_WAS_TB,WAS,down 1-8,12,7
2024,2024_02_ATL_PHI,ATL,down 1-8,39,15
2024,2024_02_ATL_PHI,ATL,tied,17,11
2024,2024_02_ATL_PHI,ATL,up 1-8,1,0
2024,2024_02_ATL_PHI,PHI,down 1-8,40,20
2024,2024_02_ATL_PHI,PHI,tied,17,9
2024,2024_02_ATL_PHI,PHI,up 1-8,11,8
2024,2024_02_BUF_MIA,BUF,tied,15,6
2024,2024_02_BUF_MIA,BUF,up 1-8,8,4
2024,2024_02_BUF_MIA,BUF,up 9+,19,13
2024,2024_02_BUF_MIA,MIA,down 9+,53,23
2024,2024_02_BUF_MIA,MIA,down 1-8,13,6
2024,2024_02_BUF_MIA,MIA,tied,9,5
2024,2024_02_CHI_HOU,CHI,down 9+,31,11
2024,2024_02_CHI_HOU,CHI,down 1-8,35,11
2024,2024_02_CHI_HOU,HOU,tied,15,5
2024,2024_02_CHI_HOU,HOU,up 1-8,33,9
2024,2024_02_CHI_HOU,HOU,up 9+,12,7
2024,2024_02_CIN_KC,CIN,down 1-8,18,8
2024,2024_02_CIN_KC,CIN,tied,27,9
2024,2024_02_CIN_KC,CIN,up 1-8,16,5
2024,2024_02_CIN_KC,KC,down 1-8,58,32
2024,2024_02_CIN_KC,KC,tied,1,0
2024,2024_02_CIN_KC,KC,up 1-8,1,0
2024,2024_02_CLE_JAX,CLE,tied,16,7
2024,2024_02_CLE_JAX,CLE,up 1-8,36,19
2024,2024_02_CLE_JAX,CLE,up 9+,13,3
2024,2024_02_CLE_JAX,JAX,down 9+,27,13
2024,2024_02_CLE_JAX,JAX,down 1-8,22,6
2024,2024_02_CLE_JAX,JAX,tied,5,2
2024,2024_02_IND_GB,GB,tied,7,6
2024,2024_02_IND_GB,GB,up 1-8,14,13
2024,2024_02_IND_GB,GB,up 9+,46,34
2024,2024_02_IND_GB,IND,down 9+,44,16
2024,2024_02_IND_GB,IND,down 1-8,8,2
2024,2024_02_LAC_CAR,CAR,down 9+,34,13
2024,2024_02_LAC_CAR,CAR,down 1-8,12,5
2024,2024_02_LAC_CAR,LAC,tied,9,5
2024,2024_02_LAC_CAR,LAC,up 1-8,20,14
2024,2024_02_LAC_CAR,LAC,up 9+,33,22
2024,2024_02_LA_ARI,ARI,tied,6,3
2024,2024_02_LA_ARI,ARI,up 1-8,1,0
2024,2024_02_LA_ARI,ARI,up 9+,55,37
2024,2024_02_LA_ARI,LA,down 9+,45,17
2024,2024_02_LA_ARI,LA,down 1-8,3,1
2024,2024_02_LA_ARI,LA,tied,4,2
2024,2024_02_LV_BAL,BAL,down 1-8,4,1
2024,2024_02_LV_BAL,BAL,tied,24,7
2024,2024_02_LV_BAL,BAL,up 1-8,30,18
2024,2024_02_LV_BAL,BAL,up 9+,3,1
2024,2024_02_LV_BAL,LV,down 9+,20,6
2024,2024_02_LV_BAL,LV,down 1-8,31,5
2024,2024_02_LV_BAL,LV,tied,8,5
2024,2024_02_NO_DAL,DAL,down 9+,53,16
2024,2024_02_NO_DAL,DAL,down 1-8,12,5
2024,2024_02_NO_DAL,NO,tied,7,4
2024,2024_02_NO_DAL,NO,up 1-8,16,10
2024,2024_02_NO_DAL,NO,up 9+,30,22
2024,2024_02_NYG_WAS,NYG,down 1-8,30,14
2024,2024_02_NYG_WAS,NYG,tied,17,6
2024,2024_02_NYG_WAS,NYG,up 1-8,6,2
2024,2024_02_NYG_WAS,WAS,down 1-8,25,9
2024,2024_02_NYG_WAS,WAS,tied,42,24
2024,2024_02_NYJ_TEN,NYJ,down 1-8,23,8
2024,2024_02_NYJ_TEN,NYJ,tied,24,12
2024,2024_02_NYJ_TEN,NYJ,up 1-8,8,3
2024,2024_02_NYJ_TEN,TEN,down 1-8,24,11
2024,2024_02_NYJ_TEN,TEN,tied,25,13
2024,2024_02_NYJ_TEN,TEN,up 1-8,11,4
2024,2024_02_PIT_DEN,DEN,down 9+,34,12
2024,2024_02_PIT_DEN,DEN,down 1-8,16,4
2024,2024_02_PIT_DEN,DEN,tied,6,3
2024,2024_02_PIT_DEN,PIT,tied,15,10
2024,2024_02_PIT_DEN,PIT,up 1-8,20,11
2024,2024_02_PIT_DEN,PIT,up 9+,23,15
2024,2024_02_SEA_NE,NE,down 1-8,28,17
2024,2024_02_SEA_NE,NE,tied,31,13
2024,2024_02_SEA_NE,NE,up 1-8,7,6
2024,2024_02_SEA_NE,SEA,down 1-8,28,10
2024,2024_02_SEA_NE,SEA,tied,13,2
2024,2024_02_SEA_NE,SEA,up 1-8,23,6
2024,2024_02_SF_MIN,MIN,tied,13,5
2024,2024_02_SF_MIN,MIN,up 1-8,29,10
2024,2024_02_SF_MIN,MIN,up 9+,9,7
2024,2024_02_SF_MIN,SF,down 9+,38,14
2024,2024_02_SF_MIN,SF,down 1-8,22,10
2024,2024_02_SF_MIN,SF,tied,7,1
2024,2024_02_TB_DET,DET,down 1-8,82,27
2024,2024_02_TB_DET,TB,down 1-8,6,4
2024,2024_02_TB_DET,TB,tied,12,5
2024,2024_02_TB_DET,TB,up 1-8,28,13
2024,2024_03_BAL_DAL,BAL,tied,5,4
2024,2024_03_BAL_DAL,BAL,up 1-8,12,10
2024,2024_03_BAL_DAL,BAL,up 9+,41,29
2024,2024_03_BAL_DAL,DAL,down 9+,59,11
2024,2024_03_BAL_DAL,DAL,down 1-8,6,3
2024,2024_03_BAL_DAL,DAL,tied,7,2
2024,2024_03_CAR_LV,CAR,tied,19,8
2024,2024_03_CAR_LV,CAR,up 1-8,18,5
2024,2024_03_CAR_LV,CAR,up 9+,32,16
2024,2024_03_CAR_LV,LV,down 9+,36,4
2024,2024_03_CAR_LV,LV,down 1-8,24,12
2024,2024_03_CHI_IND,CHI,down 9+,25,5
2024,2024_03_CHI_IND,CHI,down 1-8,36,13
2024,2024_03_CHI_IND,CHI,tied,23,10
2024,2024_03_CHI_IND,IND,tied,19,10
2024,2024_03_CHI_IND,IND,up 1-8,32,20
2024,2024_03_DEN_TB,DEN,tied,6,2
2024,2024_03_DEN_TB,DEN,up 1-8,7,6
2024,2024_03_DEN_TB,DEN,up 9+,50,19
2024,2024_03_DEN_TB,TB,down 9+,48,13
2024,2024_03_DEN_TB,TB,down 1-8,8,3
2024,2024_03_DET_ARI,ARI,down 9+,38,10
2024,2024_03_DET_ARI,ARI,down 1-8,15,8
2024,2024_03_DET_ARI,DET,tied,22,15
2024,2024_03_DET_ARI,DET,up 1-8,17,10
2024,2024_03_DET_ARI,DET,up 9+,27,16
2024,2024_03_GB_TEN,GB,tied,16,10
2024,2024_03_GB_TEN,GB,up 9+,43,27
2024,2024_03_GB_TEN,TEN,down 9+,42,8
2024,2024_03_GB_TEN,TEN,down 1-8,11,3
2024,2024_03_HOU_MIN,HOU,down 9+,49,9
2024,2024_03_HOU_MIN,HOU,down 1-8,12,5
2024,2024_03_HOU_MIN,HOU,tied,1,0
2024,2024_03_HOU_MIN,MIN,tied,6,2
2024,2024_03_HOU_MIN,MIN,up 1-8,6,2
2024,2024_03_HOU_MIN,MIN,up 9+,47,23
2024,2024_03_JAX_BUF,BUF,tied,10,4
2024,2024_03_JAX_BUF,BUF,up 1-8,11,3
2024,2024_03_JAX_BUF,BUF,up 9+,38,21
2024,2024_03_JAX_BUF,JAX,down 9+,65,17
2024,2024_03_JAX_BUF,JAX,down 1-8,3,0
2024,2024_03_KC_ATL,ATL,down 1-8,33,14
2024,2024_03_KC_ATL,ATL,tied,12,5
2024,2024_03_KC_ATL,ATL,up 1-8,10,5
2024,2024_03_KC_ATL,KC,down 1-8,52,20
2024,2024_03_KC_ATL,KC,up 1-8,17,10
2024,2024_03_LAC_PIT,LAC,down 9+,3,0
2024,2024_03_LAC_PIT,LAC,down 1-8,6,4
2024,2024_03_LAC_PIT,LAC,tied,28,14
2024,2024_03_LAC_PIT,LAC,up 1-8,8,2
2024,2024_03_LAC_PIT,PIT,down 1-8,32,12
2024,2024_03_LAC_PIT,PIT,tied,18,8
2024,2024_03_LAC_PIT,PIT,up 1-8,5,2
2024,2024_03_LAC_PIT,PIT,up 9+,8,7
2024,2024_03_MIA_SEA,MIA,down 9+,52,16
2024,2024_03_MIA_SEA,MIA,down 1-8,4,2
2024,2024_03_MIA_SEA,SEA,tied,6,2
2024,2024_03_MIA_SEA,SEA,up 1-8,6,3
2024,2024_03_MIA_SEA,SEA,up 9+,46,16
2024,2024_03_NE_NYJ,NE,down 9+,39,13
2024,2024_03_NE_NYJ,NE,down 1-8,6,1
2024,2024_03_NE_NYJ,NE,tied,3,1
2024,2024_03_NE_NYJ,NYJ,tied,15,5
2024,2024_03_NE_NYJ,NYJ,up 1-8,13,8
2024,2024_03_NE_NYJ,NYJ,up 9+,42,20
2024,2024_03_NYG_CLE,CLE,down 9+,28,6
2024,2024_03_NYG_CLE,CLE,down 1-8,19,7
2024,2024_03_NYG_CLE,CLE,tied,11,3
2024,2024_03_NYG_CLE,CLE,up 1-8,5,1
2024,2024_03_NYG_CLE,NYG,down 1-8,16,8
2024,2024_03_NYG_CLE,NYG,tied,17,7
2024,2024_03_NYG_CLE,NYG,up 1-8,17,8
2024,2024_03_NYG_CLE,NYG,up 9+,16,6
2024,2024_03_PHI_NO,NO,down 1-8,18,8
2024,2024_03_PHI_NO,NO,tied,14,8
2024,2024_03_PHI_NO,NO,up 1-8,23,12
2024,2024_03_PHI_NO,PHI,down 1-8,58,20
2024,2024_03_PHI_NO,PHI,up 1-8,7,3
2024,2024_03_SF_LA,LA,down 9+,41,20
2024,2024_03_SF_LA,LA,down 1-8,13,5
2024,2024_03_SF_LA,LA,tied,1,1
2024,2024_03_SF_LA,SF,down 1-8,1,0
2024,2024_03_SF_LA,SF,tied,13,6
2024,2024_03_SF_LA,SF,up 1-8,46,26
2024,2024_03_SF_LA,SF,up 9+,5,2
2024,2024_03_WAS_CIN,CIN,down 9+,34,10
2024,2024_03_WAS_CIN,CIN,down 1-8,11,4
2024,2024_03_WAS_CIN,CIN,tied,16,6
2024,2024_03_WAS_CIN,WAS,down 1-8,10,6
2024,2024_03_WAS_CIN,WAS,tied,7,4
2024,2024_03_WAS_CIN,WAS,up 1-8,38,20
2024,2024_04_BUF_BAL,BAL,tied,1,1
2024,2024_04_BUF_BAL,BAL,up 1-8,9,5
2024,2024_04_BUF_BAL,BAL,up 9+,44,28
2024,2024_04_BUF_BAL,BUF,down 9+,40,15
2024,2024_04_BUF_BAL,BUF,down 1-8,10,4
2024,2024_04_BUF_BAL,BUF,tied,7,4
2024,2024_04_CIN_CAR,CAR,down 9+,26,9
2024,2024_04_CIN_CAR,CAR,down 1-8,25,11
2024,2024_04_CIN_CAR,CAR,tied,18,8
2024,2024_04_CIN_CAR,CIN,tied,25,6
2024,2024_04_CIN_CAR,CIN,up 1-8,21,17
2024,2024_04_CIN_CAR,CIN,up 9+,16,8
2024,2024_04_CLE_LV,CLE,down 9+,5,1
2024,2024_04_CLE_LV,CLE,down 1-8,22,8
2024,2024_04_CLE_LV,CLE,tied,22,9
2024,2024_04_CLE_LV,CLE,up 1-8,8,4
2024,2024_04_CLE_LV,LV,down 9+,11,9
2024,2024_04_CLE_LV,LV,down 1-8,11,4
2024,2024_04_CLE_LV,LV,tied,10,4
2024,2024_04_CLE_LV,LV,up 1-8,18,7
2024,2024_04_CLE_LV,LV,up 9+,3,3
2024,2024_04_DAL_NYG,DAL,down 1-8,12,3
2024,2024_04_DAL_NYG,DAL,tied,3,2
2024,2024_04_DAL_NYG,DAL,up 1-8,35,17
2024,2024_04_DAL_NYG,NYG,down 1-8,57,19
2024,2024_04_DAL_NYG,NYG,tied,7,4
2024,2024_04_DEN_NYJ,DEN,down 1-8,36,22
2024,2024_04_DEN_NYJ,DEN,tied,12,4
2024,2024_04_DEN_NYJ,DEN,up 1-8,6,3
2024,2024_04_DEN_NYJ,NYJ,down 1-8,27,5
2024,2024_04_DEN_NYJ,NYJ,tied,17,9
2024,2024_04_DEN_NYJ,NYJ,up 1-8,26,9
2024,2024_04_JAX_HOU,HOU,down 1-8,52,21
2024,2024_04_JAX_HOU,HOU,up 1-8,16,5
2024,2024_04_JAX_HOU,JAX,down 1-8,22,7
2024,2024_04_JAX_HOU,JAX,tied,14,4
2024,2024_04_JAX_HOU,JAX,up 1-8,21,12
2024,2024_04_KC_LAC,KC,down 9+,16,7
2024,2024_04_KC_LAC,KC,down 1-8,19,5
2024,2024_04_KC_LAC,KC,tied,17,9
2024,2024_04_KC_LAC,KC,up 1-8,3,2
2024,2024_04_KC_LAC,LAC,down 1-8,5,2
2024,2024_04_KC_LAC,LAC,tied,27,14
2024,2024_04_KC_LAC,LAC,up 1-8,11,5
2024,2024_04_KC_LAC,LAC,up 9+,10,3
2024,2024_04_LA_CHI,CHI,down 1-8,14,7
2024,2024_04_LA_CHI,CHI,tied,5,3
2024,2024_04_LA_CHI,CHI,up 1-8,33,16
2024,2024_04_LA_CHI,LA,down 9+,6,1
2024,2024_04_LA_CHI,LA,down 1-8,32,16
2024,2024_04_LA_CHI,LA,tied,12,5
2024,2024_04_LA_CHI,LA,up 1-8,8,3
2024,2024_04_MIN_GB,GB,down 9+,65,14
2024,2024_04_MIN_GB,GB,down 1-8,10,5
2024,2024_04_MIN_GB,MIN,tied,6,2
2024,2024_04_MIN_GB,MIN,up 1-8,14,6
2024,2024_04_MIN_GB,MIN,up 9+,41,23
2024,2024_04_NE_SF,NE,down 9+,49,17
2024,2024_04_NE_SF,NE,down 1-8,4,2
2024,2024_04_NE_SF,NE,tied,9,5
2024,2024_04_NE_SF,SF,tied,14,8
2024,2024_04_NE_SF,SF,up 1-8,4,3
2024,2024_04_NE_SF,SF,up 9+,41,20
2024,2024_04_NO_ATL,ATL,down 1-8,10,2
2024,2024_04_NO_ATL,ATL,tied,13,3
2024,2024_04_NO_ATL,ATL,up 1-8,28,10
2024,2024_04_NO_ATL,NO,down 1-8,55,23
2024,2024_04_NO_ATL,NO,tied,11,7
2024,2024_04_NO_ATL,NO,up 1-8,4,3
2024,2024_04_PHI_TB,PHI,down 9+,52,18
2024,2024_04_PHI_TB,PHI,down 1-8,3,1
2024,2024_04_PHI_TB,TB,tied,10,1
2024,2024_04_PHI_TB,TB,up 1-8,5,1
2024,2024_04_PHI_TB,TB,up 9+,58,22
2024,2024_04_PIT_IND,IND,tied,8,6
2024,2024_04_PIT_IND,IND,up 1-8,31,15
2024,2024_04_PIT_IND,IND,up 9+,24,10
2024,2024_04_PIT_IND,PIT,down 9+,52,23
2024,2024_04_PIT_IND,PIT,down 1-8,15,7
2024,2024_04_SEA_DET,DET,tied,15,9
2024,2024_04_SEA_DET,DET,up 1-8,28,15
2024,2024_04_SEA_DET,DET,up 9+,5,2
2024,2024_04_SEA_DET,SEA,down 9+,62,16
2024,2024_04_SEA_DET,SEA,down 1-8,13,2
2024,2024_04_SEA_DET,SEA,tied,4,1
2024,2024_04_TEN_MIA,MIA,down 9+,22,10
2024,2024_04_TEN_MIA,MIA,down 1-8,26,16
2024,2024_04_TEN_MIA,MIA,tied,7,4
2024,2024_04_TEN_MIA,TEN,tied,18,11
2024,2024_04_TEN_MIA,TEN,up 1-8,24,12
2024,2024_04_TEN_MIA,TEN,up 9+,19,17
2024,2024_04_WAS_ARI,ARI,down 9+,28,17
2024,2024_04_WAS_ARI,ARI,down 1-8,15,6
2024,2024_04_WAS_ARI,ARI,tied,15,9
2024,2024_04_WAS_ARI,WAS,down 1-8,9,7
2024,2024_04_WAS_ARI,WAS,tied,13,8
2024,2024_04_WAS_ARI,WAS,up 1-8,12,6
2024,2024_04_WAS_ARI,WAS,up 9+,34,16
2024,2024_05_ARI_SF,ARI,down 9+,24,9
2024,2024_05_ARI_SF,ARI,down 1-8,27,15
2024,2024_05_ARI_SF,ARI,tied,2,1
2024,2024_05_ARI_SF,ARI,up 1-8,3,0
2024,2024_05_ARI_SF,SF,down 1-8,20,7
2024,2024_05_ARI_SF,SF,tied,13,6
2024,2024_05_ARI_SF,SF,up 1-8,8,4
2024,2024_05_ARI_SF,SF,up 9+,22,9
2024,2024_05_BAL_CIN,BAL,down 9+,25,8
2024,2024_05_BAL_CIN,BAL,down 1-8,7,1
2024,2024_05_BAL_CIN,BAL,tied,30,19
2024,2024_05_BAL_CIN,BAL,up 1-8,14,5
2024,2024_05_BAL_CIN,CIN,down 1-8,25,8
2024,2024_05_BAL_CIN,CIN,tied,9,4
2024,2024_05_BAL_CIN,CIN,up 1-8,32,12
2024,2024_05_BUF_HOU,BUF,down 9+,28,13
2024,2024_05_BUF_HOU,BUF,down 1-8,16,9
2024,2024_05_BUF_HOU,BUF,tied,15,6
2024,2024_05_BUF_HOU,HOU,down 1-8,6,3
2024,2024_05_BUF_HOU,HOU,tied,13,5
2024,2024_05_BUF_HOU,HOU,up 1-8,19,8
2024,2024_05_BUF_HOU,HOU,up 9+,29,12
2024,2024_05_CAR_CHI,CAR,down 9+,39,10
2024,2024_05_CAR_CHI,CAR,down 1-8,6,2
2024,2024_05_CAR_CHI,CAR,tied,13,7
2024,2024_05_CAR_CHI,CHI,down 1-8,7,4
2024,2024_05_CAR_CHI,CHI,tied,16,11
2024,2024_05_CAR_CHI,CHI,up 1-8,12,8
2024,2024_05_CAR_CHI,CHI,up 9+,32,13
2024,2024_05_CLE_WAS,CLE,down 9+,37,16
2024,2024_05_CLE_WAS,CLE,down 1-8,11,3
2024,2024_05_CLE_WAS,CLE,tied,11,4
2024,2024_05_CLE_WAS,WAS,tied,15,6
2024,2024_05_CLE_WAS,WAS,up 1-8,20,11
2024,2024_05_CLE_WAS,WAS,up 9+,30,17
2024,2024_05_DAL_PIT,DAL,down 1-8,38,18
2024,2024_05_DAL_PIT,DAL,tied,24,9
2024,2024_05_DAL_PIT,DAL,up 1-8,13,4
2024,2024_05_DAL_PIT,PIT,down 1-8,45,24
2024,2024_05_DAL_PIT,PIT,tied,8,2
2024,2024_05_DAL_PIT,PIT,up 1-8,4,0
2024,2024_05_GB_LA,GB,down 1-8,10,4
2024,2024_05_GB_LA,GB,tied,18,7
2024,2024_05_GB_LA,GB,up 1-8,14,9
2024,2024_05_GB_LA,GB,up 9+,14,8
2024,2024_05_GB_LA,LA,down 9+,19,3
2024,2024_05_GB_LA,LA,down 1-8,40,18
2024,2024_05_GB_LA,LA,tied,13,5
2024,2024_05_GB_LA,LA,up 1-8,5,3
2024,2024_05_IND_JAX,IND,down 9+,25,7
2024,2024_05_IND_JAX,IND,down 1-8,21,7
2024,2024_05_IND_JAX,IND,tied,15,5
2024,2024_05_IND_JAX,IND,up 1-8,7,0
2024,2024_05_IND_JAX,JAX,down 1-8,23,11
2024,2024_05_IND_JAX,JAX,tied,13,4
2024,2024_05_IND_JAX,JAX,up 1-8,21,8
2024,2024_05_LV_DEN,DEN,down 9+,6,2
2024,2024_05_LV_DEN,DEN,down 1-8,7,4
2024,2024_05_LV_DEN,DEN,tied,12,2
2024,2024_05_LV_DEN,DEN,up 1-8,9,5
2024,2024_05_LV_DEN,DEN,up 9+,20,12
2024,2024_05_LV_DEN,LV,down 9+,29,5
2024,2024_05_LV_DEN,LV,down 1-8,6,3
2024,2024_05_LV_DEN,LV,tied,13,8
2024,2024_05_LV_DEN,LV,up 1-8,18,10
2024,2024_05_MIA_NE,MIA,down 1-8,60,34
2024,2024_05_MIA_NE,MIA,tied,7,3
2024,2024_05_MIA_NE,MIA,up 1-8,9,4
2024,2024_05_MIA_NE,NE,down 1-8,20,5
2024,2024_05_MIA_NE,NE,up 1-8,34,14
2024,2024_05_NO_KC,KC,tied,10,6
2024,2024_05_NO_KC,KC,up 1-8,39,14
2024,2024_05_NO_KC,KC,up 9+,28,16
2024,2024_05_NO_KC,NO,down 9+,36,10
2024,2024_05_NO_KC,NO,down 1-8,9,2
2024,2024_05_NO_KC,NO,tied,6,3
2024,2024_05_NYG_SEA,NYG,down 1-8,11,6
2024,2024_05_NYG_SEA,NYG,tied,34,16
2024,2024_05_NYG_SEA,NYG,up 1-8,18,8
2024,2024_05_NYG_SEA,NYG,up 9+,7,3
2024,2024_05_NYG_SEA,SEA,down 9+,23,3
2024,2024_05_NYG_SEA,SEA,down 1-8,17,5
2024,2024_05_NYG_SEA,SEA,tied,15,2
2024,2024_05_NYG_SEA,SEA,up 1-8,3,1
2024,2024_05_NYJ_MIN,MIN,tied,10,4
2024,2024_05_NYJ_MIN,MIN,up 1-8,21,9
2024,2024_05_NYJ_MIN,MIN,up 9+,33,15
2024,2024_05_NYJ_MIN,NYJ,down 9+,49,10
2024,2024_05_NYJ_MIN,NYJ,down 1-8,19,3
2024,2024_05_NYJ_MIN,NYJ,tied,3,1
2024,2024_05_TB_ATL,ATL,down 1-8,61,13
2024,2024_05_TB_ATL,ATL,tied,18,5
2024,2024_05_TB_ATL,TB,down 1-8,12,4
2024,2024_05_TB_ATL,TB,tied,17,8
2024,2024_05_TB_ATL,TB,up 1-8,21,13
2024,2024_06_ARI_GB,ARI,down 9+,47,19
2024,2024_06_ARI_GB,ARI,down 1-8,5,2
2024,2024_06_ARI_GB,ARI,tied,3,2
2024,2024_06_ARI_GB,GB,tied,10,5
2024,2024_06_ARI_GB,GB,up 1-8,11,4
2024,2024_06_ARI_GB,GB,up 9+,47,27
2024,2024_06_ATL_CAR,ATL,down 1-8,17,9
2024,2024_06_ATL_CAR,ATL,tied,9,2
2024,2024_06_ATL_CAR,ATL,up 1-8,34,19
2024,2024_06_ATL_CAR,ATL,up 9+,5,5
2024,2024_06_ATL_CAR,CAR,down 9+,15,2
2024,2024_06_ATL_CAR,CAR,down 1-8,22,11
2024,2024_06_ATL_CAR,CAR,tied,25,11
2024,2024_06_BUF_NYJ,BUF,down 1-8,22,15
2024,2024_06_BUF_NYJ,BUF,tied,16,6
2024,2024_06_BUF_NYJ,BUF,up 1-8,19,9
2024,2024_06_BUF_NYJ,NYJ,down 9+,3,0
2024,2024_06_BUF_NYJ,NYJ,down 1-8,29,12
2024,2024_06_BUF_NYJ,NYJ,tied,21,6
2024,2024_06_BUF_NYJ,NYJ,up 1-8,6,3
2024,2024_06_CIN_NYG,CIN,tied,16,4
2024,2024_06_CIN_NYG,CIN,up 1-8,34,14
2024,2024_06_CIN_NYG,NYG,down 9+,5,0
2024,2024_06_CIN_NYG,NYG,down 1-8,66,30
2024,2024_06_CLE_PHI,CLE,down 9+,9,4
2024,2024_06_CLE_PHI,CLE,down 1-8,22,9
2024,2024_06_CLE_PHI,CLE,tied,22,12
2024,2024_06_CLE_PHI,PHI,tied,36,21
2024,2024_06_CLE_PHI,PHI,up 1-8,22,11
2024,2024_06_DET_DAL,DAL,down 9+,45,10
2024,2024_06_DET_DAL,DAL,down 1-8,12,5
2024,2024_06_DET_DAL,DAL,tied,8,2
2024,2024_06_DET_DAL,DET,down 1-8,5,3
2024,2024_06_DET_DAL,DET,up 1-8,14,7
2024,2024_06_DET_DAL,DET,up 9+,45,24
2024,2024_06_HOU_NE,HOU,tied,11,5
2024,2024_06_HOU_NE,HOU,up 1-8,10,6
2024,2024_06_HOU_NE,HOU,up 9+,40,16
2024,2024_06_HOU_NE,NE,down 9+,58,23
2024,2024_06_HOU_NE,NE,down 1-8,5,3
2024,2024_06_IND_TEN,IND,down 1-8,40,17
2024,2024_06_IND_TEN,IND,tied,13,3
2024,2024_06_IND_TEN,IND,up 1-8,13,8
2024,2024_06_IND_TEN,TEN,down 1-8,18,4
2024,2024_06_IND_TEN,TEN,tied,29,20
2024,2024_06_IND_TEN,TEN,up 1-8,8,4
2024,2024_06_JAX_CHI,CHI,down 1-8,10,5
2024,2024_06_JAX_CHI,CHI,tied,3,2
2024,2024_06_JAX_CHI,CHI,up 1-8,18,8
2024,2024_06_JAX_CHI,CHI,up 9+,27,11
2024,2024_06_JAX_CHI,JAX,down 9+,36,8
2024,2024_06_JAX_CHI,JAX,down 1-8,6,3
2024,2024_06_JAX_CHI,JAX,tied,13,6
2024,2024_06_JAX_CHI,JAX,up 1-8,5,2
2024,2024_06_LAC_DEN,DEN,down 9+,48,15
2024,2024_06_LAC_DEN,DEN,down 1-8,3,1
2024,2024_06_LAC_DEN,DEN,tied,3,2
2024,2024_06_LAC_DEN,LAC,tied,8,1
2024,2024_06_LAC_DEN,LAC,up 1-8,6,2
2024,2024_06_LAC_DEN,LAC,up 9+,58,32
2024,2024_06_PIT_LV,LV,down 9+,27,6
2024,2024_06_PIT_LV,LV,down 1-8,24,9
2024,2024_06_PIT_LV,LV,up 1-8,10,4
2024,2024_06_PIT_LV,PIT,down 1-8,26,12
2024,2024_06_PIT_LV,PIT,tied,8,4
2024,2024_06_PIT_LV,PIT,up 1-8,11,7
2024,2024_06_PIT_LV,PIT,up 9+,16,10
2024,2024_06_SF_SEA,SEA,down 9+,48,9
2024,2024_06_SF_SEA,SEA,down 1-8,18,7
2024,2024_06_SF_SEA,SEA,tied,6,4
2024,2024_06_SF_SEA,SF,tied,12,8
2024,2024_06_SF_SEA,SF,up 1-8,19,8
2024,2024_06_SF_SEA,SF,up 9+,30,17
2024,2024_06_TB_NO,NO,down 9+,29,7
2024,2024_06_TB_NO,NO,down 1-8,22,10
2024,2024_06_TB_NO,NO,up 1-8,15,4
2024,2024_06_TB_NO,TB,down 1-8,26,9
2024,2024_06_TB_NO,TB,tied,8,2
2024,2024_06_TB_NO,TB,up 1-8,12,7
2024,2024_06_TB_NO,TB,up 9+,27,17
2024,2024_06_WAS_BAL,BAL,down 1-8,9,6
2024,2024_06_WAS_BAL,BAL,tied,26,9
2024,2024_06_WAS_BAL,BAL,up 1-8,28,20
2024,2024_06_WAS_BAL,WAS,down 9+,19,7
2024,2024_06_WAS_BAL,WAS,down 1-8,22,5
2024,2024_06_WAS_BAL,WAS,tied,15,6
2024,2024_07_BAL_TB,BAL,down 9+,6,3
2024,2024_07_BAL_TB,BAL,down 1-8,10,4
2024,2024_07_BAL_TB,BAL,up 1-8,13,4
2024,2024_07_BAL_TB,BAL,up 9+,25,19
2024,2024_07_BAL_TB,TB,down 9+,46,12
2024,2024_07_BAL_TB,TB,down 1-8,4,2
2024,2024_07_BAL_TB,TB,tied,8,6
2024,2024_07_BAL_TB,TB,up 1-8,21,9
2024,2024_07_CAR_WAS,CAR,down 9+,31,17
2024,2024_07_CAR_WAS,CAR,down 1-8,3,1
2024,2024_07_CAR_WAS,CAR,tied,8,4
2024,2024_07_CAR_WAS,WAS,up 1-8,10,8
2024,2024_07_CAR_WAS,WAS,up 9+,51,27
2024,2024_07_CIN_CLE,CIN,up 1-8,36,12
2024,2024_07_CIN_CLE,CIN,up 9+,14,10
2024,2024_07_CIN_CLE,CLE,down 9+,27,2
2024,2024_07_CIN_CLE,CLE,down 1-8,50,18
2024,2024_07_DEN_NO,DEN,tied,14,6
2024,2024_07_DEN_NO,DEN,up 1-8,17,11
2024,2024_07_DEN_NO,DEN,up 9+,28,16
2024,2024_07_DEN_NO,NO,down 9+,54,17
2024,2024_07_DEN_NO,NO,down 1-8,7,2
2024,2024_07_DEN_NO,NO,tied,4,1
2024,2024_07_DET_MIN,DET,down 9+,8,4
2024,2024_07_DET_MIN,DET,down 1-8,16,7
2024,2024_07_DET_MIN,DET,tied,4,2
2024,2024_07_DET_MIN,DET,up 1-8,26,12
2024,2024_07_DET_MIN,MIN,down 9+,19,6
2024,2024_07_DET_MIN,MIN,down 1-8,13,4
2024,2024_07_DET_MIN,MIN,tied,2,1
2024,2024_07_DET_MIN,MIN,up 1-8,16,9
2024,2024_07_DET_MIN,MIN,up 9+,3,1
2024,2024_07_HOU_GB,GB,down 1-8,41,15
2024,2024_07_HOU_GB,GB,tied,4,2
2024,2024_07_HOU_GB,GB,up 1-8,11,3
2024,2024_07_HOU_GB,HOU,down 1-8,44,26
2024,2024_07_HOU_GB,HOU,tied,3,1
2024,2024_07_HOU_GB,HOU,up 1-8,11,6
2024,2024_07_KC_SF,KC,down 1-8,7,4
2024,2024_07_KC_SF,KC,tied,16,7
2024,2024_07_KC_SF,KC,up 1-8,26,14
2024,2024_07_KC_SF,KC,up 9+,17,12
2024,2024_07_KC_SF,SF,down 9+,30,8
2024,2024_07_KC_SF,SF,down 1-8,17,10
2024,2024_07_KC_SF,SF,tied,10,6
2024,2024_07_LAC_ARI,ARI,down 1-8,18,9
2024,2024_07_LAC_ARI,ARI,tied,16,8
2024,2024_07_LAC_ARI,ARI,up 1-8,19,10
2024,2024_07_LAC_ARI,LAC,down 1-8,45,14
2024,2024_07_LAC_ARI,LAC,tied,18,8
2024,2024_07_LV_LA,LA,down 1-8,13,10
2024,2024_07_LV_LA,LA,tied,11,3
2024,2024_07_LV_LA,LA,up 1-8,22,12
2024,2024_07_LV_LA,LA,up 9+,4,1
2024,2024_07_LV_LA,LV,down 9+,19,9
2024,2024_07_LV_LA,LV,down 1-8,28,12
2024,2024_07_LV_LA,LV,tied,21,7
2024,2024_07_LV_LA,LV,up 1-8,7,1
2024,2024_07_MIA_IND,IND,down 9+,3,1
2024,2024_07_MIA_IND,IND,down 1-8,26,17
2024,2024_07_MIA_IND,IND,tied,23,12
2024,2024_07_MIA_IND,IND,up 1-8,8,6
2024,2024_07_MIA_IND,MIA,down 1-8,13,4
2024,2024_07_MIA_IND,MIA,tied,26,16
2024,2024_07_MIA_IND,MIA,up 1-8,28,20
2024,2024_07_NE_JAX,JAX,down 9+,8,4
2024,2024_07_NE_JAX,JAX,down 1-8,11,6
2024,2024_07_NE_JAX,JAX,up 9+,41,29
2024,2024_07_NE_JAX,NE,down 9+,27,4
2024,2024_07_NE_JAX,NE,down 1-8,3,1
2024,2024_07_NE_JAX,NE,tied,11,3
2024,2024_07_NE_JAX,NE,up 1-8,14,7
2024,2024_07_NYJ_PIT,NYJ,down 9+,10,2
2024,2024_07_NYJ_PIT,NYJ,down 1-8,24,7
2024,2024_07_NYJ_PIT,NYJ,up 1-8,18,4
2024,2024_07_NYJ_PIT,NYJ,up 9+,4,2
2024,2024_07_NYJ_PIT,PIT,down 9+,8,1
2024,2024_07_NYJ_PIT,PIT,down 1-8,24,11
2024,2024_07_NYJ_PIT,PIT,tied,6,4
2024,2024_07_NYJ_PIT,PIT,up 1-8,15,8
2024,2024_07_NYJ_PIT,PIT,up 9+,13,12
2024,2024_07_PHI_NYG,NYG,down 9+,34,13
2024,2024_07_PHI_NYG,NYG,down 1-8,3,0
2024,2024_07_PHI_NYG,NYG,tied,17,5
2024,2024_07_PHI_NYG,PHI,tied,20,12
2024,2024_07_PHI_NYG,PHI,up 1-8,6,2
2024,2024_07_PHI_NYG,PHI,up 9+,38,30
2024,2024_07_SEA_ATL,ATL,down 9+,51,24
2024,2024_07_SEA_ATL,ATL,down 1-8,19,7
2024,2024_07_SEA_ATL,SEA,tied,10,3
2024,2024_07_SEA_ATL,SEA,up 1-8,32,14
2024,2024_07_SEA_ATL,SEA,up 9+,14,9
2024,2024_07_TEN_BUF,BUF,down 9+,3,1
2024,2024_07_TEN_BUF,BUF,down 1-8,17,7
2024,2024_07_TEN_BUF,BUF,tied,6,2
2024,2024_07_TEN_BUF,BUF,up 1-8,14,6
2024,2024_07_TEN_BUF,BUF,up 9+,14,4
2024,2024_07_TEN_BUF,TEN,down 9+,18,4
2024,2024_07_TEN_BUF,TEN,down 1-8,7,2
2024,2024_07_TEN_BUF,TEN,tied,16,4
2024,2024_07_TEN_BUF,TEN,up 1-8,25,14
2024,2024_08_ARI_MIA,ARI,down 9+,20,6
2024,2024_08_ARI_MIA,ARI,down 1-8,42,20
2024,2024_08_ARI_MIA,MIA,tied,10,3
2024,2024_08_ARI_MIA,MIA,up 1-8,52,21
2024,2024_08_ARI_MIA,MIA,up 9+,2,1
2024,2024_08_ATL_TB,ATL,down 1-8,7,4
2024,2024_08_ATL_TB,ATL,tied,14,3
2024,2024_08_ATL_TB,ATL,up 1-8,37,20
2024,2024_08_ATL_TB,ATL,up 9+,2,2
2024,2024_08_ATL_TB,TB,down 9+,17,2
2024,2024_08_ATL_TB,TB,down 1-8,36,13
2024,2024_08_ATL_TB,TB,tied,17,6
2024,2024_08_BAL_CLE,BAL,down 1-8,47,16
2024,2024_08_BAL_CLE,BAL,tied,13,5
2024,2024_08_BAL_CLE,CLE,down 1-8,24,6
2024,2024_08_BAL_CLE,CLE,tied,26,11
2024,2024_08_BAL_CLE,CLE,up 1-8,17,6
2024,2024_08_BUF_SEA,BUF,tied,14,6
2024,2024_08_BUF_SEA,BUF,up 1-8,21,6
2024,2024_08_BUF_SEA,BUF,up 9+,31,19
2024,2024_08_BUF_SEA,SEA,down 9+,24,7
2024,2024_08_BUF_SEA,SEA,down 1-8,19,9
2024,2024_08_BUF_SEA,SEA,tied,3,0
2024,2024_08_CAR_DEN,CAR,down 9+,38,10
2024,2024_08_CAR_DEN,CAR,down 1-8,5,2
2024,2024_08_CAR_DEN,CAR,tied,14,6
2024,2024_08_CAR_DEN,CAR,up 1-8,3,2
2024,2024_08_CAR_DEN,DEN,down 1-8,16,4
2024,2024_08_CAR_DEN,DEN,tied,10,4
2024,2024_08_CAR_DEN,DEN,up 1-8,10,4
2024,2024_08_CAR_DEN,DEN,up 9+,35,18
2024,2024_08_CHI_WAS,CHI,down 9+,20,12
2024,2024_08_CHI_WAS,CHI,down 1-8,37,20
2024,2024_08_CHI_WAS,CHI,tied,3,1
2024,2024_08_CHI_WAS,CHI,up 1-8,1,0
2024,2024_08_CHI_WAS,WAS,down 1-8,4,0
2024,2024_08_CHI_WAS,WAS,tied,8,6
2024,2024_08_CHI_WAS,WAS,up 1-8,37,16
2024,2024_08_CHI_WAS,WAS,up 9+,23,10
2024,2024_08_DAL_SF,DAL,down 9+,20,6
2024,2024_08_DAL_SF,DAL,down 1-8,23,8
2024,2024_08_DAL_SF,DAL,tied,5,3
2024,2024_08_DAL_SF,DAL,up 1-8,10,1
2024,2024_08_DAL_SF,SF,down 1-8,22,10
2024,2024_08_DAL_SF,SF,tied,6,3
2024,2024_08_DAL_SF,SF,up 1-8,18,10
2024,2024_08_DAL_SF,SF,up 9+,17,12
2024,2024_08_GB_JAX,GB,down 1-8,8,7
2024,2024_08_GB_JAX,GB,tied,27,16
2024,2024_08_GB_JAX,GB,up 1-8,23,9
2024,2024_08_GB_JAX,GB,up 9+,6,4
2024,2024_08_GB_JAX,JAX,down 9+,16,8
2024,2024_08_GB_JAX,JAX,down 1-8,32,12
2024,2024_08_GB_JAX,JAX,tied,8,3
2024,2024_08_IND_HOU,HOU,down 1-8,10,4
2024,2024_08_IND_HOU,HOU,tied,31,9
2024,2024_08_IND_HOU,HOU,up 1-8,27,16
2024,2024_08_IND_HOU,IND,down 9+,20,10
2024,2024_08_IND_HOU,IND,down 1-8,20,6
2024,2024_08_IND_HOU,IND,tied,21,9
2024,2024_08_KC_LV,KC,down 1-8,13,4
2024,2024_08_KC_LV,KC,tied,14,6
2024,2024_08_KC_LV,KC,up 1-8,37,16
2024,2024_08_KC_LV,LV,down 9+,11,0
2024,2024_08_KC_LV,LV,down 1-8,33,16
2024,2024_08_KC_LV,LV,tied,9,4
2024,2024_08_MIN_LA,LA,down 1-8,27,10
2024,2024_08_MIN_LA,LA,tied,20,9
2024,2024_08_MIN_LA,LA,up 1-8,16,10
2024,2024_08_MIN_LA,MIN,down 1-8,14,5
2024,2024_08_MIN_LA,MIN,tied,35,16
2024,2024_08_NO_LAC,LAC,down 1-8,11,4
2024,2024_08_NO_LAC,LAC,tied,7,2
2024,2024_08_NO_LAC,LAC,up 1-8,30,17
2024,2024_08_NO_LAC,LAC,up 9+,15,5
2024,2024_08_NO_LAC,NO,down 9+,33,9
2024,2024_08_NO_LAC,NO,down 1-8,24,5
2024,2024_08_NO_LAC,NO,tied,4,4
2024,2024_08_NO_LAC,NO,up 1-8,7,3
2024,2024_08_NYG_PIT,NYG,down 9+,12,3
2024,2024_08_NYG_PIT,NYG,down 1-8,45,16
2024,2024_08_NYG_PIT,NYG,tied,11,6
2024,2024_08_NYG_PIT,PIT,tied,31,15
2024,2024_08_NYG_PIT,PIT,up 1-8,30,15
2024,2024_08_NYJ_NE,NE,down 1-8,45,20
2024,2024_08_NYJ_NE,NE,tied,13,9
2024,2024_08_NYJ_NE,NE,up 1-8,6,2
2024,2024_08_NYJ_NE,NYJ,down 1-8,33,17
2024,2024_08_NYJ_NE,NYJ,tied,3,1
2024,2024_08_NYJ_NE,NYJ,up 1-8,22,10
2024,2024_08_PHI_CIN,CIN,down 9+,7,3
2024,2024_08_PHI_CIN,CIN,down 1-8,17,8
2024,2024_08_PHI_CIN,CIN,tied,18,5
2024,2024_08_PHI_CIN,CIN,up 1-8,15,3
2024,2024_08_PHI_CIN,PHI,down 1-8,28,17
2024,2024_08_PHI_CIN,PHI,tied,11,6
2024,2024_08_PHI_CIN,PHI,up 1-8,3,2
2024,2024_08_PHI_CIN,PHI,up 9+,17,14
2024,2024_08_TEN_DET,DET,tied,9,4
2024,2024_08_TEN_DET,DET,up 1-8,8,2
2024,2024_08_TEN_DET,DET,up 9+,30,18
2024,2024_08_TEN_DET,TEN,down 9+,51,24
2024,2024_08_TEN_DET,TEN,down 1-8,16,6
2024,2024_08_TEN_DET,TEN,tied,4,2
2024,2024_09_CHI_ARI,ARI,tied,12,6
2024,2024_09_CHI_ARI,ARI,up 1-8,18,10
2024,2024_09_CHI_ARI,ARI,up 9+,27,18
2024,2024_09_CHI_ARI,CHI,down 9+,32,11
2024,2024_09_CHI_ARI,CHI,down 1-8,24,7
2024,2024_09_CHI_ARI,CHI,tied,13,4
2024,2024_09_DAL_ATL,ATL,down 1-8,7,3
2024,2024_09_DAL_ATL,ATL,tied,4,2
2024,2024_09_DAL_ATL,ATL,up 1-8,30,15
2024,2024_09_DAL_ATL,ATL,up 9+,13,7
2024,2024_09_DAL_ATL,DAL,down 9+,49,15
2024,2024_09_DAL_ATL,DAL,down 1-8,19,5
2024,2024_09_DAL_ATL,DAL,tied,6,1
2024,2024_09_DEN_BAL,BAL,tied,10,5
2024,2024_09_DEN_BAL,BAL,up 1-8,13,5
2024,2024_09_DEN_BAL,BAL,up 9+,30,23
2024,2024_09_DEN_BAL,DEN,down 9+,47,20
2024,2024_09_DEN_BAL,DEN,down 1-8,7,2
2024,2024_09_DEN_BAL,DEN,tied,13,7
2024,2024_09_DET_GB,DET,down 1-8,13,8
2024,2024_09_DET_GB,DET,up 1-8,13,5
2024,2024_09_DET_GB,DET,up 9+,26,16
2024,2024_09_DET_GB,GB,down 9+,36,10
2024,2024_09_DET_GB,GB,down 1-8,14,5
2024,2024_09_DET_GB,GB,tied,13,8
2024,2024_09_HOU_NYJ,HOU,down 9+,14,2
2024,2024_09_HOU_NYJ,HOU,down 1-8,11,6
2024,2024_09_HOU_NYJ,HOU,tied,43,25
2024,2024_09_HOU_NYJ,HOU,up 1-8,6,2
2024,2024_09_HOU_NYJ,NYJ,down 1-8,30,10
2024,2024_09_HOU_NYJ,NYJ,tied,16,6
2024,2024_09_HOU_NYJ,NYJ,up 1-8,8,4
2024,2024_09_IND_MIN,IND,down 9+,5,0
2024,2024_09_IND_MIN,IND,down 1-8,19,8
2024,2024_09_IND_MIN,IND,tied,17,8
2024,2024_09_IND_MIN,IND,up 1-8,7,2
2024,2024_09_IND_MIN,MIN,down 1-8,24,8
2024,2024_09_IND_MIN,MIN,tied,31,13
2024,2024_09_IND_MIN,MIN,up 1-8,15,10
2024,2024_09_JAX_PHI,JAX,down 9+,31,11
2024,2024_09_JAX_PHI,JAX,down 1-8,21,6
2024,2024_09_JAX_PHI,PHI,tied,8,4
2024,2024_09_JAX_PHI,PHI,up 1-8,39,25
2024,2024_09_JAX_PHI,PHI,up 9+,26,16
2024,2024_09_LAC_CLE,CLE,down 9+,55,16
2024,2024_09_LAC_CLE,CLE,down 1-8,16,6
2024,2024_09_LAC_CLE,CLE,tied,5,2
2024,2024_09_LAC_CLE,LAC,tied,10,3
2024,2024_09_LAC_CLE,LAC,up 1-8,9,4
2024,2024_09_LAC_CLE,LAC,up 9+,35,14
2024,2024_09_LA_SEA,LA,down 9+,11,6
2024,2024_09_LA_SEA,LA,down 1-8,14,4
2024,2024_09_LA_SEA,LA,tied,34,9
2024,2024_09_LA_SEA,LA,up 1-8,9,5
2024,2024_09_LA_SEA,SEA,down 1-8,28,6
2024,2024_09_LA_SEA,SEA,tied,39,24
2024,2024_09_LA_SEA,SEA,up 1-8,6,2
2024,2024_09_LV_CIN,CIN,down 1-8,13,5
2024,2024_09_LV_CIN,CIN,tied,18,5
2024,2024_09_LV_CIN,CIN,up 1-8,7,3
2024,2024_09_LV_CIN,CIN,up 9+,31,16
2024,2024_09_LV_CIN,LV,down 9+,32,9
2024,2024_09_LV_CIN,LV,down 1-8,10,2
2024,2024_09_LV_CIN,LV,tied,17,10
2024,2024_09_MIA_BUF,BUF,down 1-8,24,8
2024,2024_09_MIA_BUF,BUF,tied,34,11
2024,2024_09_MIA_BUF,BUF,up 1-8,1,0
2024,2024_09_MIA_BUF,MIA,down 1-8,37,17
2024,2024_09_MIA_BUF,MIA,tied,19,11
2024,2024_09_MIA_BUF,MIA,up 1-8,3,2
2024,2024_09_NE_TEN,NE,down 1-8,55,19
2024,2024_09_NE_TEN,NE,tied,9,1
2024,2024_09_NE_TEN,TEN,down 1-8,13,8
2024,2024_09_NE_TEN,TEN,tied,30,18
2024,2024_09_NE_TEN,TEN,up 1-8,30,13
2024,2024_09_NO_CAR,CAR,down 1-8,45,21
2024,2024_09_NO_CAR,CAR,up 1-8,4,0
2024,2024_09_NO_CAR,NO,down 1-8,37,20
2024,2024_09_NO_CAR,NO,tied,9,5
2024,2024_09_NO_CAR,NO,up 1-8,29,16
2024,2024_09_TB_KC,KC,down 1-8,26,11
2024,2024_09_TB_KC,KC,tied,45,21
2024,2024_09_TB_KC,KC,up 1-8,12,3
2024,2024_09_TB_KC,TB,down 1-8,37,15
2024,2024_09_TB_KC,TB,tied,8,3
2024,2024_09_TB_KC,TB,up 1-8,7,1
2024,2024_09_WAS_NYG,NYG,down 9+,31,10
2024,2024_09_WAS_NYG,NYG,down 1-8,21,14
2024,2024_09_WAS_NYG,NYG,tied,9,7
2024,2024_09_WAS_NYG,WAS,tied,17,12
2024,2024_09_WAS_NYG,WAS,up 1-8,28,18
2024,2024_09_WAS_NYG,WAS,up 9+,12,5
2024,2024_10_ATL_NO,ATL,down 9+,35,17
2024,2024_10_ATL_NO,ATL,down 1-8,29,11
2024,2024_10_ATL_NO,ATL,tied,9,4
2024,2024_10_ATL_NO,NO,tied,23,12
2024,2024_10_ATL_NO,NO,up 1-8,25,12
2024,2024_10_ATL_NO,NO,up 9+,3,2
2024,2024_10_BUF_IND,BUF,down 1-8,8,4
2024,2024_10_BUF_IND,BUF,tied,5,1
2024,2024_10_BUF_IND,BUF,up 1-8,43,17
2024,2024_10_BUF_IND,BUF,up 9+,13,8
2024,2024_10_BUF_IND,IND,down 9+,18,3
2024,2024_10_BUF_IND,IND,down 1-8,38,16
2024,2024_10_BUF_IND,IND,tied,5,3
2024,2024_10_CIN_BAL,BAL,down 9+,11,7
2024,2024_10_CIN_BAL,BAL,down 1-8,29,11
2024,2024_10_CIN_BAL,BAL,tied,17,6
2024,2024_10_CIN_BAL,BAL,up 1-8,1,1
2024,2024_10_CIN_BAL,CIN,down 1-8,11,0
2024,2024_10_CIN_BAL,CIN,tied,32,10
2024,2024_10_CIN_BAL,CIN,up 1-8,28,4
2024,2024_10_CIN_BAL,CIN,up 9+,5,2
2024,2024_10_DEN_KC,DEN,down 1-8,12,7
2024,2024_10_DEN_KC,DEN,tied,17,6
2024,2024_10_DEN_KC,DEN,up 1-8,26,10
2024,2024_10_DEN_KC,KC,down 9+,11,2
2024,2024_10_DEN_KC,KC,down 1-8,42,12
2024,2024_10_DEN_KC,KC,tied,12,5
2024,2024_10_DET_HOU,DET,down 9+,42,21
2024,2024_10_DET_HOU,DET,down 1-8,11,6
2024,2024_10_DET_HOU,DET,tied,10,6
2024,2024_10_DET_HOU,HOU,tied,16,9
2024,2024_10_DET_HOU,HOU,up 1-8,22,9
2024,2024_10_DET_HOU,HOU,up 9+,27,10
2024,2024_10_MIA_LA,LA,down 9+,39,6
2024,2024_10_MIA_LA,LA,down 1-8,28,12
2024,2024_10_MIA_LA,MIA,tied,5,1
2024,2024_10_MIA_LA,MIA,up 1-8,41,18
2024,2024_10_MIA_LA,MIA,up 9+,6,2
2024,2024_10_MIN_JAX,JAX,down 1-8,18,7
2024,2024_10_MIN_JAX,JAX,tied,3,1
2024,2024_10_MIN_JAX,JAX,up 1-8,22,10
2024,2024_10_MIN_JAX,MIN,down 1-8,59,28
2024,2024_10_MIN_JAX,MIN,tied,11,5
2024,2024_10_MIN_JAX,MIN,up 1-8,10,8
2024,2024_10_NE_CHI,CHI,down 9+,30,6
2024,2024_10_NE_CHI,CHI,down 1-8,26,13
2024,2024_10_NE_CHI,CHI,tied,3,1
2024,2024_10_NE_CHI,NE,tied,23,13
2024,2024_10_NE_CHI,NE,up 1-8,10,4
2024,2024_10_NE_CHI,NE,up 9+,27,17
2024,2024_10_NYG_CAR,CAR,tied,14,8
2024,2024_10_NYG_CAR,CAR,up 1-8,29,19
2024,2024_10_NYG_CAR,CAR,up 9+,15,5
2024,2024_10_NYG_CAR,NYG,down 9+,45,26
2024,2024_10_NYG_CAR,NYG,down 1-8,22,5
2024,2024_10_NYG_CAR,NYG,tied,4,2
2024,2024_10_NYJ_ARI,ARI,tied,6,3
2024,2024_10_NYJ_ARI,ARI,up 1-8,19,6
2024,2024_10_NYJ_ARI,ARI,up 9+,31,22
2024,2024_10_NYJ_ARI,NYJ,down 9+,45,12
2024,2024_10_NYJ_ARI,NYJ,down 1-8,10,5
2024,2024_10_PHI_DAL,DAL,down 9+,19,6
2024,2024_10_PHI_DAL,DAL,down 1-8,33,17
2024,2024_10_PHI_DAL,DAL,tied,4,1
2024,2024_10_PHI_DAL,PHI,tied,10,6
2024,2024_10_PHI_DAL,PHI,up 1-8,30,12
2024,2024_10_PHI_DAL,PHI,up 9+,24,19
2024,2024_10_PIT_WAS,PIT,down 9+,9,5
2024,2024_10_PIT_WAS,PIT,down 1-8,27,16
2024,2024_10_PIT_WAS,PIT,tied,23,12
2024,2024_10_PIT_WAS,PIT,up 1-8,13,7
2024,2024_10_PIT_WAS,WAS,down 1-8,32,14
2024,2024_10_PIT_WAS,WAS,tied,6,2
2024,2024_10_PIT_WAS,WAS,up 1-8,21,6
2024,2024_10_SF_TB,SF,down 1-8,10,3
2024,2024_10_SF_TB,SF,tied,28,11
2024,2024_10_SF_TB,SF,up 1-8,21,7
2024,2024_10_SF_TB,TB,down 9+,12,5
2024,2024_10_SF_TB,TB,down 1-8,37,18
2024,2024_10_SF_TB,TB,tied,6,3
2024,2024_10_SF_TB,TB,up 1-8,3,1
2024,2024_10_TEN_LAC,LAC,down 1-8,19,13
2024,2024_10_TEN_LAC,LAC,tied,11,6
2024,2024_10_TEN_LAC,LAC,up 1-8,11,5
2024,2024_10_TEN_LAC,LAC,up 9+,14,13
2024,2024_10_TEN_LAC,TEN,down 9+,19,6
2024,2024_10_TEN_LAC,TEN,down 1-8,21,10
2024,2024_10_TEN_LAC,TEN,up 1-8,11,5
2024,2024_11_ATL_DEN,ATL,down 9+,37,14
2024,2024_11_ATL_DEN,ATL,down 1-8,18,7
2024,2024_11_ATL_DEN,DEN,tied,9,4
2024,2024_11_ATL_DEN,DEN,up 1-8,22,7
2024,2024_11_ATL_DEN,DEN,up 9+,29,15
2024,2024_11_BAL_PIT,BAL,down 1-8,51,16
2024,2024_11_BAL_PIT,BAL,tied,2,2
2024,2024_11_BAL_PIT,BAL,up 1-8,1,0
2024,2024_11_BAL_PIT,PIT,down 1-8,6,1
2024,2024_11_BAL_PIT,PIT,tied,7,2
2024,2024_11_BAL_PIT,PIT,up 1-8,59,29
2024,2024_11_CIN_LAC,CIN,down 9+,21,7
2024,2024_11_CIN_LAC,CIN,down 1-8,23,4
2024,2024_11_CIN_LAC,CIN,tied,34,14
2024,2024_11_CIN_LAC,LAC,down 1-8,5,1
2024,2024_11_CIN_LAC,LAC,tied,17,6
2024,2024_11_CIN_LAC,LAC,up 1-8,19,12
2024,2024_11_CIN_LAC,LAC,up 9+,21,6
2024,2024_11_CLE_NO,CLE,down 9+,13,2
2024,2024_11_CLE_NO,CLE,down 1-8,47,12
2024,2024_11_CLE_NO,CLE,tied,11,6
2024,2024_11_CLE_NO,NO,tied,20,9
2024,2024_11_CLE_NO,NO,up 1-8,34,15
2024,2024_11_CLE_NO,NO,up 9+,2,2
2024,2024_11_GB_CHI,CHI,down 1-8,47,25
2024,2024_11_GB_CHI,CHI,up 1-8,22,9
2024,2024_11_GB_CHI,GB,down 1-8,17,11
2024,2024_11_GB_CHI,GB,tied,8,5
2024,2024_11_GB_CHI,GB,up 1-8,18,9
2024,2024_11_HOU_DAL,DAL,down 9+,48,9
2024,2024_11_HOU_DAL,DAL,down 1-8,31,9
2024,2024_11_HOU_DAL,HOU,tied,6,2
2024,2024_11_HOU_DAL,HOU,up 1-8,38,14
2024,2024_11_HOU_DAL,HOU,up 9+,16,9
2024,2024_11_IND_NYJ,IND,down 1-8,28,10
2024,2024_11_IND_NYJ,IND,tied,8,6
2024,2024_11_IND_NYJ,IND,up 1-8,21,12
2024,2024_11_IND_NYJ,IND,up 9+,12,8
2024,2024_11_IND_NYJ,NYJ,down 9+,14,5
2024,2024_11_IND_NYJ,NYJ,down 1-8,17,6
2024,2024_11_IND_NYJ,NYJ,tied,3,2
2024,2024_11_IND_NYJ,NYJ,up 1-8,18,7
2024,2024_11_JAX_DET,DET,down 1-8,9,4
2024,2024_11_JAX_DET,DET,up 1-8,13,7
2024,2024_11_JAX_DET,DET,up 9+,52,30
2024,2024_11_JAX_DET,JAX,down 9+,36,11
2024,2024_11_JAX_DET,JAX,down 1-8,3,2
2024,2024_11_JAX_DET,JAX,tied,8,4
2024,2024_11_KC_BUF,BUF,down 1-8,20,8
2024,2024_11_KC_BUF,BUF,tied,8,2
2024,2024_11_KC_BUF,BUF,up 1-8,41,19
2024,2024_11_KC_BUF,KC,down 9+,15,3
2024,2024_11_KC_BUF,KC,down 1-8,35,13
2024,2024_11_KC_BUF,KC,tied,2,1
2024,2024_11_LA_NE,LA,down 1-8,13,7
2024,2024_11_LA_NE,LA,tied,6,3
2024,2024_11_LA_NE,LA,up 1-8,26,10
2024,2024_11_LA_NE,LA,up 9+,3,1
2024,2024_11_LA_NE,NE,down 9+,33,17
2024,2024_11_LA_NE,NE,down 1-8,13,3
2024,2024_11_LA_NE,NE,tied,16,5
2024,2024_11_LA_NE,NE,up 1-8,10,5
2024,2024_11_LV_MIA,LV,down 9+,31,3
2024,2024_11_LV_MIA,LV,down 1-8,32,14
2024,2024_11_LV_MIA,MIA,tied,14,5
2024,2024_11_LV_MIA,MIA,up 1-8,46,19
2024,2024_11_LV_MIA,MIA,up 9+,3,2
2024,2024_11_MIN_TEN,MIN,down 1-8,3,1
2024,2024_11_MIN_TEN,MIN,tied,3,2
2024,2024_11_MIN_TEN,MIN,up 1-8,23,10
2024,2024_11_MIN_TEN,MIN,up 9+,37,19
2024,2024_11_MIN_TEN,TEN,down 9+,34,8
2024,2024_11_MIN_TEN,TEN,down 1-8,5,2
2024,2024_11_MIN_TEN,TEN,tied,16,9
2024,2024_11_SEA_SF,SEA,down 1-8,51,21
2024,2024_11_SEA_SF,SEA,tied,8,2
2024,2024_11_SEA_SF,SF,down 1-8,27,14
2024,2024_11_SEA_SF,SF,tied,3,1
2024,2024_11_SEA_SF,SF,up 1-8,27,12
2024,2024_11_WAS_PHI,PHI,down 1-8,46,27
2024,2024_11_WAS_PHI,PHI,tied,16,7
2024,2024_11_WAS_PHI,PHI,up 1-8,5,3
2024,2024_11_WAS_PHI,PHI,up 9+,2,2
2024,2024_11_WAS_PHI,WAS,down 9+,17,4
2024,2024_11_WAS_PHI,WAS,down 1-8,9,4
2024,2024_11_WAS_PHI,WAS,tied,7,4
2024,2024_11_WAS_PHI,WAS,up 1-8,31,16
2024,2024_12_ARI_SEA,ARI,down 9+,21,3
2024,2024_12_ARI_SEA,ARI,down 1-8,11,5
2024,2024_12_ARI_SEA,ARI,tied,21,5
2024,2024_12_ARI_SEA,ARI,up 1-8,3,1
2024,2024_12_ARI_SEA,SEA,down 1-8,14,7
2024,2024_12_ARI_SEA,SEA,tied,13,4
2024,2024_12_ARI_SEA,SEA,up 1-8,21,8
2024,2024_12_ARI_SEA,SEA,up 9+,11,4
2024,2024_12_BAL_LAC,BAL,down 9+,7,5
2024,2024_12_BAL_LAC,BAL,down 1-8,16,9
2024,2024_12_BAL_LAC,BAL,up 1-8,30,15
2024,2024_12_BAL_LAC,BAL,up 9+,6,6
2024,2024_12_BAL_LAC,LAC,down 9+,14,2
2024,2024_12_BAL_LAC,LAC,down 1-8,16,4
2024,2024_12_BAL_LAC,LAC,tied,9,7
2024,2024_12_BAL_LAC,LAC,up 1-8,21,7
2024,2024_12_DAL_WAS,DAL,down 1-8,33,16
2024,2024_12_DAL_WAS,DAL,tied,6,1
2024,2024_12_DAL_WAS,DAL,up 1-8,22,11
2024,2024_12_DAL_WAS,WAS,down 9+,13,2
2024,2024_12_DAL_WAS,WAS,down 1-8,14,5
2024,2024_12_DAL_WAS,WAS,tied,16,11
2024,2024_12_DAL_WAS,WAS,up 1-8,24,8
2024,2024_12_DEN_LV,DEN,down 1-8,19,8
2024,2024_12_DEN_LV,DEN,tied,15,5
2024,2024_12_DEN_LV,DEN,up 1-8,31,9
2024,2024_12_DEN_LV,LV,down 9+,21,0
2024,2024_12_DEN_LV,LV,down 1-8,24,10
2024,2024_12_DEN_LV,LV,tied,9,2
2024,2024_12_DEN_LV,LV,up 1-8,19,4
2024,2024_12_DET_IND,DET,down 1-8,16,9
2024,2024_12_DET_IND,DET,up 1-8,35,12
2024,2024_12_DET_IND,DET,up 9+,20,11
2024,2024_12_DET_IND,IND,down 9+,16,5
2024,2024_12_DET_IND,IND,down 1-8,16,5
2024,2024_12_DET_IND,IND,tied,10,7
2024,2024_12_DET_IND,IND,up 1-8,6,3
2024,2024_12_KC_CAR,CAR,down 9+,32,12
2024,2024_12_KC_CAR,CAR,down 1-8,27,10
2024,2024_12_KC_CAR,KC,tied,9,4
2024,2024_12_KC_CAR,KC,up 1-8,59,22
2024,2024_12_MIN_CHI,CHI,down 9+,21,4
2024,2024_12_MIN_CHI,CHI,down 1-8,23,4
2024,2024_12_MIN_CHI,CHI,tied,30,14
2024,2024_12_MIN_CHI,MIN,down 1-8,3,1
2024,2024_12_MIN_CHI,MIN,tied,25,10
2024,2024_12_MIN_CHI,MIN,up 1-8,32,15
2024,2024_12_MIN_CHI,MIN,up 9+,5,1
2024,2024_12_NE_MIA,MIA,tied,12,4
2024,2024_12_NE_MIA,MIA,up 1-8,9,3
2024,2024_12_NE_MIA,MIA,up 9+,42,14
2024,2024_12_NE_MIA,NE,down 9+,46,10
2024,2024_12_NE_MIA,NE,down 1-8,3,1
2024,2024_12_NE_MIA,NE,tied,14,9
2024,2024_12_PHI_LA,LA,down 9+,36,8
2024,2024_12_PHI_LA,LA,down 1-8,13,4
2024,2024_12_PHI_LA,LA,tied,5,4
2024,2024_12_PHI_LA,LA,up 1-8,6,2
2024,2024_12_PHI_LA,PHI,down 1-8,25,15
2024,2024_12_PHI_LA,PHI,tied,11,7
2024,2024_12_PHI_LA,PHI,up 1-8,13,8
2024,2024_12_PHI_LA,PHI,up 9+,17,13
2024,2024_12_PIT_CLE,CLE,down 1-8,26,11
2024,2024_12_PIT_CLE,CLE,tied,6,3
2024,2024_12_PIT_CLE,CLE,up 1-8,24,13
2024,2024_12_PIT_CLE,CLE,up 9+,1,0
2024,2024_12_PIT_CLE,PIT,down 9+,7,5
2024,2024_12_PIT_CLE,PIT,down 1-8,33,15
2024,2024_12_PIT_CLE,PIT,tied,24,12
2024,2024_12_PIT_CLE,PIT,up 1-8,4,2
2024,2024_12_SF_GB,GB,tied,12,7
2024,2024_12_SF_GB,GB,up 1-8,9,6
2024,2024_12_SF_GB,GB,up 9+,46,29
2024,2024_12_SF_GB,SF,down 9+,43,14
2024,2024_12_SF_GB,SF,down 1-8,3,1
2024,2024_12_TB_NYG,NYG,down 9+,47,14
2024,2024_12_TB_NYG,NYG,down 1-8,8,5
2024,2024_12_TB_NYG,TB,tied,14,6
2024,2024_12_TB_NYG,TB,up 1-8,9,4
2024,2024_12_TB_NYG,TB,up 9+,39,22
2024,2024_12_TEN_HOU,HOU,down 9+,10,6
2024,2024_12_TEN_HOU,HOU,down 1-8,29,8
2024,2024_12_TEN_HOU,HOU,tied,3,0
2024,2024_12_TEN_HOU,HOU,up 1-8,12,3
2024,2024_12_TEN_HOU,TEN,down 1-8,20,9
2024,2024_12_TEN_HOU,TEN,tied,7,2
2024,2024_12_TEN_HOU,TEN,up 1-8,37,20
2024,2024_13_ARI_MIN,ARI,down 1-8,4,1
2024,2024_13_ARI_MIN,ARI,tied,39,15
2024,2024_13_ARI_MIN,ARI,up 1-8,33,15
2024,2024_13_ARI_MIN,MIN,down 9+,6,1
2024,2024_13_ARI_MIN,MIN,down 1-8,40,12
2024,2024_13_ARI_MIN,MIN,tied,4,1
2024,2024_13_CHI_DET,CHI,down 9+,44,12
2024,2024_13_CHI_DET,CHI,down 1-8,15,3
2024,2024_13_CHI_DET,DET,tied,14,6
2024,2024_13_CHI_DET,DET,up 1-8,13,10
2024,2024_13_CHI_DET,DET,up 9+,42,17
2024,2024_13_CLE_DEN,CLE,down 9+,19,0
2024,2024_13_CLE_DEN,CLE,down 1-8,44,13
2024,2024_13_CLE_DEN,CLE,tied,19,9
2024,2024_13_CLE_DEN,CLE,up 1-8,3,1
2024,2024_13_CLE_DEN,DEN,down 1-8,19,8
2024,2024_13_CLE_DEN,DEN,tied,21,9
2024,2024_13_CLE_DEN,DEN,up 1-8,19,7
2024,2024_13_HOU_JAX,HOU,tied,23,7
2024,2024_13_HOU_JAX,HOU,up 1-8,27,13
2024,2024_13_HOU_JAX,HOU,up 9+,8,2
2024,2024_13_HOU_JAX,JAX,down 9+,29,7
2024,2024_13_HOU_JAX,JAX,down 1-8,28,15
2024,2024_13_HOU_JAX,JAX,tied,12,3
2024,2024_13_IND_NE,IND,down 1-8,53,32
2024,2024_13_IND_NE,IND,up 1-8,5,2
2024,2024_13_IND_NE,NE,down 1-8,43,23
2024,2024_13_IND_NE,NE,tied,10,4
2024,2024_13_IND_NE,NE,up 1-8,13,4
2024,2024_13_LAC_ATL,ATL,down 1-8,44,17
2024,2024_13_LAC_ATL,ATL,tied,17,10
2024,2024_13_LAC_ATL,ATL,up 1-8,16,10
2024,2024_13_LAC_ATL,LAC,down 1-8,28,8
2024,2024_13_LAC_ATL,LAC,tied,3,2
2024,2024_13_LAC_ATL,LAC,up 1-8,13,4
2024,2024_13_LA_NO,LA,down 1-8,34,19
2024,2024_13_LA_NO,LA,tied,8,3
2024,2024_13_LA_NO,LA,up 1-8,11,5
2024,2024_13_LA_NO,NO,down 1-8,29,14
2024,2024_13_LA_NO,NO,tied,11,4
2024,2024_13_LA_NO,NO,up 1-8,29,13
2024,2024_13_LV_KC,KC,down 1-8,10,1
2024,2024_13_LV_KC,KC,tied,22,6
2024,2024_13_LV_KC,KC,up 1-8,27,8
2024,2024_13_LV_KC,KC,up 9+,6,0
2024,2024_13_LV_KC,LV,down 9+,9,4
2024,2024_13_LV_KC,LV,down 1-8,47,18
2024,2024_13_LV_KC,LV,tied,6,3
2024,2024_13_MIA_GB,GB,tied,6,3
2024,2024_13_MIA_GB,GB,up 1-8,12,8
2024,2024_13_MIA_GB,GB,up 9+,35,14
2024,2024_13_MIA_GB,MIA,down 9+,62,11
2024,2024_13_MIA_GB,MIA,down 1-8,5,3
2024,2024_13_NYG_DAL,DAL,down 1-8,12,8
2024,2024_13_NYG_DAL,DAL,tied,10,1
2024,2024_13_NYG_DAL,DAL,up 1-8,24,8
2024,2024_13_NYG_DAL,DAL,up 9+,20,13
2024,2024_13_NYG_DAL,NYG,down 9+,23,5
2024,2024_13_NYG_DAL,NYG,down 1-8,35,16
2024,2024_13_NYG_DAL,NYG,up 1-8,1,0
2024,2024_13_PHI_BAL,BAL,down 9+,12,3
2024,2024_13_PHI_BAL,BAL,down 1-8,36,17
2024,2024_13_PHI_BAL,BAL,tied,6,4
2024,2024_13_PHI_BAL,BAL,up 1-8,11,6
2024,2024_13_PHI_BAL,BAL,up 9+,6,2
2024,2024_13_PHI_BAL,PHI,down 9+,13,7
2024,2024_13_PHI_BAL,PHI,down 1-8,12,5
2024,2024_13_PHI_BAL,PHI,tied,4,2
2024,2024_13_PHI_BAL,PHI,up 1-8,13,7
2024,2024_13_PHI_BAL,PHI,up 9+,10,10
2024,2024_13_PIT_CIN,CIN,down 9+,20,1
2024,2024_13_PIT_CIN,CIN,down 1-8,14,5
2024,2024_13_PIT_CIN,CIN,tied,23,9
2024,2024_13_PIT_CIN,PIT,down 1-8,22,8
2024,2024_13_PIT_CIN,PIT,tied,7,0
2024,2024_13_PIT_CIN,PIT,up 1-8,22,10
2024,2024_13_PIT_CIN,PIT,up 9+,13,6
2024,2024_13_SEA_NYJ,NYJ,down 1-8,13,2
2024,2024_13_SEA_NYJ,NYJ,tied,14,6
2024,2024_13_SEA_NYJ,NYJ,up 1-8,28,10
2024,2024_13_SEA_NYJ,NYJ,up 9+,7,3
2024,2024_13_SEA_NYJ,SEA,down 9+,10,6
2024,2024_13_SEA_NYJ,SEA,down 1-8,37,13
2024,2024_13_SEA_NYJ,SEA,tied,9,3
2024,2024_13_SF_BUF,BUF,down 1-8,13,10
2024,2024_13_SF_BUF,BUF,tied,3,1
2024,2024_13_SF_BUF,BUF,up 1-8,1,1
2024,2024_13_SF_BUF,BUF,up 9+,36,23
2024,2024_13_SF_BUF,SF,down 9+,30,16
2024,2024_13_SF_BUF,SF,down 1-8,8,6
2024,2024_13_SF_BUF,SF,tied,8,5
2024,2024_13_TB_CAR,CAR,down 1-8,30,8
2024,2024_13_TB_CAR,CAR,tied,23,7
2024,2024_13_TB_CAR,CAR,up 1-8,15,6
2024,2024_13_TB_CAR,TB,down 1-8,36,15
2024,2024_13_TB_CAR,TB,tied,26,14
2024,2024_13_TB_CAR,TB,up 1-8,14,9
2024,2024_13_TEN_WAS,TEN,down 9+,43,8
2024,2024_13_TEN_WAS,TEN,down 1-8,5,2
2024,2024_13_TEN_WAS,TEN,tied,3,1
2024,2024_13_TEN_WAS,WAS,tied,3,1
2024,2024_13_TEN_WAS,WAS,up 1-8,11,8
2024,2024_13_TEN_WAS,WAS,up 9+,62,35
2024,2024_14_ATL_MIN,ATL,down 9+,16,5
2024,2024_14_ATL_MIN,ATL,down 1-8,24,11
2024,2024_14_ATL_MIN,ATL,tied,23,13
2024,2024_14_ATL_MIN,ATL,up 1-8,8,4
2024,2024_14_ATL_MIN,MIN,down 1-8,9,4
2024,2024_14_ATL_MIN,MIN,tied,18,5
2024,2024_14_ATL_MIN,MIN,up 1-8,19,6
2024,2024_14_ATL_MIN,MIN,up 9+,7,6
2024,2024_14_BUF_LA,BUF,down 9+,41,13
2024,2024_14_BUF_LA,BUF,down 1-8,13,4
2024,2024_14_BUF_LA,LA,tied,21,15
2024,2024_14_BUF_LA,LA,up 1-8,26,16
2024,2024_14_BUF_LA,LA,up 9+,25,11
2024,2024_14_CAR_PHI,CAR,down 1-8,49,25
2024,2024_14_CAR_PHI,CAR,tied,16,6
2024,2024_14_CAR_PHI,CAR,up 1-8,3,2
2024,2024_14_CAR_PHI,PHI,down 1-8,28,14
2024,2024_14_CAR_PHI,PHI,tied,9,5
2024,2024_14_CAR_PHI,PHI,up 1-8,19,12
2024,2024_14_CHI_SF,CHI,down 9+,45,19
2024,2024_14_CHI_SF,CHI,down 1-8,8,2
2024,2024_14_CHI_SF,SF,tied,5,1
2024,2024_14_CHI_SF,SF,up 1-8,11,6
2024,2024_14_CHI_SF,SF,up 9+,44,26
2024,2024_14_CIN_DAL,CIN,down 1-8,25,8
2024,2024_14_CIN_DAL,CIN,tied,32,9
2024,2024_14_CIN_DAL,CIN,up 1-8,6,0
2024,2024_14_CIN_DAL,DAL,down 1-8,19,6
2024,2024_14_CIN_DAL,DAL,tied,40,19
2024,2024_14_CLE_PIT,CLE,down 9+,32,10
2024,2024_14_CLE_PIT,CLE,down 1-8,25,11
2024,2024_14_CLE_PIT,CLE,tied,3,1
2024,2024_14_CLE_PIT,CLE,up 1-8,9,3
2024,2024_14_CLE_PIT,PIT,down 1-8,14,6
2024,2024_14_CLE_PIT,PIT,tied,7,4
2024,2024_14_CLE_PIT,PIT,up 1-8,20,10
2024,2024_14_CLE_PIT,PIT,up 9+,19,13
2024,2024_14_GB_DET,DET,down 1-8,23,11
2024,2024_14_GB_DET,DET,tied,21,8
2024,2024_14_GB_DET,DET,up 1-8,32,15
2024,2024_14_GB_DET,GB,down 9+,16,10
2024,2024_14_GB_DET,GB,down 1-8,28,13
2024,2024_14_JAX_TEN,JAX,down 1-8,54,22
2024,2024_14_JAX_TEN,JAX,up 1-8,3,3
2024,2024_14_JAX_TEN,TEN,down 1-8,15,7
2024,2024_14_JAX_TEN,TEN,tied,10,9
2024,2024_14_JAX_TEN,TEN,up 1-8,37,12
2024,2024_14_LAC_KC,KC,down 1-8,22,12
2024,2024_14_LAC_KC,KC,tied,10,5
2024,2024_14_LAC_KC,KC,up 1-8,31,6
2024,2024_14_LAC_KC,LAC,down 9+,18,9
2024,2024_14_LAC_KC,LAC,down 1-8,39,15
2024,2024_14_LV_TB,LV,down 9+,32,7
2024,2024_14_LV_TB,LV,down 1-8,31,17
2024,2024_14_LV_TB,TB,tied,12,5
2024,2024_14_LV_TB,TB,up 1-8,37,17
2024,2024_14_LV_TB,TB,up 9+,10,4
2024,2024_14_NO_NYG,NO,tied,18,10
2024,2024_14_NO_NYG,NO,up 1-8,41,18
2024,2024_14_NO_NYG,NO,up 9+,6,4
2024,2024_14_NO_NYG,NYG,down 9+,22,8
2024,2024_14_NO_NYG,NYG,down 1-8,42,11
2024,2024_14_NO_NYG,NYG,tied,10,4
2024,2024_14_NYJ_MIA,MIA,down 1-8,36,7
2024,2024_14_NYJ_MIA,MIA,tied,21,7
2024,2024_14_NYJ_MIA,MIA,up 1-8,9,5
2024,2024_14_NYJ_MIA,NYJ,down 1-8,33,11
2024,2024_14_NYJ_MIA,NYJ,tied,14,4
2024,2024_14_NYJ_MIA,NYJ,up 1-8,16,6
2024,2024_14_SEA_ARI,ARI,down 9+,49,17
2024,2024_14_SEA_ARI,ARI,down 1-8,6,3
2024,2024_14_SEA_ARI,ARI,tied,6,2
2024,2024_14_SEA_ARI,ARI,up 1-8,2,1
2024,2024_14_SEA_ARI,SEA,down 1-8,13,5
2024,2024_14_SEA_ARI,SEA,up 1-8,14,8
2024,2024_14_SEA_ARI,SEA,up 9+,34,18
2024,2024_15_ATL_LV,ATL,tied,11,6
2024,2024_15_ATL_LV,ATL,up 1-8,26,17
2024,2024_15_ATL_LV,ATL,up 9+,20,14
2024,2024_15_ATL_LV,LV,down 9+,23,4
2024,2024_15_ATL_LV,LV,down 1-8,28,11
2024,2024_15_ATL_LV,LV,tied,13,7
2024,2024_15_BAL_NYG,BAL,tied,14,8
2024,2024_15_BAL_NYG,BAL,up 1-8,14,4
2024,2024_15_BAL_NYG,BAL,up 9+,30,18
2024,2024_15_BAL_NYG,NYG,down 9+,44,12
2024,2024_15_BAL_NYG,NYG,down 1-8,9,4
2024,2024_15_BAL_NYG,NYG,tied,6,3
2024,2024_15_BUF_DET,BUF,tied,7,4
2024,2024_15_BUF_DET,BUF,up 1-8,31,14
2024,2024_15_BUF_DET,BUF,up 9+,29,15
2024,2024_15_BUF_DET,DET,down 9+,61,13
2024,2024_15_BUF_DET,DET,down 1-8,11,1
2024,2024_15_BUF_DET,DET,tied,3,1
2024,2024_15_CHI_MIN,CHI,down 9+,51,21
2024,2024_15_CHI_MIN,CHI,down 1-8,8,4
2024,2024_15_CHI_MIN,CHI,tied,4,3
2024,2024_15_CHI_MIN,MIN,tied,3,1
2024,2024_15_CHI_MIN,MIN,up 1-8,5,3
2024,2024_15_CHI_MIN,MIN,up 9+,63,25
2024,2024_15_CIN_TEN,CIN,down 1-8,25,10
2024,2024_15_CIN_TEN,CIN,tied,5,1
2024,2024_15_CIN_TEN,CIN,up 1-8,9,1
2024,2024_15_CIN_TEN,CIN,up 9+,24,14
2024,2024_15_CIN_TEN,TEN,down 9+,39,11
2024,2024_15_CIN_TEN,TEN,down 1-8,1,0
2024,2024_15_CIN_TEN,TEN,tied,16,10
2024,2024_15_CIN_TEN,TEN,up 1-8,8,5
2024,2024_15_DAL_CAR,CAR,down 9+,28,5
2024,2024_15_DAL_CAR,CAR,down 1-8,6,3
2024,2024_15_DAL_CAR,CAR,tied,16,8
2024,2024_15_DAL_CAR,DAL,tied,18,9
2024,2024_15_DAL_CAR,DAL,up 1-8,13,7
2024,2024_15_DAL_CAR,DAL,up 9+,37,23
2024,2024_15_GB_SEA,GB,tied,10,8
2024,2024_15_GB_SEA,GB,up 1-8,8,4
2024,2024_15_GB_SEA,GB,up 9+,43,22
2024,2024_15_GB_SEA,SEA,down 9+,52,15
2024,2024_15_GB_SEA,SEA,down 1-8,4,1
2024,2024_15_IND_DEN,DEN,down 9+,14,7
2024,2024_15_IND_DEN,DEN,down 1-8,34,12
2024,2024_15_IND_DEN,DEN,up 9+,10,5
2024,2024_15_IND_DEN,IND,down 9+,18,2
2024,2024_15_IND_DEN,IND,down 1-8,3,2
2024,2024_15_IND_DEN,IND,tied,10,5
2024,2024_15_IND_DEN,IND,up 1-8,38,22
2024,2024_15_IND_DEN,IND,up 9+,3,1
2024,2024_15_KC_CLE,CLE,down 9+,38,12
2024,2024_15_KC_CLE,CLE,down 1-8,21,8
2024,2024_15_KC_CLE,KC,tied,6,2
2024,2024_15_KC_CLE,KC,up 1-8,24,12
2024,2024_15_KC_CLE,KC,up 9+,43,19
2024,2024_15_LA_SF,LA,down 1-8,41,24
2024,2024_15_LA_SF,LA,tied,12,6
2024,2024_15_LA_SF,LA,up 1-8,12,8
2024,2024_15_LA_SF,SF,down 1-8,10,4
2024,2024_15_LA_SF,SF,tied,22,9
2024,2024_15_LA_SF,SF,up 1-8,21,6
2024,2024_15_MIA_HOU,HOU,tied,14,5
2024,2024_15_MIA_HOU,HOU,up 1-8,32,11
2024,2024_15_MIA_HOU,MIA,down 9+,11,3
2024,2024_15_MIA_HOU,MIA,down 1-8,42,13
2024,2024_15_MIA_HOU,MIA,tied,9,3
2024,2024_15_NE_ARI,ARI,tied,5,2
2024,2024_15_NE_ARI,ARI,up 1-8,15,6
2024,2024_15_NE_ARI,ARI,up 9+,43,23
2024,2024_15_NE_ARI,NE,down 9+,40,21
2024,2024_15_NE_ARI,NE,down 1-8,3,1
2024,2024_15_NE_ARI,NE,tied,6,2
2024,2024_15_NYJ_JAX,JAX,down 1-8,22,6
2024,2024_15_NYJ_JAX,JAX,tied,34,18
2024,2024_15_NYJ_JAX,JAX,up 1-8,22,5
2024,2024_15_NYJ_JAX,NYJ,down 1-8,34,13
2024,2024_15_NYJ_JAX,NYJ,tied,14,6
2024,2024_15_NYJ_JAX,NYJ,up 1-8,6,3
2024,2024_15_PIT_PHI,PHI,tied,12,5
2024,2024_15_PIT_PHI,PHI,up 1-8,44,23
2024,2024_15_PIT_PHI,PHI,up 9+,18,11
2024,2024_15_PIT_PHI,PIT,down 9+,18,10
2024,2024_15_PIT_PHI,PIT,down 1-8,20,6
2024,2024_15_PIT_PHI,PIT,tied,3,1
2024,2024_15_TB_LAC,LAC,down 9+,13,1
2024,2024_15_TB_LAC,LAC,down 1-8,24,7
2024,2024_15_TB_LAC,LAC,tied,3,1
2024,2024_15_TB_LAC,LAC,up 1-8,8,2
2024,2024_15_TB_LAC,TB,down 1-8,19,8
2024,2024_15_TB_LAC,TB,tied,19,8
2024,2024_15_TB_LAC,TB,up 1-8,8,6
2024,2024_15_TB_LAC,TB,up 9+,21,17
2024,2024_15_WAS_NO,NO,down 9+,29,6
2024,2024_15_WAS_NO,NO,down 1-8,19,8
2024,2024_15_WAS_NO,NO,tied,3,2
2024,2024_15_WAS_NO,WAS,tied,12,8
2024,2024_15_WAS_NO,WAS,up 1-8,30,9
2024,2024_15_WAS_NO,WAS,up 9+,32,18
2024,2024_16_ARI_CAR,ARI,down 9+,27,13
2024,2024_16_ARI_CAR,ARI,down 1-8,27,12
2024,2024_16_ARI_CAR,ARI,tied,10,4
2024,2024_16_ARI_CAR,CAR,tied,20,14
2024,2024_16_ARI_CAR,CAR,up 1-8,37,19
2024,2024_16_ARI_CAR,CAR,up 9+,7,2
2024,2024_16_CLE_CIN,CIN,tied,8,4
2024,2024_16_CLE_CIN,CIN,up 1-8,19,5
2024,2024_16_CLE_CIN,CIN,up 9+,28,12
2024,2024_16_CLE_CIN,CLE,down 9+,49,16
2024,2024_16_CLE_CIN,CLE,down 1-8,9,3
2024,2024_16_CLE_CIN,CLE,tied,5,5
2024,2024_16_DEN_LAC,DEN,down 9+,6,0
2024,2024_16_DEN_LAC,DEN,down 1-8,9,3
2024,2024_16_DEN_LAC,DEN,tied,22,11
2024,2024_16_DEN_LAC,DEN,up 1-8,19,5
2024,2024_16_DEN_LAC,DEN,up 9+,7,2
2024,2024_16_DEN_LAC,LAC,down 9+,20,7
2024,2024_16_DEN_LAC,LAC,down 1-8,23,12
2024,2024_16_DEN_LAC,LAC,tied,3,2
2024,2024_16_DEN_LAC,LAC,up 1-8,14,5
2024,2024_16_DET_CHI,CHI,down 9+,54,15
2024,2024_16_DET_CHI,CHI,down 1-8,2,2
2024,2024_16_DET_CHI,CHI,tied,3,0
2024,2024_16_DET_CHI,DET,tied,8,4
2024,2024_16_DET_CHI,DET,up 1-8,7,4
2024,2024_16_DET_CHI,DET,up 9+,49,23
2024,2024_16_HOU_KC,HOU,down 1-8,53,16
2024,2024_16_HOU_KC,HOU,tied,5,1
2024,2024_16_HOU_KC,KC,down 1-8,13,4
2024,2024_16_HOU_KC,KC,tied,11,5
2024,2024_16_HOU_KC,KC,up 1-8,44,17
2024,2024_16_JAX_LV,JAX,down 1-8,39,10
2024,2024_16_JAX_LV,JAX,tied,22,11
2024,2024_16_JAX_LV,LV,down 1-8,16,5
2024,2024_16_JAX_LV,LV,tied,13,3
2024,2024_16_JAX_LV,LV,up 1-8,36,16
2024,2024_16_LA_NYJ,LA,down 1-8,25,14
2024,2024_16_LA_NYJ,LA,tied,14,9
2024,2024_16_LA_NYJ,LA,up 1-8,5,2
2024,2024_16_LA_NYJ,LA,up 9+,3,3
2024,2024_16_LA_NYJ,NYJ,down 9+,10,0
2024,2024_16_LA_NYJ,NYJ,down 1-8,4,1
2024,2024_16_LA_NYJ,NYJ,tied,31,12
2024,2024_16_LA_NYJ,NYJ,up 1-8,18,7
2024,2024_16_MIN_SEA,MIN,down 1-8,4,1
2024,2024_16_MIN_SEA,MIN,tied,30,10
2024,2024_16_MIN_SEA,MIN,up 1-8,22,10
2024,2024_16_MIN_SEA,MIN,up 9+,3,0
2024,2024_16_MIN_SEA,SEA,down 9+,8,1
2024,2024_16_MIN_SEA,SEA,down 1-8,49,14
2024,2024_16_MIN_SEA,SEA,tied,3,0
2024,2024_16_NE_BUF,BUF,down 9+,4,2
2024,2024_16_NE_BUF,BUF,down 1-8,28,9
2024,2024_16_NE_BUF,BUF,tied,5,3
2024,2024_16_NE_BUF,BUF,up 1-8,15,11
2024,2024_16_NE_BUF,BUF,up 9+,6,3
2024,2024_16_NE_BUF,NE,down 9+,18,5
2024,2024_16_NE_BUF,NE,down 1-8,10,6
2024,2024_16_NE_BUF,NE,tied,8,4
2024,2024_16_NE_BUF,NE,up 1-8,32,15
2024,2024_16_NO_GB,GB,tied,10,6
2024,2024_16_NO_GB,GB,up 1-8,17,8
2024,2024_16_NO_GB,GB,up 9+,40,23
2024,2024_16_NO_GB,NO,down 9+,47,16
2024,2024_16_NO_GB,NO,down 1-8,6,4
2024,2024_16_NYG_ATL,ATL,down 1-8,7,3
2024,2024_16_NYG_ATL,ATL,tied,12,6
2024,2024_16_NYG_ATL,ATL,up 1-8,9,6
2024,2024_16_NYG_ATL,ATL,up 9+,35,21
2024,2024_16_NYG_ATL,NYG,down 9+,28,4
2024,2024_16_NYG_ATL,NYG,down 1-8,5,2
2024,2024_16_NYG_ATL,NYG,tied,17,7
2024,2024_16_NYG_ATL,NYG,up 1-8,5,0
2024,2024_16_PHI_WAS,PHI,down 1-8,11,5
2024,2024_16_PHI_WAS,PHI,tied,8,6
2024,2024_16_PHI_WAS,PHI,up 1-8,33,18
2024,2024_16_PHI_WAS,PHI,up 9+,19,10
2024,2024_16_PHI_WAS,WAS,down 9+,36,16
2024,2024_16_PHI_WAS,WAS,down 1-8,23,7
2024,2024_16_PHI_WAS,WAS,tied,4,1
2024,2024_16_PHI_WAS,WAS,up 1-8,1,1
2024,2024_16_PIT_BAL,BAL,tied,32,17
2024,2024_16_PIT_BAL,BAL,up 1-8,17,9
2024,2024_16_PIT_BAL,BAL,up 9+,10,9
2024,2024_16_PIT_BAL,PIT,down 9+,19,7
2024,2024_16_PIT_BAL,PIT,down 1-8,32,11
2024,2024_16_PIT_BAL,PIT,tied,8,6
2024,2024_16_SF_MIA,MIA,down 1-8,18,8
2024,2024_16_SF_MIA,MIA,tied,12,6
2024,2024_16_SF_MIA,MIA,up 1-8,33,15
2024,2024_16_SF_MIA,SF,down 9+,16,5
2024,2024_16_SF_MIA,SF,down 1-8,32,7
2024,2024_16_SF_MIA,SF,tied,8,4
2024,2024_16_SF_MIA,SF,up 1-8,3,2
2024,2024_16_TB_DAL,DAL,tied,9,3
2024,2024_16_TB_DAL,DAL,up 1-8,26,7
2024,2024_16_TB_DAL,DAL,up 9+,18,7
2024,2024_16_TB_DAL,TB,down 9+,54,17
2024,2024_16_TB_DAL,TB,down 1-8,16,6
2024,2024_16_TEN_IND,IND,down 1-8,13,10
2024,2024_16_TEN_IND,IND,tied,9,6
2024,2024_16_TEN_IND,IND,up 1-8,15,13
2024,2024_16_TEN_IND,IND,up 9+,25,21
2024,2024_16_TEN_IND,TEN,down 9+,34,13
2024,2024_16_TEN_IND,TEN,down 1-8,4,1
2024,2024_16_TEN_IND,TEN,tied,12,4
2024,2024_16_TEN_IND,TEN,up 1-8,8,4
2024,2024_17_ARI_LA,ARI,down 9+,14,4
2024,2024_17_ARI_LA,ARI,down 1-8,33,9
2024,2024_17_ARI_LA,ARI,tied,27,9
2024,2024_17_ARI_LA,LA,tied,26,12
2024,2024_17_ARI_LA,LA,up 1-8,27,9
2024,2024_17_ATL_WAS,ATL,down 1-8,28,8
2024,2024_17_ATL_WAS,ATL,tied,22,12
2024,2024_17_ATL_WAS,ATL,up 1-8,10,3
2024,2024_17_ATL_WAS,WAS,down 9+,15,5
2024,2024_17_ATL_WAS,WAS,down 1-8,18,11
2024,2024_17_ATL_WAS,WAS,tied,34,13
2024,2024_17_ATL_WAS,WAS,up 1-8,9,6
2024,2024_17_BAL_HOU,BAL,tied,8,6
2024,2024_17_BAL_HOU,BAL,up 1-8,12,7
2024,2024_17_BAL_HOU,BAL,up 9+,41,30
2024,2024_17_BAL_HOU,HOU,down 9+,39,10
2024,2024_17_BAL_HOU,HOU,down 1-8,15,7
2024,2024_17_CAR_TB,CAR,down 9+,34,9
2024,2024_17_CAR_TB,CAR,down 1-8,12,4
2024,2024_17_CAR_TB,TB,tied,17,10
2024,2024_17_CAR_TB,TB,up 1-8,13,6
2024,2024_17_CAR_TB,TB,up 9+,41,21
2024,2024_17_DAL_PHI,DAL,down 9+,31,14
2024,2024_17_DAL_PHI,DAL,down 1-8,13,8
2024,2024_17_DAL_PHI,DAL,tied,16,8
2024,2024_17_DAL_PHI,PHI,tied,16,7
2024,2024_17_DAL_PHI,PHI,up 1-8,10,6
2024,2024_17_DAL_PHI,PHI,up 9+,33,27
2024,2024_17_DEN_CIN,CIN,down 1-8,35,13
2024,2024_17_DEN_CIN,CIN,tied,38,11
2024,2024_17_DEN_CIN,CIN,up 1-8,10,3
2024,2024_17_DEN_CIN,DEN,down 1-8,31,13
2024,2024_17_DEN_CIN,DEN,tied,21,9
2024,2024_17_DEN_CIN,DEN,up 1-8,8,5
2024,2024_17_DET_SF,DET,down 1-8,53,22
2024,2024_17_DET_SF,DET,up 1-8,14,8
2024,2024_17_DET_SF,SF,down 9+,11,1
2024,2024_17_DET_SF,SF,down 1-8,11,1
2024,2024_17_DET_SF,SF,tied,17,9
2024,2024_17_DET_SF,SF,up 1-8,20,7
2024,2024_17_GB_MIN,GB,down 9+,32,10
2024,2024_17_GB_MIN,GB,down 1-8,11,7
2024,2024_17_GB_MIN,GB,tied,15,7
2024,2024_17_GB_MIN,MIN,down 1-8,9,5
2024,2024_17_GB_MIN,MIN,tied,11,3
2024,2024_17_GB_MIN,MIN,up 1-8,18,4
2024,2024_17_GB_MIN,MIN,up 9+,29,11
2024,2024_17_IND_NYG,IND,down 9+,35,14
2024,2024_17_IND_NYG,IND,down 1-8,23,11
2024,2024_17_IND_NYG,IND,tied,16,8
2024,2024_17_IND_NYG,NYG,down 1-8,5,4
2024,2024_17_IND_NYG,NYG,tied,3,2
2024,2024_17_IND_NYG,NYG,up 1-8,38,17
2024,2024_17_IND_NYG,NYG,up 9+,3,3
2024,2024_17_KC_PIT,KC,tied,8,5
2024,2024_17_KC_PIT,KC,up 1-8,35,8
2024,2024_17_KC_PIT,KC,up 9+,16,7
2024,2024_17_KC_PIT,PIT,down 9+,53,21
2024,2024_17_KC_PIT,PIT,down 1-8,17,9
2024,2024_17_KC_PIT,PIT,tied,3,1
2024,2024_17_LAC_NE,LAC,tied,17,6
2024,2024_17_LAC_NE,LAC,up 1-8,11,5
2024,2024_17_LAC_NE,LAC,up 9+,49,26
2024,2024_17_LAC_NE,NE,down 9+,42,17
2024,2024_17_LAC_NE,NE,down 1-8,3,2
2024,2024_17_LAC_NE,NE,tied,3,1
2024,2024_17_LV_NO,LV,down 1-8,16,7
2024,2024_17_LV_NO,LV,tied,16,7
2024,2024_17_LV_NO,LV,up 1-8,26,14
2024,2024_17_LV_NO,LV,up 9+,14,8
2024,2024_17_LV_NO,NO,down 9+,22,4
2024,2024_17_LV_NO,NO,down 1-8,24,6
2024,2024_17_LV_NO,NO,up 1-8,7,3
2024,2024_17_MIA_CLE,CLE,down 9+,42,12
2024,2024_17_MIA_CLE,CLE,down 1-8,16,8
2024,2024_17_MIA_CLE,CLE,tied,18,8
2024,2024_17_MIA_CLE,MIA,tied,27,11
2024,2024_17_MIA_CLE,MIA,up 1-8,6,2
2024,2024_17_MIA_CLE,MIA,up 9+,22,13
2024,2024_17_NYJ_BUF,BUF,tied,12,6
2024,2024_17_NYJ_BUF,BUF,up 1-8,16,7
2024,2024_17_NYJ_BUF,BUF,up 9+,32,19
2024,2024_17_NYJ_BUF,NYJ,down 9+,40,11
2024,2024_17_NYJ_BUF,NYJ,down 1-8,19,10
2024,2024_17_SEA_CHI,CHI,down 1-8,58,23
2024,2024_17_SEA_CHI,SEA,tied,17,10
2024,2024_17_SEA_CHI,SEA,up 1-8,33,14
2024,2024_17_TEN_JAX,JAX,tied,8,5
2024,2024_17_TEN_JAX,JAX,up 1-8,37,23
2024,2024_17_TEN_JAX,JAX,up 9+,11,4
2024,2024_17_TEN_JAX,TEN,down 9+,37,19
2024,2024_17_TEN_JAX,TEN,down 1-8,27,11
2024,2024_18_BUF_NE,BUF,down 1-8,61,30
2024,2024_18_BUF_NE,BUF,tied,4,3
2024,2024_18_BUF_NE,NE,down 1-8,11,3
2024,2024_18_BUF_NE,NE,tied,21,10
2024,2024_18_BUF_NE,NE,up 1-8,26,14
2024,2024_18_CAR_ATL,ATL,down 1-8,38,20
2024,2024_18_CAR_ATL,ATL,tied,36,16
2024,2024_18_CAR_ATL,ATL,up 1-8,3,2
2024,2024_18_CAR_ATL,CAR,down 1-8,14,4
2024,2024_18_CAR_ATL,CAR,tied,50,25
2024,2024_18_CHI_GB,CHI,down 1-8,4,1
2024,2024_18_CHI_GB,CHI,tied,3,0
2024,2024_18_CHI_GB,CHI,up 1-8,49,25
2024,2024_18_CHI_GB,GB,down 9+,7,3
2024,2024_18_CHI_GB,GB,down 1-8,44,25
2024,2024_18_CHI_GB,GB,tied,11,5
2024,2024_18_CIN_PIT,CIN,tied,9,3
2024,2024_18_CIN_PIT,CIN,up 1-8,47,10
2024,2024_18_CIN_PIT,CIN,up 9+,14,7
2024,2024_18_CIN_PIT,PIT,down 9+,27,15
2024,2024_18_CIN_PIT,PIT,down 1-8,31,8
2024,2024_18_CLE_BAL,BAL,tied,6,4
2024,2024_18_CLE_BAL,BAL,up 1-8,13,7
2024,2024_18_CLE_BAL,BAL,up 9+,47,24
2024,2024_18_CLE_BAL,CLE,down 9+,38,9
2024,2024_18_CLE_BAL,CLE,down 1-8,10,5
2024,2024_18_CLE_BAL,CLE,tied,6,4
2024,2024_18_HOU_TEN,HOU,tied,11,5
2024,2024_18_HOU_TEN,HOU,up 1-8,7,2
2024,2024_18_HOU_TEN,HOU,up 9+,39,21
2024,2024_18_HOU_TEN,TEN,down 9+,53,27
2024,2024_18_HOU_TEN,TEN,down 1-8,8,5
2024,2024_18_JAX_IND,IND,down 1-8,8,7
2024,2024_18_JAX_IND,IND,tied,34,14
2024,2024_18_JAX_IND,IND,up 1-8,35,13
2024,2024_18_JAX_IND,JAX,down 1-8,59,28
2024,2024_18_JAX_IND,JAX,tied,7,4
2024,2024_18_KC_DEN,DEN,tied,6,2
2024,2024_18_KC_DEN,DEN,up 1-8,10,6
2024,2024_18_KC_DEN,DEN,up 9+,55,34
2024,2024_18_KC_DEN,KC,down 9+,30,9
2024,2024_18_KC_DEN,KC,down 1-8,3,2
2024,2024_18_LAC_LV,LAC,down 1-8,30,9
2024,2024_18_LAC_LV,LAC,tied,9,5
2024,2024_18_LAC_LV,LAC,up 1-8,20,10
2024,2024_18_LAC_LV,LAC,up 9+,12,10
2024,2024_18_LAC_LV,LV,down 9+,25,3
2024,2024_18_LAC_LV,LV,tied,17,6
2024,2024_18_LAC_LV,LV,up 1-8,5,2
2024,2024_18_MIA_NYJ,MIA,down 9+,41,12
2024,2024_18_MIA_NYJ,MIA,down 1-8,6,1
2024,2024_18_MIA_NYJ,MIA,tied,6,3
2024,2024_18_MIA_NYJ,MIA,up 1-8,15,7
2024,2024_18_MIA_NYJ,NYJ,down 1-8,19,5
2024,2024_18_MIA_NYJ,NYJ,tied,1,0
2024,2024_18_MIA_NYJ,NYJ,up 1-8,29,12
2024,2024_18_MIA_NYJ,NYJ,up 9+,14,6
2024,2024_18_MIN_DET,DET,tied,15,7
2024,2024_18_MIN_DET,DET,up 1-8,38,14
2024,2024_18_MIN_DET,DET,up 9+,13,10
2024,2024_18_MIN_DET,MIN,down 9+,12,2
2024,2024_18_MIN_DET,MIN,down 1-8,41,13
2024,2024_18_MIN_DET,MIN,tied,8,3
2024,2024_18_NO_TB,NO,down 1-8,12,1
2024,2024_18_NO_TB,NO,tied,19,10
2024,2024_18_NO_TB,NO,up 1-8,32,8
2024,2024_18_NO_TB,TB,down 9+,21,10
2024,2024_18_NO_TB,TB,down 1-8,29,12
2024,2024_18_NO_TB,TB,up 1-8,13,8
2024,2024_18_NYG_PHI,NYG,down 9+,20,8
2024,2024_18_NYG_PHI,NYG,down 1-8,24,12
2024,2024_18_NYG_PHI,NYG,tied,10,5
2024,2024_18_NYG_PHI,PHI,tied,4,1
2024,2024_18_NYG_PHI,PHI,up 1-8,53,20
2024,2024_18_NYG_PHI,PHI,up 9+,10,3
2024,2024_18_SEA_LA,LA,down 9+,8,3
2024,2024_18_SEA_LA,LA,down 1-8,51,17
2024,2024_18_SEA_LA,LA,tied,7,1
2024,2024_18_SEA_LA,SEA,down 1-8,8,5
2024,2024_18_SEA_LA,SEA,tied,10,4
2024,2024_18_SEA_LA,SEA,up 1-8,35,14
2024,2024_18_SF_ARI,ARI,down 1-8,12,4
2024,2024_18_SF_ARI,ARI,tied,18,7
2024,2024_18_SF_ARI,ARI,up 1-8,22,9
2024,2024_18_SF_ARI,ARI,up 9+,11,8
2024,2024_18_SF_ARI,SF,down 9+,29,12
2024,2024_18_SF_ARI,SF,down 1-8,23,9
2024,2024_18_SF_ARI,SF,tied,8,3
2024,2024_18_SF_ARI,SF,up 1-8,11,3
2024,2024_18_WAS_DAL,DAL,down 1-8,22,12
2024,2024_18_WAS_DAL,DAL,tied,7,3
2024,2024_18_WAS_DAL,DAL,up 1-8,46,24
2024,2024_18_WAS_DAL,WAS,down 1-8,50,17
2024,2024_18_WAS_DAL,WAS,tied,3,0
2024,2024_18_WAS_DAL,WAS,up 1-8,1,0
2025,2025_01_ARI_NO,ARI,down 1-8,7,4
2025,2025_01_ARI_NO,ARI,tied,25,9
2025,2025_01_ARI_NO,ARI,up 1-8,8,3
2025,2025_01_ARI_NO,ARI,up 9+,21,11
2025,2025_01_ARI_NO,NO,down 9+,28,8
2025,2025_01_ARI_NO,NO,down 1-8,36,13
2025,2025_01_ARI_NO,NO,tied,3,1
2025,2025_01_BAL_BUF,BAL,down 1-8,17,10
2025,2025_01_BAL_BUF,BAL,up 1-8,26,15
2025,2025_01_BAL_BUF,BAL,up 9+,7,4
2025,2025_01_BAL_BUF,BUF,down 9+,47,16
2025,2025_01_BAL_BUF,BUF,down 1-8,20,6
2025,2025_01_BAL_BUF,BUF,tied,7,3
2025,2025_01_BAL_BUF,BUF,up 1-8,3,3
2025,2025_01_CAR_JAX,CAR,down 9+,37,13
2025,2025_01_CAR_JAX,CAR,down 1-8,21,10
2025,2025_01_CAR_JAX,CAR,tied,2,1
2025,2025_01_CAR_JAX,JAX,tied,23,9
2025,2025_01_CAR_JAX,JAX,up 1-8,4,4
2025,2025_01_CAR_JAX,JAX,up 9+,33,17
2025,2025_01_CIN_CLE,CIN,down 1-8,9,3
2025,2025_01_CIN_CLE,CIN,tied,26,13
2025,2025_01_CIN_CLE,CIN,up 1-8,14,7
2025,2025_01_CIN_CLE,CLE,down 1-8,66,23
2025,2025_01_CIN_CLE,CLE,tied,3,1
2025,2025_01_CIN_CLE,CLE,up 1-8,2,0
2025,2025_01_DAL_PHI,DAL,down 1-8,31,9
2025,2025_01_DAL_PHI,DAL,tied,24,13
2025,2025_01_DAL_PHI,PHI,down 1-8,30,19
2025,2025_01_DAL_PHI,PHI,up 1-8,29,16
2025,2025_01_DET_GB,DET,down 9+,61,20
2025,2025_01_DET_GB,DET,down 1-8,3,1
2025,2025_01_DET_GB,GB,tied,12,4
2025,2025_01_DET_GB,GB,up 1-8,8,2
2025,2025_01_DET_GB,GB,up 9+,26,18
2025,2025_01_HOU_LA,HOU,down 1-8,30,13
2025,2025_01_HOU_LA,HOU,tied,15,7
2025,2025_01_HOU_LA,HOU,up 1-8,12,7
2025,2025_01_HOU_LA,LA,down 1-8,23,11
2025,2025_01_HOU_LA,LA,tied,9,3
2025,2025_01_HOU_LA,LA,up 1-8,23,9
2025,2025_01_KC_LAC,KC,down 9+,27,4
2025,2025_01_KC_LAC,KC,down 1-8,28,11
2025,2025_01_KC_LAC,KC,tied,3,2
2025,2025_01_KC_LAC,LAC,tied,7,3
2025,2025_01_KC_LAC,LAC,up 1-8,52,19
2025,2025_01_LV_NE,LV,down 1-8,12,3
2025,2025_01_LV_NE,LV,tied,12,5
2025,2025_01_LV_NE,LV,up 1-8,30,10
2025,2025_01_LV_NE,LV,up 9+,6,5
2025,2025_01_LV_NE,NE,down 9+,14,0
2025,2025_01_LV_NE,NE,down 1-8,27,8
2025,2025_01_LV_NE,NE,tied,18,7
2025,2025_01_LV_NE,NE,up 1-8,9,3
2025,2025_01_MIA_IND,IND,tied,8,2
2025,2025_01_MIA_IND,IND,up 1-8,14,9
2025,2025_01_MIA_IND,IND,up 9+,48,29
2025,2025_01_MIA_IND,MIA,down 9+,42,10
2025,2025_01_MIA_IND,MIA,down 1-8,5,2
2025,2025_01_MIN_CHI,CHI,down 9+,5,1
2025,2025_01_MIN_CHI,CHI,down 1-8,6,1
2025,2025_01_MIN_CHI,CHI,tied,10,4
2025,2025_01_MIN_CHI,CHI,up 1-8,27,12
2025,2025_01_MIN_CHI,CHI,up 9+,15,8
2025,2025_01_MIN_CHI,MIN,down 9+,12,5
2025,2025_01_MIN_CHI,MIN,down 1-8,23,11
2025,2025_01_MIN_CHI,MIN,tied,3,1
2025,2025_01_MIN_CHI,MIN,up 1-8,13,9
2025,2025_01_NYG_WAS,NYG,down 9+,36,14
2025,2025_01_NYG_WAS,NYG,down 1-8,23,8
2025,2025_01_NYG_WAS,NYG,tied,3,1
2025,2025_01_NYG_WAS,WAS,tied,14,7
2025,2025_01_NYG_WAS,WAS,up 1-8,24,12
2025,2025_01_NYG_WAS,WAS,up 9+,24,10
2025,2025_01_PIT_NYJ,NYJ,down 1-8,29,16
2025,2025_01_PIT_NYJ,NYJ,tied,9,8
2025,2025_01_PIT_NYJ,NYJ,up 1-8,26,16
2025,2025_01_PIT_NYJ,PIT,down 9+,18,9
2025,2025_01_PIT_NYJ,PIT,down 1-8,35,10
2025,2025_01_SF_SEA,SEA,down 1-8,15,10
2025,2025_01_SF_SEA,SEA,tied,26,13
2025,2025_01_SF_SEA,SEA,up 1-8,8,3
2025,2025_01_SF_SEA,SF,down 1-8,35,18
2025,2025_01_SF_SEA,SF,tied,35,16
2025,2025_01_TB_ATL,ATL,down 1-8,47,19
2025,2025_01_TB_ATL,ATL,tied,8,2
2025,2025_01_TB_ATL,ATL,up 1-8,15,6
2025,2025_01_TB_ATL,TB,down 1-8,31,13
2025,2025_01_TB_ATL,TB,tied,15,5
2025,2025_01_TB_ATL,TB,up 1-8,9,4
2025,2025_01_TEN_DEN,DEN,down 1-8,27,8
2025,2025_01_TEN_DEN,DEN,tied,16,6
2025,2025_01_TEN_DEN,DEN,up 1-8,26,14
2025,2025_01_TEN_DEN,TEN,down 1-8,27,7
2025,2025_01_TEN_DEN,TEN,tied,25,14
2025,2025_01_TEN_DEN,TEN,up 1-8,3,0
2025,2025_02_ATL_MIN,ATL,tied,5,4
2025,2025_02_ATL_MIN,ATL,up 1-8,42,21
2025,2025_02_ATL_MIN,ATL,up 9+,15,13
2025,2025_02_ATL_MIN,MIN,down 9+,7,2
2025,2025_02_ATL_MIN,MIN,down 1-8,39,17
2025,2025_02_BUF_NYJ,BUF,tied,12,9
2025,2025_02_BUF_NYJ,BUF,up 1-8,5,2
2025,2025_02_BUF_NYJ,BUF,up 9+,50,28
2025,2025_02_BUF_NYJ,NYJ,down 9+,43,18
2025,2025_02_BUF_NYJ,NYJ,down 1-8,1,1
2025,2025_02_BUF_NYJ,NYJ,tied,3,2
2025,2025_02_CAR_ARI,ARI,up 1-8,20,10
2025,2025_02_CAR_ARI,ARI,up 9+,27,11
2025,2025_02_CAR_ARI,CAR,down 9+,53,14
2025,2025_02_CAR_ARI,CAR,down 1-8,22,5
2025,2025_02_CAR_ARI,CAR,tied,3,1
2025,2025_02_CHI_DET,CHI,down 9+,39,16
2025,2025_02_CHI_DET,CHI,down 1-8,22,9
2025,2025_02_CHI_DET,CHI,tied,3,2
2025,2025_02_CHI_DET,DET,tied,13,6
2025,2025_02_CHI_DET,DET,up 1-8,22,8
2025,2025_02_CHI_DET,DET,up 9+,23,16
2025,2025_02_CLE_BAL,BAL,tied,13,5
2025,2025_02_CLE_BAL,BAL,up 1-8,14,4
2025,2025_02_CLE_BAL,BAL,up 9+,23,9
2025,2025_02_CLE_BAL,CLE,down 9+,55,16
2025,2025_02_CLE_BAL,CLE,down 1-8,9,4
2025,2025_02_CLE_BAL,CLE,tied,8,2
2025,2025_02_DEN_IND,DEN,down 1-8,13,5
2025,2025_02_DEN_IND,DEN,up 1-8,41,19
2025,2025_02_DEN_IND,IND,down 1-8,59,30
2025,2025_02_DEN_IND,IND,tied,8,2
2025,2025_02_JAX_CIN,CIN,down 1-8,61,16
2025,2025_02_JAX_CIN,CIN,tied,4,1
2025,2025_02_JAX_CIN,JAX,down 1-8,1,0
2025,2025_02_JAX_CIN,JAX,tied,37,15
2025,2025_02_JAX_CIN,JAX,up 1-8,32,12
2025,2025_02_LAC_LV,LAC,tied,14,5
2025,2025_02_LAC_LV,LAC,up 1-8,8,3
2025,2025_02_LAC_LV,LAC,up 9+,31,16
2025,2025_02_LAC_LV,LV,down 9+,36,7
2025,2025_02_LAC_LV,LV,down 1-8,25,11
2025,2025_02_LAC_LV,LV,tied,4,1
2025,2025_02_LA_TEN,LA,down 1-8,14,4
2025,2025_02_LA_TEN,LA,tied,7,4
2025,2025_02_LA_TEN,LA,up 1-8,27,8
2025,2025_02_LA_TEN,LA,up 9+,9,7
2025,2025_02_LA_TEN,TEN,down 9+,14,1
2025,2025_02_LA_TEN,TEN,down 1-8,35,16
2025,2025_02_LA_TEN,TEN,tied,15,9
2025,2025_02_NE_MIA,MIA,down 9+,8,4
2025,2025_02_NE_MIA,MIA,down 1-8,36,8
2025,2025_02_NE_MIA,MIA,up 1-8,8,3
2025,2025_02_NE_MIA,NE,down 1-8,8,3
2025,2025_02_NE_MIA,NE,tied,10,4
2025,2025_02_NE_MIA,NE,up 1-8,35,20
2025,2025_02_NYG_DAL,DAL,down 9+,8,1
2025,2025_02_NYG_DAL,DAL,down 1-8,53,17
2025,2025_02_NYG_DAL,DAL,tied,12,6
2025,2025_02_NYG_DAL,DAL,up 1-8,10,4
2025,2025_02_NYG_DAL,NYG,down 1-8,18,7
2025,2025_02_NYG_DAL,NYG,tied,21,6
2025,2025_02_NYG_DAL,NYG,up 1-8,26,8
2025,2025_02_PHI_KC,KC,down 9+,9,1
2025,2025_02_PHI_KC,KC,down 1-8,34,18
2025,2025_02_PHI_KC,KC,tied,14,7
2025,2025_02_PHI_KC,PHI,down 1-8,8,2
2025,2025_02_PHI_KC,PHI,tied,20,9
2025,2025_02_PHI_KC,PHI,up 1-8,22,16
2025,2025_02_PHI_KC,PHI,up 9+,6,5
2025,2025_02_SEA_PIT,PIT,down 9+,18,3
2025,2025_02_SEA_PIT,PIT,down 1-8,26,13
2025,2025_02_SEA_PIT,PIT,tied,7,2
2025,2025_02_SEA_PIT,PIT,up 1-8,8,3
2025,2025_02_SEA_PIT,SEA,down 1-8,13,5
2025,2025_02_SEA_PIT,SEA,tied,20,8
2025,2025_02_SEA_PIT,SEA,up 1-8,28,13
2025,2025_02_SEA_PIT,SEA,up 9+,3,3
2025,2025_02_SF_NO,NO,down 9+,39,22
2025,2025_02_SF_NO,NO,down 1-8,18,4
2025,2025_02_SF_NO,NO,tied,10,4
2025,2025_02_SF_NO,SF,tied,17,8
2025,2025_02_SF_NO,SF,up 1-8,37,10
2025,2025_02_SF_NO,SF,up 9+,10,5
2025,2025_02_TB_HOU,HOU,down 1-8,33,13
2025,2025_02_TB_HOU,HOU,tied,12,5
2025,2025_02_TB_HOU,HOU,up 1-8,1,0
2025,2025_02_TB_HOU,TB,down 1-8,34,12
2025,2025_02_TB_HOU,TB,up 1-8,39,18
2025,2025_02_WAS_GB,GB,tied,16,6
2025,2025_02_WAS_GB,GB,up 1-8,22,12
2025,2025_02_WAS_GB,GB,up 9+,23,10
2025,2025_02_WAS_GB,WAS,down 9+,53,16
2025,2025_02_WAS_GB,WAS,down 1-8,9,3
2025,2025_02_WAS_GB,WAS,tied,3,0
2025,2025_03_ARI_SF,ARI,down 1-8,19,8
2025,2025_03_ARI_SF,ARI,tied,40,16
2025,2025_03_ARI_SF,ARI,up 1-8,5,4
2025,2025_03_ARI_SF,SF,down 1-8,15,2
2025,2025_03_ARI_SF,SF,tied,40,15
2025,2025_03_ARI_SF,SF,up 1-8,5,2
2025,2025_03_ATL_CAR,ATL,down 9+,43,16
2025,2025_03_ATL_CAR,ATL,down 1-8,14,5
2025,2025_03_ATL_CAR,ATL,tied,9,2
2025,2025_03_ATL_CAR,CAR,tied,9,2
2025,2025_03_ATL_CAR,CAR,up 1-8,14,7
2025,2025_03_ATL_CAR,CAR,up 9+,31,20
2025,2025_03_CIN_MIN,CIN,down 9+,44,17
2025,2025_03_CIN_MIN,CIN,down 1-8,8,4
2025,2025_03_CIN_MIN,MIN,tied,6,2
2025,2025_03_CIN_MIN,MIN,up 1-8,3,2
2025,2025_03_CIN_MIN,MIN,up 9+,49,27
2025,2025_03_DAL_CHI,CHI,tied,15,6
2025,2025_03_DAL_CHI,CHI,up 1-8,11,4
2025,2025_03_DAL_CHI,CHI,up 9+,29,17
2025,2025_03_DAL_CHI,DAL,down 9+,45,10
2025,2025_03_DAL_CHI,DAL,down 1-8,21,8
2025,2025_03_DAL_CHI,DAL,tied,2,2
2025,2025_03_DEN_LAC,DEN,down 9+,7,1
2025,2025_03_DEN_LAC,DEN,down 1-8,19,9
2025,2025_03_DEN_LAC,DEN,tied,3,0
2025,2025_03_DEN_LAC,DEN,up 1-8,18,10
2025,2025_03_DEN_LAC,LAC,down 1-8,32,7
2025,2025_03_DEN_LAC,LAC,tied,14,5
2025,2025_03_DEN_LAC,LAC,up 1-8,34,16
2025,2025_03_DET_BAL,BAL,down 9+,6,1
2025,2025_03_DET_BAL,BAL,down 1-8,32,15
2025,2025_03_DET_BAL,BAL,tied,17,3
2025,2025_03_DET_BAL,DET,down 1-8,7,3
2025,2025_03_DET_BAL,DET,tied,42,26
2025,2025_03_DET_BAL,DET,up 1-8,16,8
2025,2025_03_GB_CLE,CLE,down 9+,23,8
2025,2025_03_GB_CLE,CLE,down 1-8,19,6
2025,2025_03_GB_CLE,CLE,tied,14,5
2025,2025_03_GB_CLE,GB,tied,19,10
2025,2025_03_GB_CLE,GB,up 1-8,32,17
2025,2025_03_GB_CLE,GB,up 9+,9,3
2025,2025_03_HOU_JAX,HOU,down 1-8,42,12
2025,2025_03_HOU_JAX,HOU,tied,15,6
2025,2025_03_HOU_JAX,JAX,tied,26,11
2025,2025_03_HOU_JAX,JAX,up 1-8,39,12
2025,2025_03_IND_TEN,IND,up 1-8,17,7
2025,2025_03_IND_TEN,IND,up 9+,33,18
2025,2025_03_IND_TEN,TEN,down 9+,55,20
2025,2025_03_IND_TEN,TEN,down 1-8,7,2
2025,2025_03_IND_TEN,TEN,tied,3,1
2025,2025_03_KC_NYG,KC,tied,20,5
2025,2025_03_KC_NYG,KC,up 1-8,35,15
2025,2025_03_KC_NYG,KC,up 9+,9,5
2025,2025_03_KC_NYG,NYG,down 9+,32,11
2025,2025_03_KC_NYG,NYG,down 1-8,16,8
2025,2025_03_KC_NYG,NYG,tied,13,8
2025,2025_03_LA_PHI,LA,down 1-8,20,8
2025,2025_03_LA_PHI,LA,tied,4,1
2025,2025_03_LA_PHI,LA,up 1-8,32,18
2025,2025_03_LA_PHI,LA,up 9+,9,4
2025,2025_03_LA_PHI,PHI,down 9+,23,9
2025,2025_03_LA_PHI,PHI,down 1-8,27,10
2025,2025_03_LA_PHI,PHI,tied,9,6
2025,2025_03_LA_PHI,PHI,up 1-8,4,1
2025,2025_03_LV_WAS,LV,down 9+,38,15
2025,2025_03_LV_WAS,LV,down 1-8,26,14
2025,2025_03_LV_WAS,WAS,tied,7,7
2025,2025_03_LV_WAS,WAS,up 1-8,22,10
2025,2025_03_LV_WAS,WAS,up 9+,24,15
2025,2025_03_MIA_BUF,BUF,down 1-8,7,4
2025,2025_03_MIA_BUF,BUF,tied,28,14
2025,2025_03_MIA_BUF,BUF,up 1-8,22,9
2025,2025_03_MIA_BUF,MIA,down 9+,3,1
2025,2025_03_MIA_BUF,MIA,down 1-8,43,16
2025,2025_03_MIA_BUF,MIA,tied,13,8
2025,2025_03_NO_SEA,NO,down 9+,61,22
2025,2025_03_NO_SEA,NO,down 1-8,3,2
2025,2025_03_NO_SEA,NO,tied,6,3
2025,2025_03_NO_SEA,SEA,tied,6,3
2025,2025_03_NO_SEA,SEA,up 9+,47,29
2025,2025_03_NYJ_TB,NYJ,down 9+,31,9
2025,2025_03_NYJ_TB,NYJ,down 1-8,15,6
2025,2025_03_NYJ_TB,NYJ,tied,15,7
2025,2025_03_NYJ_TB,TB,down 1-8,20,8
2025,2025_03_NYJ_TB,TB,up 1-8,18,11
2025,2025_03_NYJ_TB,TB,up 9+,25,14
2025,2025_03_PIT_NE,NE,down 9+,9,3
2025,2025_03_PIT_NE,NE,down 1-8,51,20
2025,2025_03_PIT_NE,NE,tied,11,6
2025,2025_03_PIT_NE,PIT,tied,22,14
2025,2025_03_PIT_NE,PIT,up 1-8,24,9
2025,2025_04_BAL_KC,BAL,down 9+,30,9
2025,2025_04_BAL_KC,BAL,down 1-8,4,1
2025,2025_04_BAL_KC,BAL,tied,9,4
2025,2025_04_BAL_KC,BAL,up 1-8,10,3
2025,2025_04_BAL_KC,KC,down 1-8,26,11
2025,2025_04_BAL_KC,KC,up 1-8,6,0
2025,2025_04_BAL_KC,KC,up 9+,36,19
2025,2025_04_CAR_NE,CAR,down 9+,38,17
2025,2025_04_CAR_NE,CAR,down 1-8,14,6
2025,2025_04_CAR_NE,CAR,tied,7,3
2025,2025_04_CAR_NE,CAR,up 1-8,6,2
2025,2025_04_CAR_NE,NE,down 1-8,3,2
2025,2025_04_CAR_NE,NE,up 1-8,14,8
2025,2025_04_CAR_NE,NE,up 9+,28,16
2025,2025_04_CHI_LV,CHI,down 1-8,51,20
2025,2025_04_CHI_LV,CHI,tied,6,2
2025,2025_04_CHI_LV,CHI,up 1-8,7,3
2025,2025_04_CHI_LV,LV,down 1-8,27,17
2025,2025_04_CHI_LV,LV,tied,5,2
2025,2025_04_CHI_LV,LV,up 1-8,19,12
2025,2025_04_CIN_DEN,CIN,down 9+,22,6
2025,2025_04_CIN_DEN,CIN,down 1-8,5,2
2025,2025_04_CIN_DEN,CIN,tied,11,4
2025,2025_04_CIN_DEN,CIN,up 1-8,4,2
2025,2025_04_CIN_DEN,DEN,down 1-8,12,7
2025,2025_04_CIN_DEN,DEN,up 1-8,8,2
2025,2025_04_CIN_DEN,DEN,up 9+,57,26
2025,2025_04_CLE_DET,CLE,down 9+,38,14
2025,2025_04_CLE_DET,CLE,down 1-8,10,3
2025,2025_04_CLE_DET,CLE,tied,16,9
2025,2025_04_CLE_DET,DET,down 1-8,5,2
2025,2025_04_CLE_DET,DET,tied,8,3
2025,2025_04_CLE_DET,DET,up 1-8,10,5
2025,2025_04_CLE_DET,DET,up 9+,31,17
2025,2025_04_GB_DAL,DAL,down 9+,14,6
2025,2025_04_GB_DAL,DAL,down 1-8,39,14
2025,2025_04_GB_DAL,DAL,tied,9,3
2025,2025_04_GB_DAL,DAL,up 1-8,5,3
2025,2025_04_GB_DAL,GB,down 1-8,45,21
2025,2025_04_GB_DAL,GB,tied,8,3
2025,2025_04_GB_DAL,GB,up 1-8,20,7
2025,2025_04_GB_DAL,GB,up 9+,5,3
2025,2025_04_IND_LA,IND,down 1-8,27,7
2025,2025_04_IND_LA,IND,tied,19,10
2025,2025_04_IND_LA,IND,up 1-8,9,3
2025,2025_04_IND_LA,LA,down 1-8,34,8
2025,2025_04_IND_LA,LA,tied,17,8
2025,2025_04_IND_LA,LA,up 1-8,16,8
2025,2025_04_JAX_SF,JAX,down 1-8,13,9
2025,2025_04_JAX_SF,JAX,up 1-8,37,16
2025,2025_04_JAX_SF,JAX,up 9+,10,4
2025,2025_04_JAX_SF,SF,down 9+,37,12
2025,2025_04_JAX_SF,SF,down 1-8,11,4
2025,2025_04_JAX_SF,SF,tied,12,7
2025,2025_04_JAX_SF,SF,up 1-8,4,1
2025,2025_04_LAC_NYG,LAC,down 9+,20,3
2025,2025_04_LAC_NYG,LAC,down 1-8,34,10
2025,2025_04_LAC_NYG,LAC,tied,3,1
2025,2025_04_LAC_NYG,NYG,tied,9,7
2025,2025_04_LAC_NYG,NYG,up 1-8,60,35
2025,2025_04_LAC_NYG,NYG,up 9+,1,1
2025,2025_04_MIN_PIT,MIN,down 9+,38,9
2025,2025_04_MIN_PIT,MIN,down 1-8,24,7
2025,2025_04_MIN_PIT,MIN,tied,10,4
2025,2025_04_MIN_PIT,PIT,down 1-8,9,3
2025,2025_04_MIN_PIT,PIT,tied,3,0
2025,2025_04_MIN_PIT,PIT,up 1-8,12,9
2025,2025_04_MIN_PIT,PIT,up 9+,27,15
2025,2025_04_NO_BUF,BUF,tied,14,9
2025,2025_04_NO_BUF,BUF,up 1-8,32,16
2025,2025_04_NO_BUF,BUF,up 9+,8,4
2025,2025_04_NO_BUF,NO,down 9+,21,7
2025,2025_04_NO_BUF,NO,down 1-8,45,28
2025,2025_04_NYJ_MIA,MIA,tied,9,4
2025,2025_04_NYJ_MIA,MIA,up 1-8,31,18
2025,2025_04_NYJ_MIA,MIA,up 9+,16,9
2025,2025_04_NYJ_MIA,NYJ,down 9+,44,17
2025,2025_04_NYJ_MIA,NYJ,down 1-8,14,12
2025,2025_04_PHI_TB,PHI,up 1-8,18,8
2025,2025_04_PHI_TB,PHI,up 9+,40,24
2025,2025_04_PHI_TB,TB,down 9+,39,13
2025,2025_04_PHI_TB,TB,down 1-8,23,11
2025,2025_04_PHI_TB,TB,tied,5,2
2025,2025_04_SEA_ARI,ARI,down 9+,24,7
2025,2025_04_SEA_ARI,ARI,down 1-8,28,7
2025,2025_04_SEA_ARI,ARI,tied,12,3
2025,2025_04_SEA_ARI,SEA,down 1-8,7,3
2025,2025_04_SEA_ARI,SEA,tied,9,5
2025,2025_04_SEA_ARI,SEA,up 1-8,23,15
2025,2025_04_SEA_ARI,SEA,up 9+,25,12
2025,2025_04_TEN_HOU,HOU,tied,10,6
2025,2025_04_TEN_HOU,HOU,up 1-8,42,21
2025,2025_04_TEN_HOU,HOU,up 9+,14,8
2025,2025_04_TEN_HOU,TEN,down 9+,14,5
2025,2025_04_TEN_HOU,TEN,down 1-8,25,11
2025,2025_04_TEN_HOU,TEN,tied,6,2
2025,2025_04_WAS_ATL,ATL,tied,8,5
2025,2025_04_WAS_ATL,ATL,up 1-8,50,28
2025,2025_04_WAS_ATL,ATL,up 9+,3,1
2025,2025_04_WAS_ATL,WAS,down 9+,35,17
2025,2025_04_WAS_ATL,WAS,down 1-8,16,5
2025,2025_05_DAL_NYJ,DAL,down 1-8,6,2
2025,2025_05_DAL_NYJ,DAL,tied,13,6
2025,2025_05_DAL_NYJ,DAL,up 1-8,10,4
2025,2025_05_DAL_NYJ,DAL,up 9+,27,14
2025,2025_05_DAL_NYJ,NYJ,down 9+,45,8
2025,2025_05_DAL_NYJ,NYJ,down 1-8,11,4
2025,2025_05_DAL_NYJ,NYJ,tied,17,9
2025,2025_05_DEN_PHI,DEN,down 9+,22,13
2025,2025_05_DEN_PHI,DEN,down 1-8,19,3
2025,2025_05_DEN_PHI,DEN,tied,20,9
2025,2025_05_DEN_PHI,DEN,up 1-8,10,4
2025,2025_05_DEN_PHI,PHI,down 1-8,20,5
2025,2025_05_DEN_PHI,PHI,tied,10,3
2025,2025_05_DEN_PHI,PHI,up 1-8,16,1
2025,2025_05_DEN_PHI,PHI,up 9+,8,1
2025,2025_05_DET_CIN,CIN,down 9+,48,14
2025,2025_05_DET_CIN,CIN,down 1-8,10,2
2025,2025_05_DET_CIN,DET,tied,7,4
2025,2025_05_DET_CIN,DET,up 1-8,18,9
2025,2025_05_DET_CIN,DET,up 9+,34,18
2025,2025_05_HOU_BAL,BAL,down 9+,26,12
2025,2025_05_HOU_BAL,BAL,down 1-8,14,7
2025,2025_05_HOU_BAL,HOU,tied,10,5
2025,2025_05_HOU_BAL,HOU,up 1-8,15,7
2025,2025_05_HOU_BAL,HOU,up 9+,39,19
2025,2025_05_KC_JAX,JAX,down 9+,13,7
2025,2025_05_KC_JAX,JAX,down 1-8,26,12
2025,2025_05_KC_JAX,JAX,tied,13,7
2025,2025_05_KC_JAX,JAX,up 1-8,2,0
2025,2025_05_KC_JAX,KC,down 1-8,26,11
2025,2025_05_KC_JAX,KC,tied,26,8
2025,2025_05_KC_JAX,KC,up 1-8,11,3
2025,2025_05_LV_IND,IND,down 1-8,13,3
2025,2025_05_LV_IND,IND,tied,3,1
2025,2025_05_LV_IND,IND,up 1-8,4,3
2025,2025_05_LV_IND,IND,up 9+,41,19
2025,2025_05_LV_IND,LV,down 9+,46,17
2025,2025_05_LV_IND,LV,down 1-8,4,1
2025,2025_05_LV_IND,LV,tied,15,7
2025,2025_05_MIA_CAR,CAR,down 9+,23,11
2025,2025_05_MIA_CAR,CAR,down 1-8,37,17
2025,2025_05_MIA_CAR,CAR,up 1-8,2,2
2025,2025_05_MIA_CAR,MIA,down 1-8,6,0
2025,2025_05_MIA_CAR,MIA,tied,10,2
2025,2025_05_MIA_CAR,MIA,up 1-8,29,10
2025,2025_05_MIA_CAR,MIA,up 9+,8,2
2025,2025_05_MIN_CLE,CLE,down 1-8,15,9
2025,2025_05_MIN_CLE,CLE,tied,37,15
2025,2025_05_MIN_CLE,CLE,up 1-8,14,8
2025,2025_05_MIN_CLE,MIN,down 1-8,42,11
2025,2025_05_MIN_CLE,MIN,tied,18,11
2025,2025_05_NE_BUF,BUF,down 9+,8,5
2025,2025_05_NE_BUF,BUF,down 1-8,37,16
2025,2025_05_NE_BUF,BUF,tied,16,8
2025,2025_05_NE_BUF,NE,down 1-8,5,2
2025,2025_05_NE_BUF,NE,tied,37,16
2025,2025_05_NE_BUF,NE,up 1-8,14,4
2025,2025_05_NYG_NO,NO,down 9+,11,5
2025,2025_05_NYG_NO,NO,down 1-8,26,10
2025,2025_05_NYG_NO,NO,tied,3,1
2025,2025_05_NYG_NO,NO,up 1-8,9,3
2025,2025_05_NYG_NO,NO,up 9+,12,10
2025,2025_05_NYG_NO,NYG,down 9+,21,4
2025,2025_05_NYG_NO,NYG,down 1-8,19,12
2025,2025_05_NYG_NO,NYG,tied,8,3
2025,2025_05_NYG_NO,NYG,up 1-8,21,10
2025,2025_05_SF_LA,LA,down 9+,29,8
2025,2025_05_SF_LA,LA,down 1-8,31,8
2025,2025_05_SF_LA,LA,tied,3,0
2025,2025_05_SF_LA,SF,tied,29,5
2025,2025_05_SF_LA,SF,up 1-8,37,19
2025,2025_05_SF_LA,SF,up 9+,16,9
2025,2025_05_TB_SEA,SEA,down 9+,10,1
2025,2025_05_TB_SEA,SEA,down 1-8,34,15
2025,2025_05_TB_SEA,SEA,tied,10,4
2025,2025_05_TB_SEA,TB,down 1-8,14,3
2025,2025_05_TB_SEA,TB,tied,24,11
2025,2025_05_TB_SEA,TB,up 1-8,20,9
2025,2025_05_TEN_ARI,ARI,tied,8,4
2025,2025_05_TEN_ARI,ARI,up 1-8,13,9
2025,2025_05_TEN_ARI,ARI,up 9+,43,16
2025,2025_05_TEN_ARI,TEN,down 9+,43,11
2025,2025_05_TEN_ARI,TEN,down 1-8,18,9
2025,2025_05_WAS_LAC,LAC,down 9+,27,9
2025,2025_05_WAS_LAC,LAC,down 1-8,3,1
2025,2025_05_WAS_LAC,LAC,tied,9,5
2025,2025_05_WAS_LAC,LAC,up 1-8,14,7
2025,2025_05_WAS_LAC,LAC,up 9+,10,4
2025,2025_05_WAS_LAC,WAS,down 9+,14,9
2025,2025_05_WAS_LAC,WAS,down 1-8,9,1
2025,2025_05_WAS_LAC,WAS,tied,7,4
2025,2025_05_WAS_LAC,WAS,up 1-8,7,1
2025,2025_05_WAS_LAC,WAS,up 9+,17,13
2025,2025_06_ARI_IND,ARI,down 1-8,51,19
2025,2025_06_ARI_IND,ARI,tied,19,5
2025,2025_06_ARI_IND,IND,down 1-8,23,12
2025,2025_06_ARI_IND,IND,tied,22,8
2025,2025_06_ARI_IND,IND,up 1-8,11,5
2025,2025_06_BUF_ATL,ATL,tied,17,8
2025,2025_06_BUF_ATL,ATL,up 1-8,29,15
2025,2025_06_BUF_ATL,ATL,up 9+,19,8
2025,2025_06_BUF_ATL,BUF,down 9+,24,10
2025,2025_06_BUF_ATL,BUF,down 1-8,27,13
2025,2025_06_BUF_ATL,BUF,tied,3,1
2025,2025_06_CHI_WAS,CHI,down 1-8,20,10
2025,2025_06_CHI_WAS,CHI,tied,8,4
2025,2025_06_CHI_WAS,CHI,up 1-8,31,12
2025,2025_06_CHI_WAS,WAS,down 9+,8,5
2025,2025_06_CHI_WAS,WAS,down 1-8,34,16
2025,2025_06_CHI_WAS,WAS,up 1-8,17,9
2025,2025_06_CIN_GB,CIN,down 9+,49,11
2025,2025_06_CIN_GB,CIN,down 1-8,9,3
2025,2025_06_CIN_GB,CIN,tied,3,2
2025,2025_06_CIN_GB,GB,tied,22,14
2025,2025_06_CIN_GB,GB,up 1-8,32,17
2025,2025_06_CIN_GB,GB,up 9+,5,1
2025,2025_06_CLE_PIT,CLE,down 9+,57,9
2025,2025_06_CLE_PIT,CLE,down 1-8,18,8
2025,2025_06_CLE_PIT,PIT,tied,7,3
2025,2025_06_CLE_PIT,PIT,up 1-8,35,14
2025,2025_06_CLE_PIT,PIT,up 9+,13,8
2025,2025_06_DAL_CAR,CAR,down 1-8,28,18
2025,2025_06_DAL_CAR,CAR,tied,28,15
2025,2025_06_DAL_CAR,CAR,up 1-8,6,3
2025,2025_06_DAL_CAR,DAL,down 1-8,29,11
2025,2025_06_DAL_CAR,DAL,tied,23,7
2025,2025_06_DEN_NYJ,DEN,down 1-8,32,11
2025,2025_06_DEN_NYJ,DEN,tied,3,2
2025,2025_06_DEN_NYJ,DEN,up 1-8,20,11
2025,2025_06_DEN_NYJ,NYJ,down 1-8,40,20
2025,2025_06_DEN_NYJ,NYJ,tied,6,4
2025,2025_06_DEN_NYJ,NYJ,up 1-8,11,7
2025,2025_06_DET_KC,DET,down 9+,22,4
2025,2025_06_DET_KC,DET,down 1-8,9,3
2025,2025_06_DET_KC,DET,tied,14,10
2025,2025_06_DET_KC,DET,up 1-8,8,6
2025,2025_06_DET_KC,KC,down 1-8,26,10
2025,2025_06_DET_KC,KC,up 1-8,17,6
2025,2025_06_DET_KC,KC,up 9+,15,9
2025,2025_06_LAC_MIA,LAC,down 1-8,34,12
2025,2025_06_LAC_MIA,LAC,tied,10,5
2025,2025_06_LAC_MIA,LAC,up 1-8,12,3
2025,2025_06_LAC_MIA,LAC,up 9+,8,5
2025,2025_06_LAC_MIA,MIA,down 9+,12,6
2025,2025_06_LAC_MIA,MIA,down 1-8,28,9
2025,2025_06_LAC_MIA,MIA,tied,2,1
2025,2025_06_LAC_MIA,MIA,up 1-8,14,5
2025,2025_06_LA_BAL,BAL,down 9+,37,13
2025,2025_06_LA_BAL,BAL,down 1-8,1,0
2025,2025_06_LA_BAL,BAL,tied,28,19
2025,2025_06_LA_BAL,BAL,up 1-8,8,5
2025,2025_06_LA_BAL,LA,down 1-8,22,8
2025,2025_06_LA_BAL,LA,tied,12,2
2025,2025_06_LA_BAL,LA,up 1-8,2,0
2025,2025_06_LA_BAL,LA,up 9+,13,11
2025,2025_06_NE_NO,NE,down 1-8,11,3
2025,2025_06_NE_NO,NE,up 1-8,42,24
2025,2025_06_NE_NO,NE,up 9+,3,2
2025,2025_06_NE_NO,NO,down 9+,12,4
2025,2025_06_NE_NO,NO,down 1-8,35,18
2025,2025_06_NE_NO,NO,tied,4,1
2025,2025_06_PHI_NYG,NYG,down 1-8,21,12
2025,2025_06_PHI_NYG,NYG,up 1-8,19,10
2025,2025_06_PHI_NYG,NYG,up 9+,24,14
2025,2025_06_PHI_NYG,PHI,down 9+,26,5
2025,2025_06_PHI_NYG,PHI,down 1-8,25,11
2025,2025_06_PHI_NYG,PHI,tied,5,4
2025,2025_06_SEA_JAX,JAX,down 9+,19,4
2025,2025_06_SEA_JAX,JAX,down 1-8,28,8
2025,2025_06_SEA_JAX,JAX,tied,18,6
2025,2025_06_SEA_JAX,JAX,up 1-8,3,1
2025,2025_06_SEA_JAX,SEA,down 1-8,10,6
2025,2025_06_SEA_JAX,SEA,tied,6,2
2025,2025_06_SEA_JAX,SEA,up 1-8,30,13
2025,2025_06_SEA_JAX,SEA,up 9+,5,2
2025,2025_06_SF_TB,SF,down 9+,4,0
2025,2025_06_SF_TB,SF,down 1-8,60,20
2025,2025_06_SF_TB,SF,tied,3,2
2025,2025_06_SF_TB,TB,down 1-8,8,4
2025,2025_06_SF_TB,TB,tied,7,3
2025,2025_06_SF_TB,TB,up 1-8,35,19
2025,2025_06_TEN_LV,LV,tied,12,7
2025,2025_06_TEN_LV,LV,up 1-8,11,5
2025,2025_06_TEN_LV,LV,up 9+,31,17
2025,2025_06_TEN_LV,TEN,down 9+,41,9
2025,2025_06_TEN_LV,TEN,down 1-8,14,3
2025,2025_06_TEN_LV,TEN,tied,3,3
2025,2025_07_ATL_SF,ATL,down 9+,13,4
2025,2025_07_ATL_SF,ATL,down 1-8,22,6
2025,2025_07_ATL_SF,ATL,tied,21,8
2025,2025_07_ATL_SF,ATL,up 1-8,4,2
2025,2025_07_ATL_SF,SF,down 1-8,20,13
2025,2025_07_ATL_SF,SF,tied,9,4
2025,2025_07_ATL_SF,SF,up 1-8,33,18
2025,2025_07_ATL_SF,SF,up 9+,2,2
2025,2025_07_CAR_NYJ,CAR,tied,26,10
2025,2025_07_CAR_NYJ,CAR,up 1-8,25,15
2025,2025_07_CAR_NYJ,CAR,up 9+,17,9
2025,2025_07_CAR_NYJ,NYJ,down 9+,24,4
2025,2025_07_CAR_NYJ,NYJ,down 1-8,24,10
2025,2025_07_CAR_NYJ,NYJ,tied,12,6
2025,2025_07_GB_ARI,ARI,down 1-8,8,1
2025,2025_07_GB_ARI,ARI,tied,40,18
2025,2025_07_GB_ARI,ARI,up 1-8,22,9
2025,2025_07_GB_ARI,GB,down 9+,1,0
2025,2025_07_GB_ARI,GB,down 1-8,51,22
2025,2025_07_HOU_SEA,HOU,down 9+,55,9
2025,2025_07_HOU_SEA,HOU,down 1-8,10,6
2025,2025_07_HOU_SEA,HOU,tied,5,2
2025,2025_07_HOU_SEA,SEA,tied,8,4
2025,2025_07_HOU_SEA,SEA,up 1-8,29,15
2025,2025_07_HOU_SEA,SEA,up 9+,28,12
2025,2025_07_IND_LAC,IND,tied,5,2
2025,2025_07_IND_LAC,IND,up 1-8,17,9
2025,2025_07_IND_LAC,IND,up 9+,33,9
2025,2025_07_IND_LAC,LAC,down 9+,66,13
2025,2025_07_IND_LAC,LAC,down 1-8,8,3
2025,2025_07_LA_JAX,JAX,down 9+,68,18
2025,2025_07_LA_JAX,JAX,down 1-8,3,0
2025,2025_07_LA_JAX,JAX,tied,3,1
2025,2025_07_LA_JAX,LA,tied,13,4
2025,2025_07_LA_JAX,LA,up 1-8,6,1
2025,2025_07_LA_JAX,LA,up 9+,39,20
2025,2025_07_LV_KC,KC,tied,9,3
2025,2025_07_LV_KC,KC,up 1-8,17,8
2025,2025_07_LV_KC,KC,up 9+,48,27
2025,2025_07_LV_KC,LV,down 9+,20,9
2025,2025_07_LV_KC,LV,down 1-8,5,1
2025,2025_07_LV_KC,LV,tied,5,1
2025,2025_07_MIA_CLE,CLE,tied,18,14
2025,2025_07_MIA_CLE,CLE,up 1-8,10,7
2025,2025_07_MIA_CLE,CLE,up 9+,24,11
2025,2025_07_MIA_CLE,MIA,down 9+,46,16
2025,2025_07_MIA_CLE,MIA,down 1-8,5,3
2025,2025_07_MIA_CLE,MIA,tied,6,3
2025,2025_07_NE_TEN,NE,down 1-8,28,15
2025,2025_07_NE_TEN,NE,up 1-8,12,5
2025,2025_07_NE_TEN,NE,up 9+,22,14
2025,2025_07_NE_TEN,TEN,down 9+,24,2
2025,2025_07_NE_TEN,TEN,down 1-8,4,1
2025,2025_07_NE_TEN,TEN,tied,15,5
2025,2025_07_NE_TEN,TEN,up 1-8,8,4
2025,2025_07_NO_CHI,CHI,tied,8,5
2025,2025_07_NO_CHI,CHI,up 1-8,23,14
2025,2025_07_NO_CHI,CHI,up 9+,34,19
2025,2025_07_NO_CHI,NO,down 9+,37,11
2025,2025_07_NO_CHI,NO,down 1-8,14,5
2025,2025_07_NO_CHI,NO,tied,2,1
2025,2025_07_NYG_DEN,DEN,down 9+,50,15
2025,2025_07_NYG_DEN,DEN,down 1-8,19,6
2025,2025_07_NYG_DEN,DEN,tied,8,3
2025,2025_07_NYG_DEN,NYG,down 1-8,7,1
2025,2025_07_NYG_DEN,NYG,tied,13,4
2025,2025_07_NYG_DEN,NYG,up 1-8,16,7
2025,2025_07_NYG_DEN,NYG,up 9+,34,20
2025,2025_07_PHI_MIN,MIN,down 9+,32,9
2025,2025_07_PHI_MIN,MIN,down 1-8,35,14
2025,2025_07_PHI_MIN,PHI,tied,12,8
2025,2025_07_PHI_MIN,PHI,up 1-8,33,13
2025,2025_07_PHI_MIN,PHI,up 9+,3,1
2025,2025_07_PIT_CIN,CIN,down 9+,10,3
2025,2025_07_PIT_CIN,CIN,down 1-8,20,7
2025,2025_07_PIT_CIN,CIN,up 1-8,39,10
2025,2025_07_PIT_CIN,PIT,down 9+,16,6
2025,2025_07_PIT_CIN,PIT,down 1-8,14,5
2025,2025_07_PIT_CIN,PIT,tied,8,3
2025,2025_07_PIT_CIN,PIT,up 1-8,16,6
2025,2025_07_TB_DET,DET,tied,6,3
2025,2025_07_TB_DET,DET,up 1-8,29,14
2025,2025_07_TB_DET,DET,up 9+,30,15
2025,2025_07_TB_DET,TB,down 9+,49,7
2025,2025_07_TB_DET,TB,down 1-8,17,4
2025,2025_07_WAS_DAL,DAL,down 1-8,4,1
2025,2025_07_WAS_DAL,DAL,tied,5,2
2025,2025_07_WAS_DAL,DAL,up 1-8,6,2
2025,2025_07_WAS_DAL,DAL,up 9+,45,24
2025,2025_07_WAS_DAL,WAS,down 9+,50,21
2025,2025_07_WAS_DAL,WAS,down 1-8,13,6
2025,2025_07_WAS_DAL,WAS,up 1-8,1,1
2025,2025_08_BUF_CAR,BUF,tied,10,5
2025,2025_08_BUF_CAR,BUF,up 1-8,14,7
2025,2025_08_BUF_CAR,BUF,up 9+,36,23
2025,2025_08_BUF_CAR,CAR,down 9+,41,17
2025,2025_08_BUF_CAR,CAR,down 1-8,15,9
2025,2025_08_BUF_CAR,CAR,tied,3,2
2025,2025_08_CHI_BAL,BAL,down 1-8,15,8
2025,2025_08_CHI_BAL,BAL,up 1-8,43,26
2025,2025_08_CHI_BAL,BAL,up 9+,1,1
2025,2025_08_CHI_BAL,CHI,down 9+,27,9
2025,2025_08_CHI_BAL,CHI,down 1-8,13,4
2025,2025_08_CHI_BAL,CHI,tied,12,7
2025,2025_08_CHI_BAL,CHI,up 1-8,10,3
2025,2025_08_CLE_NE,CLE,down 9+,30,6
2025,2025_08_CLE_NE,CLE,down 1-8,9,4
2025,2025_08_CLE_NE,CLE,up 1-8,14,6
2025,2025_08_CLE_NE,NE,down 1-8,24,8
2025,2025_08_CLE_NE,NE,tied,11,7
2025,2025_08_CLE_NE,NE,up 1-8,7,5
2025,2025_08_CLE_NE,NE,up 9+,20,12
2025,2025_08_DAL_DEN,DAL,down 9+,58,27
2025,2025_08_DAL_DEN,DAL,down 1-8,3,1
2025,2025_08_DAL_DEN,DAL,tied,7,3
2025,2025_08_DAL_DEN,DEN,down 1-8,5,3
2025,2025_08_DAL_DEN,DEN,tied,3,1
2025,2025_08_DAL_DEN,DEN,up 1-8,10,5
2025,2025_08_DAL_DEN,DEN,up 9+,38,17
2025,2025_08_GB_PIT,GB,down 9+,13,4
2025,2025_08_GB_PIT,GB,down 1-8,19,8
2025,2025_08_GB_PIT,GB,tied,3,1
2025,2025_08_GB_PIT,GB,up 1-8,14,4
2025,2025_08_GB_PIT,GB,up 9+,14,8
2025,2025_08_GB_PIT,PIT,down 9+,15,2
2025,2025_08_GB_PIT,PIT,down 1-8,19,8
2025,2025_08_GB_PIT,PIT,tied,6,2
2025,2025_08_GB_PIT,PIT,up 1-8,15,6
2025,2025_08_GB_PIT,PIT,up 9+,3,0
2025,2025_08_MIA_ATL,ATL,down 9+,31,8
2025,2025_08_MIA_ATL,ATL,down 1-8,14,6
2025,2025_08_MIA_ATL,ATL,tied,3,2
2025,2025_08_MIA_ATL,MIA,tied,16,11
2025,2025_08_MIA_ATL,MIA,up 1-8,18,5
2025,2025_08_MIA_ATL,MIA,up 9+,31,21
2025,2025_08_MIN_LAC,LAC,tied,14,7
2025,2025_08_MIN_LAC,LAC,up 1-8,8,7
2025,2025_08_MIN_LAC,LAC,up 9+,48,29
2025,2025_08_MIN_LAC,MIN,down 9+,38,8
2025,2025_08_MIN_LAC,MIN,down 1-8,3,1
2025,2025_08_MIN_LAC,MIN,tied,6,2
2025,2025_08_NYG_PHI,NYG,down 9+,27,9
2025,2025_08_NYG_PHI,NYG,down 1-8,22,11
2025,2025_08_NYG_PHI,PHI,tied,13,7
2025,2025_08_NYG_PHI,PHI,up 1-8,17,9
2025,2025_08_NYG_PHI,PHI,up 9+,24,14
2025,2025_08_NYJ_CIN,CIN,down 1-8,6,2
2025,2025_08_NYJ_CIN,CIN,tied,10,4
2025,2025_08_NYJ_CIN,CIN,up 1-8,36,16
2025,2025_08_NYJ_CIN,CIN,up 9+,6,1
2025,2025_08_NYJ_CIN,NYJ,down 9+,56,29
2025,2025_08_NYJ_CIN,NYJ,down 1-8,14,8
2025,2025_08_SF_HOU,HOU,tied,15,6
2025,2025_08_SF_HOU,HOU,up 1-8,27,15
2025,2025_08_SF_HOU,HOU,up 9+,32,14
2025,2025_08_SF_HOU,SF,down 9+,38,8
2025,2025_08_SF_HOU,SF,down 1-8,7,2
2025,2025_08_TB_NO,NO,down 9+,43,8
2025,2025_08_TB_NO,NO,down 1-8,10,1
2025,2025_08_TB_NO,NO,tied,17,6
2025,2025_08_TB_NO,TB,tied,22,14
2025,2025_08_TB_NO,TB,up 1-8,16,6
2025,2025_08_TB_NO,TB,up 9+,18,9
2025,2025_08_TEN_IND,IND,tied,9,1
2025,2025_08_TEN_IND,IND,up 1-8,14,7
2025,2025_08_TEN_IND,IND,up 9+,29,10
2025,2025_08_TEN_IND,TEN,down 9+,59,21
2025,2025_08_TEN_IND,TEN,down 1-8,7,4
2025,2025_08_WAS_KC,KC,tied,37,16
2025,2025_08_WAS_KC,KC,up 1-8,8,2
2025,2025_08_WAS_KC,KC,up 9+,21,11
2025,2025_08_WAS_KC,WAS,down 9+,15,4
2025,2025_08_WAS_KC,WAS,down 1-8,15,7
2025,2025_08_WAS_KC,WAS,tied,22,9
2025,2025_09_ARI_DAL,ARI,tied,14,4
2025,2025_09_ARI_DAL,ARI,up 1-8,19,9
2025,2025_09_ARI_DAL,ARI,up 9+,30,14
2025,2025_09_ARI_DAL,DAL,down 9+,51,16
2025,2025_09_ARI_DAL,DAL,down 1-8,3,1
2025,2025_09_ARI_DAL,DAL,tied,10,4
2025,2025_09_ATL_NE,ATL,down 9+,20,8
2025,2025_09_ATL_NE,ATL,down 1-8,31,8
2025,2025_09_ATL_NE,ATL,tied,3,0
2025,2025_09_ATL_NE,NE,tied,22,12
2025,2025_09_ATL_NE,NE,up 1-8,36,15
2025,2025_09_ATL_NE,NE,up 9+,7,3
2025,2025_09_BAL_MIA,BAL,down 1-8,7,3
2025,2025_09_BAL_MIA,BAL,up 1-8,24,10
2025,2025_09_BAL_MIA,BAL,up 9+,23,16
2025,2025_09_BAL_MIA,MIA,down 9+,31,6
2025,2025_09_BAL_MIA,MIA,down 1-8,24,11
2025,2025_09_BAL_MIA,MIA,tied,4,2
2025,2025_09_BAL_MIA,MIA,up 1-8,2,1
2025,2025_09_CAR_GB,CAR,down 1-8,10,6
2025,2025_09_CAR_GB,CAR,tied,26,15
2025,2025_09_CAR_GB,CAR,up 1-8,18,12
2025,2025_09_CAR_GB,GB,down 1-8,46,18
2025,2025_09_CAR_GB,GB,tied,17,7
2025,2025_09_CHI_CIN,CHI,down 1-8,54,25
2025,2025_09_CHI_CIN,CHI,up 1-8,20,9
2025,2025_09_CHI_CIN,CHI,up 9+,3,3
2025,2025_09_CHI_CIN,CIN,down 9+,12,0
2025,2025_09_CHI_CIN,CIN,down 1-8,47,10
2025,2025_09_CHI_CIN,CIN,tied,6,4
2025,2025_09_DEN_HOU,DEN,down 1-8,36,12
2025,2025_09_DEN_HOU,DEN,tied,26,11
2025,2025_09_DEN_HOU,HOU,down 1-8,8,2
2025,2025_09_DEN_HOU,HOU,tied,35,13
2025,2025_09_DEN_HOU,HOU,up 1-8,29,13
2025,2025_09_IND_PIT,IND,down 9+,41,8
2025,2025_09_IND_PIT,IND,down 1-8,3,0
2025,2025_09_IND_PIT,IND,tied,15,5
2025,2025_09_IND_PIT,IND,up 1-8,14,6
2025,2025_09_IND_PIT,PIT,down 1-8,19,7
2025,2025_09_IND_PIT,PIT,tied,5,1
2025,2025_09_IND_PIT,PIT,up 1-8,11,3
2025,2025_09_IND_PIT,PIT,up 9+,25,11
2025,2025_09_JAX_LV,JAX,down 1-8,37,20
2025,2025_09_JAX_LV,JAX,tied,39,22
2025,2025_09_JAX_LV,LV,down 1-8,23,7
2025,2025_09_JAX_LV,LV,tied,36,11
2025,2025_09_JAX_LV,LV,up 1-8,2,1
2025,2025_09_KC_BUF,BUF,down 1-8,5,2
2025,2025_09_KC_BUF,BUF,tied,14,6
2025,2025_09_KC_BUF,BUF,up 1-8,44,26
2025,2025_09_KC_BUF,KC,down 9+,18,5
2025,2025_09_KC_BUF,KC,down 1-8,34,13
2025,2025_09_KC_BUF,KC,tied,6,2
2025,2025_09_LAC_TEN,LAC,down 1-8,21,9
2025,2025_09_LAC_TEN,LAC,tied,13,2
2025,2025_09_LAC_TEN,LAC,up 1-8,27,17
2025,2025_09_LAC_TEN,LAC,up 9+,3,1
2025,2025_09_LAC_TEN,TEN,down 9+,10,3
2025,2025_09_LAC_TEN,TEN,down 1-8,17,9
2025,2025_09_LAC_TEN,TEN,tied,14,5
2025,2025_09_LAC_TEN,TEN,up 1-8,3,2
2025,2025_09_MIN_DET,DET,down 9+,15,3
2025,2025_09_MIN_DET,DET,down 1-8,38,15
2025,2025_09_MIN_DET,DET,tied,9,2
2025,2025_09_MIN_DET,MIN,down 1-8,5,2
2025,2025_09_MIN_DET,MIN,tied,14,5
2025,2025_09_MIN_DET,MIN,up 1-8,36,18
2025,2025_09_NO_LA,LA,tied,12,4
2025,2025_09_NO_LA,LA,up 1-8,14,5
2025,2025_09_NO_LA,LA,up 9+,47,30
2025,2025_09_NO_LA,NO,down 9+,30,11
2025,2025_09_NO_LA,NO,down 1-8,6,1
2025,2025_09_NO_LA,NO,tied,3,2
2025,2025_09_SEA_WAS,SEA,tied,12,6
2025,2025_09_SEA_WAS,SEA,up 1-8,7,4
2025,2025_09_SEA_WAS,SEA,up 9+,29,14
2025,2025_09_SEA_WAS,WAS,down 9+,47,27
2025,2025_09_SEA_WAS,WAS,down 1-8,9,6
2025,2025_09_SEA_WAS,WAS,tied,6,3
2025,2025_09_SF_NYG,NYG,down 9+,35,12
2025,2025_09_SF_NYG,NYG,down 1-8,8,3
2025,2025_09_SF_NYG,NYG,tied,13,6
2025,2025_09_SF_NYG,SF,down 1-8,12,6
2025,2025_09_SF_NYG,SF,tied,8,4
2025,2025_09_SF_NYG,SF,up 1-8,9,4
2025,2025_09_SF_NYG,SF,up 9+,34,23
2025,2025_10_ARI_SEA,ARI,down 9+,71,22
2025,2025_10_ARI_SEA,ARI,down 1-8,3,1
2025,2025_10_ARI_SEA,SEA,tied,7,3
2025,2025_10_ARI_SEA,SEA,up 9+,47,38
2025,2025_10_ATL_IND,ATL,down 1-8,29,16
2025,2025_10_ATL_IND,ATL,tied,11,4
2025,2025_10_ATL_IND,ATL,up 1-8,20,8
2025,2025_10_ATL_IND,IND,down 1-8,44,24
2025,2025_10_ATL_IND,IND,tied,17,11
2025,2025_10_ATL_IND,IND,up 1-8,14,6
2025,2025_10_BAL_MIN,BAL,down 1-8,33,15
2025,2025_10_BAL_MIN,BAL,tied,3,1
2025,2025_10_BAL_MIN,BAL,up 1-8,23,17
2025,2025_10_BAL_MIN,BAL,up 9+,7,2
2025,2025_10_BAL_MIN,MIN,down 9+,27,5
2025,2025_10_BAL_MIN,MIN,down 1-8,7,2
2025,2025_10_BAL_MIN,MIN,tied,7,3
2025,2025_10_BAL_MIN,MIN,up 1-8,21,8
2025,2025_10_BUF_MIA,BUF,down 9+,57,19
2025,2025_10_BUF_MIA,BUF,down 1-8,6,2
2025,2025_10_BUF_MIA,BUF,tied,3,1
2025,2025_10_BUF_MIA,MIA,tied,15,10
2025,2025_10_BUF_MIA,MIA,up 1-8,3,1
2025,2025_10_BUF_MIA,MIA,up 9+,33,19
2025,2025_10_CLE_NYJ,CLE,down 9+,9,3
2025,2025_10_CLE_NYJ,CLE,down 1-8,34,16
2025,2025_10_CLE_NYJ,CLE,tied,27,13
2025,2025_10_CLE_NYJ,NYJ,tied,27,17
2025,2025_10_CLE_NYJ,NYJ,up 1-8,18,14
2025,2025_10_DET_WAS,DET,tied,10,5
2025,2025_10_DET_WAS,DET,up 1-8,9,3
2025,2025_10_DET_WAS,DET,up 9+,49,25
2025,2025_10_DET_WAS,WAS,down 9+,43,24
2025,2025_10_DET_WAS,WAS,down 1-8,6,1
2025,2025_10_DET_WAS,WAS,tied,3,2
2025,2025_10_JAX_HOU,HOU,down 9+,53,15
2025,2025_10_JAX_HOU,HOU,down 1-8,15,7
2025,2025_10_JAX_HOU,HOU,tied,3,0
2025,2025_10_JAX_HOU,HOU,up 1-8,1,1
2025,2025_10_JAX_HOU,JAX,down 1-8,3,1
2025,2025_10_JAX_HOU,JAX,tied,6,4
2025,2025_10_JAX_HOU,JAX,up 1-8,8,5
2025,2025_10_JAX_HOU,JAX,up 9+,39,17
2025,2025_10_LA_SF,LA,tied,10,4
2025,2025_10_LA_SF,LA,up 1-8,24,7
2025,2025_10_LA_SF,LA,up 9+,30,16
2025,2025_10_LA_SF,SF,down 9+,58,20
2025,2025_10_LA_SF,SF,down 1-8,3,1
2025,2025_10_LV_DEN,DEN,down 1-8,14,3
2025,2025_10_LV_DEN,DEN,tied,27,14
2025,2025_10_LV_DEN,DEN,up 1-8,14,8
2025,2025_10_LV_DEN,LV,down 1-8,14,7
2025,2025_10_LV_DEN,LV,tied,29,13
2025,2025_10_LV_DEN,LV,up 1-8,15,5
2025,2025_10_NE_TB,NE,down 1-8,30,14
2025,2025_10_NE_TB,NE,tied,4,0
2025,2025_10_NE_TB,NE,up 1-8,21,10
2025,2025_10_NE_TB,NE,up 9+,3,2
2025,2025_10_NE_TB,TB,down 9+,23,7
2025,2025_10_NE_TB,TB,down 1-8,19,6
2025,2025_10_NE_TB,TB,tied,16,5
2025,2025_10_NE_TB,TB,up 1-8,9,4
2025,2025_10_NO_CAR,CAR,down 9+,6,3
2025,2025_10_NO_CAR,CAR,down 1-8,25,10
2025,2025_10_NO_CAR,CAR,tied,12,6
2025,2025_10_NO_CAR,CAR,up 1-8,7,4
2025,2025_10_NO_CAR,NO,down 1-8,19,11
2025,2025_10_NO_CAR,NO,up 1-8,34,13
2025,2025_10_NO_CAR,NO,up 9+,11,10
2025,2025_10_NYG_CHI,CHI,down 9+,26,9
2025,2025_10_NYG_CHI,CHI,down 1-8,4,3
2025,2025_10_NYG_CHI,CHI,tied,27,11
2025,2025_10_NYG_CHI,CHI,up 1-8,5,3
2025,2025_10_NYG_CHI,NYG,down 1-8,15,4
2025,2025_10_NYG_CHI,NYG,tied,24,7
2025,2025_10_NYG_CHI,NYG,up 1-8,18,12
2025,2025_10_NYG_CHI,NYG,up 9+,13,7
2025,2025_10_PHI_GB,GB,down 9+,11,3
2025,2025_10_PHI_GB,GB,down 1-8,26,9
2025,2025_10_PHI_GB,GB,tied,28,15
2025,2025_10_PHI_GB,PHI,tied,40,23
2025,2025_10_PHI_GB,PHI,up 1-8,20,11
2025,2025_10_PIT_LAC,LAC,down 1-8,22,7
2025,2025_10_PIT_LAC,LAC,tied,3,1
2025,2025_10_PIT_LAC,LAC,up 1-8,11,4
2025,2025_10_PIT_LAC,LAC,up 9+,32,18
2025,2025_10_PIT_LAC,PIT,down 9+,28,7
2025,2025_10_PIT_LAC,PIT,down 1-8,5,2
2025,2025_10_PIT_LAC,PIT,tied,6,2
2025,2025_10_PIT_LAC,PIT,up 1-8,11,5
2025,2025_11_BAL_CLE,BAL,down 9+,6,5
2025,2025_11_BAL_CLE,BAL,down 1-8,30,11
2025,2025_11_BAL_CLE,BAL,tied,22,12
2025,2025_11_BAL_CLE,CLE,down 1-8,16,7
2025,2025_11_BAL_CLE,CLE,tied,13,4
2025,2025_11_BAL_CLE,CLE,up 1-8,25,14
2025,2025_11_CAR_ATL,ATL,down 1-8,9,2
2025,2025_11_CAR_ATL,ATL,tied,19,9
2025,2025_11_CAR_ATL,ATL,up 1-8,28,15
2025,2025_11_CAR_ATL,ATL,up 9+,2,2
2025,2025_11_CAR_ATL,CAR,down 9+,11,3
2025,2025_11_CAR_ATL,CAR,down 1-8,43,12
2025,2025_11_CAR_ATL,CAR,tied,21,9
2025,2025_11_CAR_ATL,CAR,up 1-8,1,0
2025,2025_11_CHI_MIN,CHI,down 1-8,24,17
2025,2025_11_CHI_MIN,CHI,tied,6,2
2025,2025_11_CHI_MIN,CHI,up 1-8,29,15
2025,2025_11_CHI_MIN,CHI,up 9+,14,5
2025,2025_11_CHI_MIN,MIN,down 9+,10,7
2025,2025_11_CHI_MIN,MIN,down 1-8,22,5
2025,2025_11_CHI_MIN,MIN,tied,19,9
2025,2025_11_CHI_MIN,MIN,up 1-8,3,1
2025,2025_11_CIN_PIT,CIN,down 9+,22,7
2025,2025_11_CIN_PIT,CIN,down 1-8,41,15
2025,2025_11_CIN_PIT,PIT,tied,8,5
2025,2025_11_CIN_PIT,PIT,up 1-8,51,22
2025,2025_11_DAL_LV,DAL,down 1-8,12,4
2025,2025_11_DAL_LV,DAL,tied,6,4
2025,2025_11_DAL_LV,DAL,up 1-8,12,4
2025,2025_11_DAL_LV,DAL,up 9+,31,15
2025,2025_11_DAL_LV,LV,down 9+,37,7
2025,2025_11_DAL_LV,LV,down 1-8,7,3
2025,2025_11_DAL_LV,LV,tied,13,1
2025,2025_11_DET_PHI,DET,down 9+,13,1
2025,2025_11_DET_PHI,DET,down 1-8,43,19
2025,2025_11_DET_PHI,DET,tied,3,0
2025,2025_11_DET_PHI,PHI,tied,19,9
2025,2025_11_DET_PHI,PHI,up 1-8,41,23
2025,2025_11_DET_PHI,PHI,up 9+,8,7
2025,2025_11_GB_NYG,GB,down 1-8,35,17
2025,2025_11_GB_NYG,GB,tied,10,2
2025,2025_11_GB_NYG,GB,up 1-8,7,4
2025,2025_11_GB_NYG,NYG,down 1-8,53,30
2025,2025_11_GB_NYG,NYG,tied,9,5
2025,2025_11_GB_NYG,NYG,up 1-8,6,2
2025,2025_11_HOU_TEN,HOU,down 1-8,27,10
2025,2025_11_HOU_TEN,HOU,tied,23,7
2025,2025_11_HOU_TEN,HOU,up 1-8,18,6
2025,2025_11_HOU_TEN,TEN,down 1-8,26,6
2025,2025_11_HOU_TEN,TEN,tied,12,4
2025,2025_11_HOU_TEN,TEN,up 1-8,19,7
2025,2025_11_KC_DEN,DEN,down 1-8,8,3
2025,2025_11_KC_DEN,DEN,tied,46,14
2025,2025_11_KC_DEN,DEN,up 1-8,6,3
2025,2025_11_KC_DEN,KC,down 1-8,39,11
2025,2025_11_KC_DEN,KC,tied,20,3
2025,2025_11_KC_DEN,KC,up 1-8,3,0
2025,2025_11_LAC_JAX,JAX,down 1-8,6,4
2025,2025_11_LAC_JAX,JAX,tied,10,6
2025,2025_11_LAC_JAX,JAX,up 1-8,23,15
2025,2025_11_LAC_JAX,JAX,up 9+,30,22
2025,2025_11_LAC_JAX,LAC,down 9+,17,5
2025,2025_11_LAC_JAX,LAC,down 1-8,17,5
2025,2025_11_LAC_JAX,LAC,tied,11,6
2025,2025_11_NYJ_NE,NE,down 1-8,13,8
2025,2025_11_NYJ_NE,NE,tied,8,4
2025,2025_11_NYJ_NE,NE,up 1-8,29,8
2025,2025_11_NYJ_NE,NE,up 9+,10,5
2025,2025_11_NYJ_NE,NYJ,down 9+,28,9
2025,2025_11_NYJ_NE,NYJ,down 1-8,12,7
2025,2025_11_NYJ_NE,NYJ,tied,17,12
2025,2025_11_SEA_LA,LA,tied,11,6
2025,2025_11_SEA_LA,LA,up 1-8,33,12
2025,2025_11_SEA_LA,LA,up 9+,6,4
2025,2025_11_SEA_LA,SEA,down 9+,32,15
2025,2025_11_SEA_LA,SEA,down 1-8,44,19
2025,2025_11_SEA_LA,SEA,tied,3,1
2025,2025_11_SF_ARI,ARI,down 9+,65,14
2025,2025_11_SF_ARI,ARI,down 1-8,8,1
2025,2025_11_SF_ARI,SF,tied,1,1
2025,2025_11_SF_ARI,SF,up 1-8,13,5
2025,2025_11_SF_ARI,SF,up 9+,36,16
2025,2025_11_TB_BUF,BUF,down 1-8,37,13
2025,2025_11_TB_BUF,BUF,tied,2,0
2025,2025_11_TB_BUF,BUF,up 1-8,12,7
2025,2025_11_TB_BUF,BUF,up 9+,3,3
2025,2025_11_TB_BUF,TB,down 9+,5,0
2025,2025_11_TB_BUF,TB,down 1-8,43,26
2025,2025_11_TB_BUF,TB,tied,10,6
2025,2025_11_TB_BUF,TB,up 1-8,11,6
2025,2025_11_WAS_MIA,MIA,down 1-8,18,9
2025,2025_11_WAS_MIA,MIA,tied,33,21
2025,2025_11_WAS_MIA,MIA,up 1-8,3,1
2025,2025_11_WAS_MIA,WAS,down 1-8,33,16
2025,2025_11_WAS_MIA,WAS,tied,25,14
2025,2025_11_WAS_MIA,WAS,up 1-8,6,3
2025,2025_12_ATL_NO,ATL,tied,6,4
2025,2025_12_ATL_NO,ATL,up 1-8,31,9
2025,2025_12_ATL_NO,ATL,up 9+,17,16
2025,2025_12_ATL_NO,NO,down 9+,58,22
2025,2025_12_ATL_NO,NO,down 1-8,18,4
2025,2025_12_ATL_NO,NO,tied,2,2
2025,2025_12_BUF_HOU,BUF,down 1-8,40,13
2025,2025_12_BUF_HOU,BUF,tied,10,4
2025,2025_12_BUF_HOU,BUF,up 1-8,15,6
2025,2025_12_BUF_HOU,HOU,down 1-8,30,13
2025,2025_12_BUF_HOU,HOU,tied,3,1
2025,2025_12_BUF_HOU,HOU,up 1-8,22,11
2025,2025_12_CAR_SF,CAR,down 9+,20,2
2025,2025_12_CAR_SF,CAR,down 1-8,24,11
2025,2025_12_CAR_SF,SF,tied,15,8
2025,2025_12_CAR_SF,SF,up 1-8,46,22
2025,2025_12_CAR_SF,SF,up 9+,7,6
2025,2025_12_CLE_LV,CLE,tied,5,3
2025,2025_12_CLE_LV,CLE,up 1-8,8,3
2025,2025_12_CLE_LV,CLE,up 9+,34,20
2025,2025_12_CLE_LV,LV,down 9+,62,16
2025,2025_12_CLE_LV,LV,down 1-8,6,2
2025,2025_12_CLE_LV,LV,tied,7,3
2025,2025_12_IND_KC,IND,tied,12,6
2025,2025_12_IND_KC,IND,up 1-8,34,11
2025,2025_12_IND_KC,IND,up 9+,3,1
2025,2025_12_IND_KC,KC,down 9+,28,13
2025,2025_12_IND_KC,KC,down 1-8,51,19
2025,2025_12_IND_KC,KC,tied,13,9
2025,2025_12_JAX_ARI,ARI,down 1-8,50,13
2025,2025_12_JAX_ARI,ARI,tied,8,3
2025,2025_12_JAX_ARI,ARI,up 1-8,18,4
2025,2025_12_JAX_ARI,JAX,down 1-8,21,6
2025,2025_12_JAX_ARI,JAX,tied,17,9
2025,2025_12_JAX_ARI,JAX,up 1-8,22,12
2025,2025_12_MIN_GB,GB,down 1-8,7,4
2025,2025_12_MIN_GB,GB,up 1-8,30,17
2025,2025_12_MIN_GB,GB,up 9+,26,19
2025,2025_12_MIN_GB,MIN,down 9+,15,3
2025,2025_12_MIN_GB,MIN,down 1-8,23,15
2025,2025_12_MIN_GB,MIN,tied,6,2
2025,2025_12_NE_CIN,CIN,down 9+,4,0
2025,2025_12_NE_CIN,CIN,down 1-8,33,12
2025,2025_12_NE_CIN,CIN,tied,10,4
2025,2025_12_NE_CIN,CIN,up 1-8,14,7
2025,2025_12_NE_CIN,NE,down 9+,9,4
2025,2025_12_NE_CIN,NE,down 1-8,5,0
2025,2025_12_NE_CIN,NE,tied,6,4
2025,2025_12_NE_CIN,NE,up 1-8,46,22
2025,2025_12_NYG_DET,DET,down 9+,18,7
2025,2025_12_NYG_DET,DET,down 1-8,44,12
2025,2025_12_NYG_DET,DET,tied,1,1
2025,2025_12_NYG_DET,NYG,down 1-8,12,5
2025,2025_12_NYG_DET,NYG,tied,5,2
2025,2025_12_NYG_DET,NYG,up 1-8,56,28
2025,2025_12_NYG_DET,NYG,up 9+,3,3
2025,2025_12_NYJ_BAL,BAL,down 1-8,19,11
2025,2025_12_NYJ_BAL,BAL,tied,15,8
2025,2025_12_NYJ_BAL,BAL,up 1-8,15,7
2025,2025_12_NYJ_BAL,BAL,up 9+,7,6
2025,2025_12_NYJ_BAL,NYJ,down 9+,20,5
2025,2025_12_NYJ_BAL,NYJ,down 1-8,4,2
2025,2025_12_NYJ_BAL,NYJ,tied,29,19
2025,2025_12_NYJ_BAL,NYJ,up 1-8,4,0
2025,2025_12_PHI_DAL,DAL,down 9+,39,16
2025,2025_12_PHI_DAL,DAL,down 1-8,6,4
2025,2025_12_PHI_DAL,DAL,tied,20,9
2025,2025_12_PHI_DAL,PHI,tied,18,3
2025,2025_12_PHI_DAL,PHI,up 1-8,18,6
2025,2025_12_PHI_DAL,PHI,up 9+,22,9
2025,2025_12_PIT_CHI,CHI,down 1-8,28,8
2025,2025_12_PIT_CHI,CHI,tied,13,7
2025,2025_12_PIT_CHI,CHI,up 1-8,18,9
2025,2025_12_PIT_CHI,PIT,down 9+,17,10
2025,2025_12_PIT_CHI,PIT,down 1-8,32,13
2025,2025_12_PIT_CHI,PIT,tied,9,7
2025,2025_12_PIT_CHI,PIT,up 1-8,11,6
2025,2025_12_SEA_TEN,SEA,down 1-8,7,3
2025,2025_12_SEA_TEN,SEA,tied,3,1
2025,2025_12_SEA_TEN,SEA,up 1-8,7,3
2025,2025_12_SEA_TEN,SEA,up 9+,29,12
2025,2025_12_SEA_TEN,TEN,down 9+,45,11
2025,2025_12_SEA_TEN,TEN,down 1-8,3,2
2025,2025_12_SEA_TEN,TEN,tied,20,9
2025,2025_12_TB_LA,LA,tied,10,1
2025,2025_12_TB_LA,LA,up 9+,45,18
2025,2025_12_TB_LA,TB,down 9+,53,21
2025,2025_12_TB_LA,TB,down 1-8,5,2
2025,2025_12_TB_LA,TB,tied,9,6
2025,2025_13_ARI_TB,ARI,down 9+,21,6
2025,2025_13_ARI_TB,ARI,down 1-8,25,7
2025,2025_13_ARI_TB,ARI,tied,14,6
2025,2025_13_ARI_TB,TB,tied,21,9
2025,2025_13_ARI_TB,TB,up 1-8,33,15
2025,2025_13_ATL_NYJ,ATL,down 1-8,21,10
2025,2025_13_ATL_NYJ,ATL,tied,46,22
2025,2025_13_ATL_NYJ,NYJ,down 1-8,20,12
2025,2025_13_ATL_NYJ,NYJ,tied,36,12
2025,2025_13_ATL_NYJ,NYJ,up 1-8,6,3
2025,2025_13_BUF_PIT,BUF,down 1-8,15,11
2025,2025_13_BUF_PIT,BUF,tied,23,15
2025,2025_13_BUF_PIT,BUF,up 1-8,8,6
2025,2025_13_BUF_PIT,BUF,up 9+,28,19
2025,2025_13_BUF_PIT,PIT,down 9+,16,7
2025,2025_13_BUF_PIT,PIT,down 1-8,4,2
2025,2025_13_BUF_PIT,PIT,tied,20,8
2025,2025_13_BUF_PIT,PIT,up 1-8,3,1
2025,2025_13_CHI_PHI,CHI,tied,22,13
2025,2025_13_CHI_PHI,CHI,up 1-8,55,27
2025,2025_13_CHI_PHI,CHI,up 9+,7,6
2025,2025_13_CHI_PHI,PHI,down 9+,16,1
2025,2025_13_CHI_PHI,PHI,down 1-8,29,14
2025,2025_13_CHI_PHI,PHI,tied,5,2
2025,2025_13_CIN_BAL,BAL,down 9+,27,10
2025,2025_13_CIN_BAL,BAL,down 1-8,16,7
2025,2025_13_CIN_BAL,BAL,up 1-8,13,4
2025,2025_13_CIN_BAL,CIN,down 1-8,27,8
2025,2025_13_CIN_BAL,CIN,tied,9,3
2025,2025_13_CIN_BAL,CIN,up 1-8,27,9
2025,2025_13_CIN_BAL,CIN,up 9+,17,13
2025,2025_13_DEN_WAS,DEN,down 1-8,21,6
2025,2025_13_DEN_WAS,DEN,tied,15,4
2025,2025_13_DEN_WAS,DEN,up 1-8,33,13
2025,2025_13_DEN_WAS,WAS,down 1-8,85,32
2025,2025_13_GB_DET,DET,down 9+,45,20
2025,2025_13_GB_DET,DET,down 1-8,15,10
2025,2025_13_GB_DET,GB,tied,11,6
2025,2025_13_GB_DET,GB,up 1-8,43,19
2025,2025_13_GB_DET,GB,up 9+,3,2
2025,2025_13_HOU_IND,HOU,down 1-8,8,4
2025,2025_13_HOU_IND,HOU,tied,24,11
2025,2025_13_HOU_IND,HOU,up 1-8,39,19
2025,2025_13_HOU_IND,IND,down 1-8,48,23
2025,2025_13_HOU_IND,IND,tied,3,0
2025,2025_13_JAX_TEN,JAX,down 1-8,7,3
2025,2025_13_JAX_TEN,JAX,tied,5,3
2025,2025_13_JAX_TEN,JAX,up 1-8,3,1
2025,2025_13_JAX_TEN,JAX,up 9+,40,18
2025,2025_13_JAX_TEN,TEN,down 9+,45,9
2025,2025_13_JAX_TEN,TEN,tied,10,5
2025,2025_13_KC_DAL,DAL,down 1-8,37,11
2025,2025_13_KC_DAL,DAL,tied,3,1
2025,2025_13_KC_DAL,DAL,up 1-8,23,11
2025,2025_13_KC_DAL,KC,down 9+,7,1
2025,2025_13_KC_DAL,KC,down 1-8,32,12
2025,2025_13_KC_DAL,KC,tied,14,9
2025,2025_13_KC_DAL,KC,up 1-8,7,1
2025,2025_13_LA_CAR,CAR,down 1-8,30,19
2025,2025_13_LA_CAR,CAR,tied,14,8
2025,2025_13_LA_CAR,CAR,up 1-8,15,10
2025,2025_13_LA_CAR,LA,down 1-8,33,15
2025,2025_13_LA_CAR,LA,tied,17,5
2025,2025_13_LV_LAC,LAC,tied,20,10
2025,2025_13_LV_LAC,LAC,up 1-8,29,19
2025,2025_13_LV_LAC,LAC,up 9+,16,12
2025,2025_13_LV_LAC,LV,down 9+,21,5
2025,2025_13_LV_LAC,LV,down 1-8,21,11
2025,2025_13_LV_LAC,LV,tied,3,1
2025,2025_13_MIN_SEA,MIN,down 9+,29,10
2025,2025_13_MIN_SEA,MIN,down 1-8,8,1
2025,2025_13_MIN_SEA,MIN,tied,12,4
2025,2025_13_MIN_SEA,SEA,tied,26,12
2025,2025_13_MIN_SEA,SEA,up 1-8,1,0
2025,2025_13_MIN_SEA,SEA,up 9+,35,20
2025,2025_13_NO_MIA,MIA,tied,6,3
2025,2025_13_NO_MIA,MIA,up 1-8,37,18
2025,2025_13_NO_MIA,MIA,up 9+,13,9
2025,2025_13_NO_MIA,NO,down 9+,38,20
2025,2025_13_NO_MIA,NO,down 1-8,33,8
2025,2025_13_NYG_NE,NE,tied,11,4
2025,2025_13_NYG_NE,NE,up 9+,50,23
2025,2025_13_NYG_NE,NYG,down 9+,49,26
2025,2025_13_NYG_NE,NYG,down 1-8,5,1
2025,2025_13_SF_CLE,CLE,down 9+,19,5
2025,2025_13_SF_CLE,CLE,down 1-8,37,25
2025,2025_13_SF_CLE,CLE,tied,5,2
2025,2025_13_SF_CLE,SF,down 1-8,5,0
2025,2025_13_SF_CLE,SF,tied,10,3
2025,2025_13_SF_CLE,SF,up 1-8,28,17
2025,2025_13_SF_CLE,SF,up 9+,21,12
2025,2025_14_CHI_GB,CHI,down 9+,20,6
2025,2025_14_CHI_GB,CHI,down 1-8,38,23
2025,2025_14_CHI_GB,CHI,tied,11,4
2025,2025_14_CHI_GB,GB,tied,37,20
2025,2025_14_CHI_GB,GB,up 1-8,11,4
2025,2025_14_CHI_GB,GB,up 9+,3,1
2025,2025_14_CIN_BUF,BUF,down 9+,30,12
2025,2025_14_CIN_BUF,BUF,down 1-8,20,10
2025,2025_14_CIN_BUF,BUF,up 1-8,8,4
2025,2025_14_CIN_BUF,CIN,down 9+,4,0
2025,2025_14_CIN_BUF,CIN,down 1-8,2,0
2025,2025_14_CIN_BUF,CIN,tied,14,7
2025,2025_14_CIN_BUF,CIN,up 1-8,33,12
2025,2025_14_CIN_BUF,CIN,up 9+,4,0
2025,2025_14_DAL_DET,DAL,down 9+,47,13
2025,2025_14_DAL_DET,DAL,down 1-8,27,10
2025,2025_14_DAL_DET,DAL,tied,3,1
2025,2025_14_DAL_DET,DET,tied,16,5
2025,2025_14_DAL_DET,DET,up 1-8,29,12
2025,2025_14_DAL_DET,DET,up 9+,10,3
2025,2025_14_DEN_LV,DEN,tied,23,9
2025,2025_14_DEN_LV,DEN,up 1-8,25,8
2025,2025_14_DEN_LV,DEN,up 9+,24,14
2025,2025_14_DEN_LV,LV,down 9+,22,3
2025,2025_14_DEN_LV,LV,down 1-8,21,7
2025,2025_14_DEN_LV,LV,tied,4,2
2025,2025_14_HOU_KC,HOU,tied,26,15
2025,2025_14_HOU_KC,HOU,up 1-8,25,13
2025,2025_14_HOU_KC,HOU,up 9+,14,3
2025,2025_14_HOU_KC,KC,down 9+,23,11
2025,2025_14_HOU_KC,KC,down 1-8,26,13
2025,2025_14_HOU_KC,KC,tied,14,5
2025,2025_14_IND_JAX,IND,down 9+,46,15
2025,2025_14_IND_JAX,IND,down 1-8,16,10
2025,2025_14_IND_JAX,IND,tied,1,0
2025,2025_14_IND_JAX,JAX,tied,13,4
2025,2025_14_IND_JAX,JAX,up 1-8,4,2
2025,2025_14_IND_JAX,JAX,up 9+,43,23
2025,2025_14_LA_ARI,ARI,down 9+,36,7
2025,2025_14_LA_ARI,ARI,down 1-8,15,4
2025,2025_14_LA_ARI,ARI,tied,5,2
2025,2025_14_LA_ARI,ARI,up 1-8,5,1
2025,2025_14_LA_ARI,LA,down 1-8,15,9
2025,2025_14_LA_ARI,LA,tied,10,4
2025,2025_14_LA_ARI,LA,up 1-8,7,1
2025,2025_14_LA_ARI,LA,up 9+,32,19
2025,2025_14_MIA_NYJ,MIA,tied,4,3
2025,2025_14_MIA_NYJ,MIA,up 1-8,5,2
2025,2025_14_MIA_NYJ,MIA,up 9+,52,34
2025,2025_14_MIA_NYJ,NYJ,down 9+,54,16
2025,2025_14_MIA_NYJ,NYJ,down 1-8,3,1
2025,2025_14_NO_TB,NO,down 1-8,20,16
2025,2025_14_NO_TB,NO,tied,24,9
2025,2025_14_NO_TB,NO,up 1-8,9,5
2025,2025_14_NO_TB,TB,down 1-8,26,13
2025,2025_14_NO_TB,TB,tied,24,16
2025,2025_14_NO_TB,TB,up 1-8,19,10
2025,2025_14_PHI_LAC,LAC,down 1-8,21,10
2025,2025_14_PHI_LAC,LAC,tied,14,9
2025,2025_14_PHI_LAC,LAC,up 1-8,36,19
2025,2025_14_PHI_LAC,PHI,down 1-8,47,19
2025,2025_14_PHI_LAC,PHI,tied,16,5
2025,2025_14_PHI_LAC,PHI,up 1-8,2,0
2025,2025_14_PIT_BAL,BAL,down 9+,28,19
2025,2025_14_PIT_BAL,BAL,down 1-8,39,16
2025,2025_14_PIT_BAL,BAL,tied,8,5
2025,2025_14_PIT_BAL,PIT,down 1-8,8,4
2025,2025_14_PIT_BAL,PIT,up 1-8,42,12
2025,2025_14_SEA_ATL,ATL,down 9+,24,9
2025,2025_14_SEA_ATL,ATL,down 1-8,6,4
2025,2025_14_SEA_ATL,ATL,tied,32,18
2025,2025_14_SEA_ATL,SEA,down 1-8,17,7
2025,2025_14_SEA_ATL,SEA,tied,9,2
2025,2025_14_SEA_ATL,SEA,up 1-8,8,3
2025,2025_14_SEA_ATL,SEA,up 9+,24,14
2025,2025_14_TEN_CLE,CLE,down 9+,15,3
2025,2025_14_TEN_CLE,CLE,down 1-8,33,11
2025,2025_14_TEN_CLE,CLE,up 1-8,18,7
2025,2025_14_TEN_CLE,TEN,down 1-8,18,11
2025,2025_14_TEN_CLE,TEN,tied,8,4
2025,2025_14_TEN_CLE,TEN,up 1-8,35,17
2025,2025_14_TEN_CLE,TEN,up 9+,3,3
2025,2025_14_WAS_MIN,MIN,tied,7,3
2025,2025_14_WAS_MIN,MIN,up 1-8,19,11
2025,2025_14_WAS_MIN,MIN,up 9+,31,16
2025,2025_14_WAS_MIN,WAS,down 9+,34,17
2025,2025_14_WAS_MIN,WAS,down 1-8,15,6
2025,2025_15_ARI_HOU,ARI,down 9+,64,21
2025,2025_15_ARI_HOU,HOU,tied,2,1
2025,2025_15_ARI_HOU,HOU,up 1-8,4,3
2025,2025_15_ARI_HOU,HOU,up 9+,54,27
2025,2025_15_ATL_TB,ATL,down 9+,8,2
2025,2025_15_ATL_TB,ATL,down 1-8,41,9
2025,2025_15_ATL_TB,ATL,tied,14,8
2025,2025_15_ATL_TB,ATL,up 1-8,4,2
2025,2025_15_ATL_TB,TB,down 1-8,13,3
2025,2025_15_ATL_TB,TB,tied,28,11
2025,2025_15_ATL_TB,TB,up 1-8,20,8
2025,2025_15_ATL_TB,TB,up 9+,1,0
2025,2025_15_BAL_CIN,BAL,tied,18,11
2025,2025_15_BAL_CIN,BAL,up 1-8,5,1
2025,2025_15_BAL_CIN,BAL,up 9+,14,9
2025,2025_15_BAL_CIN,CIN,down 9+,43,15
2025,2025_15_BAL_CIN,CIN,down 1-8,7,3
2025,2025_15_BAL_CIN,CIN,tied,21,11
2025,2025_15_BUF_NE,BUF,down 9+,32,19
2025,2025_15_BUF_NE,BUF,down 1-8,26,9
2025,2025_15_BUF_NE,BUF,up 1-8,6,6
2025,2025_15_BUF_NE,NE,down 1-8,8,2
2025,2025_15_BUF_NE,NE,tied,8,6
2025,2025_15_BUF_NE,NE,up 1-8,18,7
2025,2025_15_BUF_NE,NE,up 9+,17,10
2025,2025_15_CAR_NO,CAR,down 1-8,1,0
2025,2025_15_CAR_NO,CAR,tied,27,14
2025,2025_15_CAR_NO,CAR,up 1-8,28,17
2025,2025_15_CAR_NO,NO,down 9+,13,8
2025,2025_15_CAR_NO,NO,down 1-8,39,14
2025,2025_15_CAR_NO,NO,tied,9,2
2025,2025_15_CLE_CHI,CHI,tied,9,5
2025,2025_15_CLE_CHI,CHI,up 1-8,7,4
2025,2025_15_CLE_CHI,CHI,up 9+,47,23
2025,2025_15_CLE_CHI,CLE,down 9+,50,12
2025,2025_15_CLE_CHI,CLE,down 1-8,3,1
2025,2025_15_CLE_CHI,CLE,tied,3,3
2025,2025_15_DET_LA,DET,down 9+,23,6
2025,2025_15_DET_LA,DET,down 1-8,8,2
2025,2025_15_DET_LA,DET,tied,19,9
2025,2025_15_DET_LA,DET,up 1-8,12,3
2025,2025_15_DET_LA,LA,down 9+,4,0
2025,2025_15_DET_LA,LA,down 1-8,43,15
2025,2025_15_DET_LA,LA,tied,6,3
2025,2025_15_DET_LA,LA,up 1-8,13,9
2025,2025_15_DET_LA,LA,up 9+,3,2
2025,2025_15_GB_DEN,DEN,down 9+,10,4
2025,2025_15_GB_DEN,DEN,down 1-8,30,13
2025,2025_15_GB_DEN,DEN,tied,6,4
2025,2025_15_GB_DEN,DEN,up 1-8,18,9
2025,2025_15_GB_DEN,GB,down 1-8,37,9
2025,2025_15_GB_DEN,GB,tied,7,4
2025,2025_15_GB_DEN,GB,up 1-8,18,7
2025,2025_15_GB_DEN,GB,up 9+,1,0
2025,2025_15_IND_SEA,IND,down 1-8,7,3
2025,2025_15_IND_SEA,IND,tied,26,14
2025,2025_15_IND_SEA,IND,up 1-8,25,13
2025,2025_15_IND_SEA,SEA,down 9+,7,1
2025,2025_15_IND_SEA,SEA,down 1-8,43,18
2025,2025_15_IND_SEA,SEA,tied,6,2
2025,2025_15_LAC_KC,KC,down 1-8,21,4
2025,2025_15_LAC_KC,KC,tied,17,9
2025,2025_15_LAC_KC,KC,up 1-8,21,8
2025,2025_15_LAC_KC,LAC,down 9+,5,0
2025,2025_15_LAC_KC,LAC,down 1-8,35,16
2025,2025_15_LAC_KC,LAC,tied,9,6
2025,2025_15_LAC_KC,LAC,up 1-8,12,6
2025,2025_15_LV_PHI,LV,down 9+,29,10
2025,2025_15_LV_PHI,LV,down 1-8,13,3
2025,2025_15_LV_PHI,PHI,tied,13,9
2025,2025_15_LV_PHI,PHI,up 1-8,6,3
2025,2025_15_LV_PHI,PHI,up 9+,47,35
2025,2025_15_MIA_PIT,MIA,down 9+,30,4
2025,2025_15_MIA_PIT,MIA,down 1-8,1,1
2025,2025_15_MIA_PIT,MIA,tied,19,11
2025,2025_15_MIA_PIT,PIT,down 1-8,12,7
2025,2025_15_MIA_PIT,PIT,tied,19,8
2025,2025_15_MIA_PIT,PIT,up 1-8,6,5
2025,2025_15_MIA_PIT,PIT,up 9+,25,12
2025,2025_15_MIN_DAL,DAL,down 9+,4,0
2025,2025_15_MIN_DAL,DAL,down 1-8,24,8
2025,2025_15_MIN_DAL,DAL,tied,30,16
2025,2025_15_MIN_DAL,DAL,up 1-8,11,5
2025,2025_15_MIN_DAL,MIN,down 1-8,28,14
2025,2025_15_MIN_DAL,MIN,tied,9,3
2025,2025_15_MIN_DAL,MIN,up 1-8,14,10
2025,2025_15_NYJ_JAX,JAX,tied,9,3
2025,2025_15_NYJ_JAX,JAX,up 1-8,10,6
2025,2025_15_NYJ_JAX,JAX,up 9+,37,15
2025,2025_15_NYJ_JAX,NYJ,down 9+,64,30
2025,2025_15_NYJ_JAX,NYJ,down 1-8,4,2
2025,2025_15_TEN_SF,SF,tied,12,6
2025,2025_15_TEN_SF,SF,up 1-8,24,11
2025,2025_15_TEN_SF,SF,up 9+,34,21
2025,2025_15_TEN_SF,TEN,down 9+,30,12
2025,2025_15_TEN_SF,TEN,down 1-8,16,7
2025,2025_15_TEN_SF,TEN,tied,3,1
2025,2025_15_WAS_NYG,NYG,down 9+,36,16
2025,2025_15_WAS_NYG,NYG,down 1-8,31,13
2025,2025_15_WAS_NYG,WAS,tied,9,6
2025,2025_15_WAS_NYG,WAS,up 1-8,29,20
2025,2025_15_WAS_NYG,WAS,up 9+,17,8
2025,2025_16_ATL_ARI,ARI,down 9+,12,3
2025,2025_16_ATL_ARI,ARI,down 1-8,11,4
2025,2025_16_ATL_ARI,ARI,tied,9,3
2025,2025_16_ATL_ARI,ARI,up 1-8,24,13
2025,2025_16_ATL_ARI,ATL,down 9+,13,6
2025,2025_16_ATL_ARI,ATL,down 1-8,23,7
2025,2025_16_ATL_ARI,ATL,tied,12,6
2025,2025_16_ATL_ARI,ATL,up 1-8,18,13
2025,2025_16_ATL_ARI,ATL,up 9+,5,3
2025,2025_16_BUF_CLE,BUF,down 1-8,5,4
2025,2025_16_BUF_CLE,BUF,tied,9,7
2025,2025_16_BUF_CLE,BUF,up 1-8,25,13
2025,2025_16_BUF_CLE,BUF,up 9+,9,3
2025,2025_16_BUF_CLE,CLE,down 9+,23,14
2025,2025_16_BUF_CLE,CLE,down 1-8,27,12
2025,2025_16_BUF_CLE,CLE,tied,14,5
2025,2025_16_CIN_MIA,CIN,down 1-8,7,2
2025,2025_16_CIN_MIA,CIN,tied,26,7
2025,2025_16_CIN_MIA,CIN,up 1-8,7,4
2025,2025_16_CIN_MIA,CIN,up 9+,21,13
2025,2025_16_CIN_MIA,MIA,down 9+,29,12
2025,2025_16_CIN_MIA,MIA,down 1-8,16,10
2025,2025_16_CIN_MIA,MIA,tied,13,6
2025,2025_16_GB_CHI,CHI,down 9+,19,8
2025,2025_16_GB_CHI,CHI,down 1-8,27,8
2025,2025_16_GB_CHI,CHI,tied,14,10
2025,2025_16_GB_CHI,GB,tied,29,13
2025,2025_16_GB_CHI,GB,up 1-8,39,29
2025,2025_16_JAX_DEN,DEN,down 9+,29,4
2025,2025_16_JAX_DEN,DEN,down 1-8,19,6
2025,2025_16_JAX_DEN,DEN,tied,17,7
2025,2025_16_JAX_DEN,JAX,down 1-8,8,3
2025,2025_16_JAX_DEN,JAX,tied,28,10
2025,2025_16_JAX_DEN,JAX,up 1-8,12,3
2025,2025_16_JAX_DEN,JAX,up 9+,20,11
2025,2025_16_KC_TEN,KC,down 9+,16,4
2025,2025_16_KC_TEN,KC,down 1-8,14,6
2025,2025_16_KC_TEN,KC,tied,13,5
2025,2025_16_KC_TEN,TEN,down 1-8,11,8
2025,2025_16_KC_TEN,TEN,tied,18,7
2025,2025_16_KC_TEN,TEN,up 1-8,22,11
2025,2025_16_KC_TEN,TEN,up 9+,17,12
2025,2025_16_LAC_DAL,DAL,down 9+,10,4
2025,2025_16_LAC_DAL,DAL,down 1-8,21,9
2025,2025_16_LAC_DAL,DAL,tied,25,10
2025,2025_16_LAC_DAL,LAC,down 1-8,29,13
2025,2025_16_LAC_DAL,LAC,up 1-8,21,10
2025,2025_16_LAC_DAL,LAC,up 9+,11,9
2025,2025_16_LA_SEA,LA,down 1-8,35,17
2025,2025_16_LA_SEA,LA,tied,34,12
2025,2025_16_LA_SEA,LA,up 1-8,7,3
2025,2025_16_LA_SEA,LA,up 9+,12,7
2025,2025_16_LA_SEA,SEA,down 9+,15,3
2025,2025_16_LA_SEA,SEA,down 1-8,31,16
2025,2025_16_LA_SEA,SEA,tied,13,4
2025,2025_16_LA_SEA,SEA,up 1-8,6,3
2025,2025_16_LV_HOU,HOU,down 1-8,7,4
2025,2025_16_LV_HOU,HOU,tied,12,5
2025,2025_16_LV_HOU,HOU,up 1-8,40,15
2025,2025_16_LV_HOU,LV,down 9+,5,2
2025,2025_16_LV_HOU,LV,down 1-8,39,22
2025,2025_16_LV_HOU,LV,tied,6,2
2025,2025_16_LV_HOU,LV,up 1-8,3,1
2025,2025_16_MIN_NYG,MIN,tied,31,15
2025,2025_16_MIN_NYG,MIN,up 1-8,22,12
2025,2025_16_MIN_NYG,MIN,up 9+,2,1
2025,2025_16_MIN_NYG,NYG,down 9+,3,1
2025,2025_16_MIN_NYG,NYG,down 1-8,45,29
2025,2025_16_NE_BAL,BAL,down 1-8,18,9
2025,2025_16_NE_BAL,BAL,tied,13,7
2025,2025_16_NE_BAL,BAL,up 1-8,22,16
2025,2025_16_NE_BAL,NE,down 9+,7,1
2025,2025_16_NE_BAL,NE,down 1-8,37,10
2025,2025_16_NE_BAL,NE,tied,22,6
2025,2025_16_NE_BAL,NE,up 1-8,3,3
2025,2025_16_NYJ_NO,NO,down 1-8,11,3
2025,2025_16_NYJ_NO,NO,tied,29,11
2025,2025_16_NYJ_NO,NO,up 1-8,21,5
2025,2025_16_NYJ_NO,NO,up 9+,16,6
2025,2025_16_NYJ_NO,NYJ,down 9+,26,4
2025,2025_16_NYJ_NO,NYJ,down 1-8,23,8
2025,2025_16_NYJ_NO,NYJ,tied,14,8
2025,2025_16_PHI_WAS,PHI,down 1-8,37,15
2025,2025_16_PHI_WAS,PHI,up 1-8,18,10
2025,2025_16_PHI_WAS,PHI,up 9+,10,8
2025,2025_16_PHI_WAS,WAS,down 9+,15,9
2025,2025_16_PHI_WAS,WAS,down 1-8,19,11
2025,2025_16_PHI_WAS,WAS,tied,7,4
2025,2025_16_PHI_WAS,WAS,up 1-8,10,2
2025,2025_16_PIT_DET,DET,down 9+,20,0
2025,2025_16_PIT_DET,DET,down 1-8,33,9
2025,2025_16_PIT_DET,DET,tied,15,2
2025,2025_16_PIT_DET,PIT,down 1-8,11,0
2025,2025_16_PIT_DET,PIT,tied,23,7
2025,2025_16_PIT_DET,PIT,up 1-8,36,20
2025,2025_16_SF_IND,IND,down 9+,34,14
2025,2025_16_SF_IND,IND,down 1-8,15,4
2025,2025_16_SF_IND,IND,tied,9,2
2025,2025_16_SF_IND,SF,down 1-8,6,3
2025,2025_16_SF_IND,SF,tied,15,9
2025,2025_16_SF_IND,SF,up 1-8,30,10
2025,2025_16_SF_IND,SF,up 9+,12,6
2025,2025_16_TB_CAR,CAR,down 1-8,33,11
2025,2025_16_TB_CAR,CAR,tied,20,8
2025,2025_16_TB_CAR,TB,down 1-8,36,19
2025,2025_16_TB_CAR,TB,tied,5,1
2025,2025_16_TB_CAR,TB,up 1-8,19,12
2025,2025_17_ARI_CIN,ARI,down 9+,48,10
2025,2025_17_ARI_CIN,ARI,down 1-8,6,3
2025,2025_17_ARI_CIN,CIN,tied,12,4
2025,2025_17_ARI_CIN,CIN,up 1-8,24,10
2025,2025_17_ARI_CIN,CIN,up 9+,34,17
2025,2025_17_BAL_GB,BAL,tied,26,19
2025,2025_17_BAL_GB,BAL,up 1-8,26,16
2025,2025_17_BAL_GB,BAL,up 9+,21,17
2025,2025_17_BAL_GB,GB,down 9+,37,13
2025,2025_17_BAL_GB,GB,down 1-8,6,3
2025,2025_17_CHI_SF,CHI,down 1-8,47,16
2025,2025_17_CHI_SF,CHI,tied,16,6
2025,2025_17_CHI_SF,SF,down 1-8,16,5
2025,2025_17_CHI_SF,SF,tied,46,26
2025,2025_17_CHI_SF,SF,up 1-8,6,3
2025,2025_17_DAL_WAS,DAL,tied,13,7
2025,2025_17_DAL_WAS,DAL,up 1-8,52,27
2025,2025_17_DAL_WAS,DAL,up 9+,22,10
2025,2025_17_DAL_WAS,WAS,down 9+,30,10
2025,2025_17_DAL_WAS,WAS,down 1-8,10,6
2025,2025_17_DEN_KC,DEN,down 1-8,34,15
2025,2025_17_DEN_KC,DEN,tied,27,13
2025,2025_17_DEN_KC,DEN,up 1-8,9,3
2025,2025_17_DEN_KC,KC,down 1-8,31,15
2025,2025_17_DEN_KC,KC,up 1-8,10,4
2025,2025_17_DET_MIN,DET,down 9+,8,1
2025,2025_17_DET_MIN,DET,down 1-8,40,20
2025,2025_17_DET_MIN,DET,tied,16,9
2025,2025_17_DET_MIN,MIN,tied,31,16
2025,2025_17_DET_MIN,MIN,up 1-8,14,7
2025,2025_17_DET_MIN,MIN,up 9+,6,5
2025,2025_17_HOU_LAC,HOU,tied,3,2
2025,2025_17_HOU_LAC,HOU,up 1-8,21,13
2025,2025_17_HOU_LAC,HOU,up 9+,35,16
2025,2025_17_HOU_LAC,LAC,down 9+,50,19
2025,2025_17_HOU_LAC,LAC,down 1-8,9,3
2025,2025_17_JAX_IND,IND,down 1-8,14,3
2025,2025_17_JAX_IND,IND,tied,13,7
2025,2025_17_JAX_IND,IND,up 1-8,27,11
2025,2025_17_JAX_IND,JAX,down 9+,12,6
2025,2025_17_JAX_IND,JAX,down 1-8,37,11
2025,2025_17_JAX_IND,JAX,tied,12,6
2025,2025_17_JAX_IND,JAX,up 1-8,7,6
2025,2025_17_LA_ATL,ATL,tied,22,13
2025,2025_17_LA_ATL,ATL,up 1-8,17,10
2025,2025_17_LA_ATL,ATL,up 9+,14,10
2025,2025_17_LA_ATL,LA,down 9+,24,6
2025,2025_17_LA_ATL,LA,down 1-8,34,13
2025,2025_17_LA_ATL,LA,tied,3,1
2025,2025_17_NE_NYJ,NE,tied,7,4
2025,2025_17_NE_NYJ,NE,up 1-8,7,5
2025,2025_17_NE_NYJ,NE,up 9+,46,25
2025,2025_17_NE_NYJ,NYJ,down 9+,60,27
2025,2025_17_NE_NYJ,NYJ,down 1-8,3,1
2025,2025_17_NO_TEN,NO,down 9+,20,9
2025,2025_17_NO_TEN,NO,down 1-8,21,8
2025,2025_17_NO_TEN,NO,tied,3,1
2025,2025_17_NO_TEN,NO,up 1-8,7,4
2025,2025_17_NO_TEN,TEN,down 1-8,20,2
2025,2025_17_NO_TEN,TEN,tied,8,4
2025,2025_17_NO_TEN,TEN,up 1-8,41,21
2025,2025_17_NO_TEN,TEN,up 9+,3,1
2025,2025_17_NYG_LV,LV,down 9+,33,13
2025,2025_17_NYG_LV,LV,down 1-8,8,3
2025,2025_17_NYG_LV,LV,tied,13,4
2025,2025_17_NYG_LV,NYG,tied,16,6
2025,2025_17_NYG_LV,NYG,up 1-8,8,5
2025,2025_17_NYG_LV,NYG,up 9+,36,17
2025,2025_17_PHI_BUF,BUF,down 9+,38,17
2025,2025_17_PHI_BUF,BUF,down 1-8,23,10
2025,2025_17_PHI_BUF,BUF,tied,12,5
2025,2025_17_PHI_BUF,PHI,tied,15,6
2025,2025_17_PHI_BUF,PHI,up 1-8,15,8
2025,2025_17_PHI_BUF,PHI,up 9+,23,11
2025,2025_17_PIT_CLE,CLE,tied,8,3
2025,2025_17_PIT_CLE,CLE,up 1-8,41,21
2025,2025_17_PIT_CLE,PIT,down 9+,9,3
2025,2025_17_PIT_CLE,PIT,down 1-8,54,21
2025,2025_17_SEA_CAR,CAR,down 9+,18,8
2025,2025_17_SEA_CAR,CAR,down 1-8,20,10
2025,2025_17_SEA_CAR,CAR,tied,11,5
2025,2025_17_SEA_CAR,SEA,tied,34,16
2025,2025_17_SEA_CAR,SEA,up 1-8,26,14
2025,2025_17_SEA_CAR,SEA,up 9+,5,5
2025,2025_17_TB_MIA,MIA,down 1-8,3,1
2025,2025_17_TB_MIA,MIA,tied,12,5
2025,2025_17_TB_MIA,MIA,up 1-8,16,9
2025,2025_17_TB_MIA,MIA,up 9+,21,13
2025,2025_17_TB_MIA,TB,down 9+,39,8
2025,2025_17_TB_MIA,TB,down 1-8,4,1
2025,2025_17_TB_MIA,TB,tied,20,7
2025,2025_18_ARI_LA,ARI,down 9+,18,5
2025,2025_18_ARI_LA,ARI,down 1-8,32,10
2025,2025_18_ARI_LA,ARI,tied,3,0
2025,2025_18_ARI_LA,LA,down 1-8,6,2
2025,2025_18_ARI_LA,LA,tied,33,15
2025,2025_18_ARI_LA,LA,up 1-8,14,3
2025,2025_18_ARI_LA,LA,up 9+,15,8
2025,2025_18_BAL_PIT,BAL,down 1-8,16,6
2025,2025_18_BAL_PIT,BAL,tied,11,6
2025,2025_18_BAL_PIT,BAL,up 1-8,20,14
2025,2025_18_BAL_PIT,PIT,down 9+,7,2
2025,2025_18_BAL_PIT,PIT,down 1-8,53,17
2025,2025_18_BAL_PIT,PIT,tied,5,3
2025,2025_18_BAL_PIT,PIT,up 1-8,8,2
2025,2025_18_CAR_TB,CAR,down 9+,21,3
2025,2025_18_CAR_TB,CAR,down 1-8,26,10
2025,2025_18_CAR_TB,TB,tied,9,6
2025,2025_18_CAR_TB,TB,up 1-8,42,29
2025,2025_18_CAR_TB,TB,up 9+,15,7
2025,2025_18_CLE_CIN,CIN,down 1-8,50,15
2025,2025_18_CLE_CIN,CIN,tied,7,4
2025,2025_18_CLE_CIN,CIN,up 1-8,10,6
2025,2025_18_CLE_CIN,CLE,down 1-8,12,4
2025,2025_18_CLE_CIN,CLE,tied,5,1
2025,2025_18_CLE_CIN,CLE,up 1-8,35,19
2025,2025_18_DAL_NYG,DAL,down 9+,23,10
2025,2025_18_DAL_NYG,DAL,down 1-8,13,9
2025,2025_18_DAL_NYG,DAL,tied,5,3
2025,2025_18_DAL_NYG,DAL,up 1-8,12,7
2025,2025_18_DAL_NYG,NYG,down 1-8,21,9
2025,2025_18_DAL_NYG,NYG,tied,16,6
2025,2025_18_DAL_NYG,NYG,up 1-8,16,9
2025,2025_18_DAL_NYG,NYG,up 9+,17,8
2025,2025_18_DET_CHI,CHI,down 9+,27,10
2025,2025_18_DET_CHI,CHI,down 1-8,24,9
2025,2025_18_DET_CHI,CHI,tied,3,0
2025,2025_18_DET_CHI,DET,tied,25,12
2025,2025_18_DET_CHI,DET,up 1-8,28,8
2025,2025_18_DET_CHI,DET,up 9+,19,7
2025,2025_18_GB_MIN,GB,down 9+,30,21
2025,2025_18_GB_MIN,GB,down 1-8,19,13
2025,2025_18_GB_MIN,MIN,tied,7,4
2025,2025_18_GB_MIN,MIN,up 1-8,34,15
2025,2025_18_GB_MIN,MIN,up 9+,23,12
2025,2025_18_IND_HOU,HOU,down 1-8,41,25
2025,2025_18_IND_HOU,HOU,tied,7,2
2025,2025_18_IND_HOU,HOU,up 1-8,8,2
2025,2025_18_IND_HOU,HOU,up 9+,7,3
2025,2025_18_IND_HOU,IND,down 9+,11,5
2025,2025_18_IND_HOU,IND,down 1-8,35,18
2025,2025_18_IND_HOU,IND,up 1-8,18,5
2025,2025_18_KC_LV,KC,down 1-8,35,10
2025,2025_18_KC_LV,KC,tied,19,9
2025,2025_18_KC_LV,KC,up 1-8,8,4
2025,2025_18_KC_LV,LV,down 1-8,21,10
2025,2025_18_KC_LV,LV,tied,22,12
2025,2025_18_KC_LV,LV,up 1-8,18,10
2025,2025_18_LAC_DEN,DEN,tied,14,11
2025,2025_18_LAC_DEN,DEN,up 1-8,9,4
2025,2025_18_LAC_DEN,DEN,up 9+,33,14
2025,2025_18_LAC_DEN,LAC,down 9+,57,18
2025,2025_18_LAC_DEN,LAC,down 1-8,6,3
2025,2025_18_LAC_DEN,LAC,tied,3,0
2025,2025_18_MIA_NE,MIA,down 9+,29,12
2025,2025_18_MIA_NE,MIA,down 1-8,25,13
2025,2025_18_MIA_NE,NE,tied,3,3
2025,2025_18_MIA_NE,NE,up 1-8,31,18
2025,2025_18_MIA_NE,NE,up 9+,20,11
2025,2025_18_NO_ATL,ATL,tied,17,7
2025,2025_18_NO_ATL,ATL,up 1-8,41,16
2025,2025_18_NO_ATL,NO,down 9+,17,7
2025,2025_18_NO_ATL,NO,down 1-8,41,17
2025,2025_18_NO_ATL,NO,tied,7,2
2025,2025_18_NYJ_BUF,BUF,tied,11,8
2025,2025_18_NYJ_BUF,BUF,up 1-8,18,6
2025,2025_18_NYJ_BUF,BUF,up 9+,41,25
2025,2025_18_NYJ_BUF,NYJ,down 9+,41,19
2025,2025_18_NYJ_BUF,NYJ,down 1-8,6,4
2025,2025_18_SEA_SF,SEA,tied,15,9
2025,2025_18_SEA_SF,SEA,up 1-8,34,17
2025,2025_18_SEA_SF,SEA,up 9+,15,10
2025,2025_18_SEA_SF,SF,down 9+,19,5
2025,2025_18_SEA_SF,SF,down 1-8,20,6
2025,2025_18_SEA_SF,SF,tied,3,1
2025,2025_18_TEN_JAX,JAX,down 1-8,7,2
2025,2025_18_TEN_JAX,JAX,tied,11,1
2025,2025_18_TEN_JAX,JAX,up 9+,37,18
2025,2025_18_TEN_JAX,TEN,down 9+,34,12
2025,2025_18_TEN_JAX,TEN,down 1-8,6,1
2025,2025_18_TEN_JAX,TEN,tied,13,6
2025,2025_18_WAS_PHI,PHI,down 1-8,25,8
2025,2025_18_WAS_PHI,PHI,tied,28,8
2025,2025_18_WAS_PHI,PHI,up 1-8,9,3
2025,2025_18_WAS_PHI,WAS,down 1-8,20,13
2025,2025_18_WAS_PHI,WAS,tied,33,21
2025,2025_18_WAS_PHI,WAS,up 1-8,8,6
