season,week,game_id,team,opponent,is_home,plays,rush_att,pass_plays,run_share,points_for,points_against,margin,mean_score_diff
2022,1,2022_01_BAL_NYJ,BAL,NYJ,0,51,19,32,0.3725,24,9,15,7.569
2022,1,2022_01_BAL_NYJ,NYJ,BAL,1,79,17,62,0.2152,9,24,-15,-12.215
2022,1,2022_01_BUF_LA,BUF,LA,0,57,24,33,0.4211,31,10,21,5.737
2022,1,2022_01_BUF_LA,LA,BUF,1,66,18,48,0.2727,10,31,-21,-11.742
2022,1,2022_01_CLE_CAR,CAR,CLE,1,49,18,31,0.3673,24,26,-2,-6.796
2022,1,2022_01_CLE_CAR,CLE,CAR,0,72,39,33,0.5417,26,24,2,4.667
2022,1,2022_01_DEN_SEA,DEN,SEA,0,64,20,44,0.3125,16,17,-1,-4.469
2022,1,2022_01_DEN_SEA,SEA,DEN,1,46,16,30,0.3478,17,16,1,2.674
2022,1,2022_01_GB_MIN,GB,MIN,0,59,17,42,0.2881,7,23,-16,-12.712
2022,1,2022_01_GB_MIN,MIN,GB,1,61,28,33,0.459,23,7,16,9.787
2022,1,2022_01_IND_HOU,HOU,IND,1,67,27,40,0.403,20,20,0,4.91
2022,1,2022_01_IND_HOU,IND,HOU,0,90,38,52,0.4222,20,20,0,-4.689
2022,1,2022_01_JAX_WAS,JAX,WAS,0,63,18,45,0.2857,22,28,-6,-6.19
2022,1,2022_01_JAX_WAS,WAS,JAX,1,69,25,44,0.3623,28,22,6,2.841
2022,1,2022_01_KC_ARI,ARI,KC,1,64,21,43,0.3281,21,44,-23,-20.391
2022,1,2022_01_KC_ARI,KC,ARI,0,66,27,39,0.4091,44,21,23,12.576
2022,1,2022_01_LV_LAC,LAC,LV,1,63,29,34,0.4603,24,19,5,5.016
2022,1,2022_01_LV_LAC,LV,LAC,0,57,13,44,0.2281,19,24,-5,-8.316
2022,1,2022_01_NE_MIA,MIA,NE,1,57,21,36,0.3684,20,7,13,8.281
2022,1,2022_01_NE_MIA,NE,MIA,0,53,21,32,0.3962,7,20,-13,-9.943
2022,1,2022_01_NO_ATL,ATL,NO,1,70,38,32,0.5429,26,27,-1,3.871
2022,1,2022_01_NO_ATL,NO,ATL,0,57,20,37,0.3509,27,26,1,-6.386
2022,1,2022_01_NYG_TEN,NYG,TEN,0,60,33,27,0.55,21,20,1,-8.15
2022,1,2022_01_NYG_TEN,TEN,NYG,1,59,26,33,0.4407,20,21,-1,5.847
2022,1,2022_01_PHI_DET,DET,PHI,1,65,27,38,0.4154,35,38,-3,-9.585
2022,1,2022_01_PHI_DET,PHI,DET,0,71,38,33,0.5352,38,35,3,2.014
2022,1,2022_01_PIT_CIN,CIN,PIT,1,95,34,61,0.3579,20,23,-3,-6.884
2022,1,2022_01_PIT_CIN,PIT,CIN,0,59,21,38,0.3559,23,20,3,4.458
2022,1,2022_01_SF_CHI,CHI,SF,1,53,34,19,0.6415,19,10,9,-2.434
2022,1,2022_01_SF_CHI,SF,CHI,0,67,37,30,0.5522,10,19,-9,-0.06
2022,1,2022_01_TB_DAL,DAL,TB,1,63,17,46,0.2698,3,19,-16,-9.349
2022,1,2022_01_TB_DAL,TB,DAL,0,60,31,29,0.5167,19,3,16,6.567
2022,2,2022_02_ARI_LV,ARI,LV,0,80,29,51,0.3625,29,23,6,-12.15
2022,2,2022_02_ARI_LV,LV,ARI,1,61,21,40,0.3443,23,29,-6,8.213
2022,2,2022_02_ATL_LA,ATL,LA,0,57,27,30,0.4737,27,31,-4,-11.912
2022,2,2022_02_ATL_LA,LA,ATL,1,63,26,37,0.4127,31,27,4,11.54
2022,2,2022_02_CAR_NYG,CAR,NYG,0,54,23,31,0.4259,16,19,-3,-2.889
2022,2,2022_02_CAR_NYG,NYG,CAR,1,68,31,37,0.4559,19,16,3,0.279
2022,2,2022_02_CHI_GB,CHI,GB,0,41,27,14,0.6585,10,27,-17,-11.098
2022,2,2022_02_CHI_GB,GB,CHI,1,65,37,28,0.5692,27,10,17,6.877
2022,2,2022_02_CIN_DAL,CIN,DAL,0,67,24,43,0.3582,17,20,-3,-9.358
2022,2,2022_02_CIN_DAL,DAL,CIN,1,58,27,31,0.4655,20,17,3,5.914
2022,2,2022_02_HOU_DEN,DEN,HOU,1,64,30,34,0.4688,16,9,7,-0.25
2022,2,2022_02_HOU_DEN,HOU,DEN,0,58,17,41,0.2931,9,16,-7,-1.707
2022,2,2022_02_IND_JAX,IND,JAX,0,48,13,35,0.2708,0,24,-24,-16.292
2022,2,2022_02_IND_JAX,JAX,IND,1,66,36,30,0.5455,24,0,24,12.742
2022,2,2022_02_LAC_KC,KC,LAC,1,52,16,36,0.3077,27,24,3,-2.75
2022,2,2022_02_LAC_KC,LAC,KC,0,73,23,50,0.3151,24,27,-3,-0.575
2022,2,2022_02_MIA_BAL,BAL,MIA,1,54,25,29,0.463,38,42,-4,7.611
2022,2,2022_02_MIA_BAL,MIA,BAL,0,69,18,51,0.2609,42,38,4,-12.638
2022,2,2022_02_MIN_PHI,MIN,PHI,0,59,11,48,0.1864,7,24,-17,-14.864
2022,2,2022_02_MIN_PHI,PHI,MIN,1,68,34,34,0.5,24,7,17,10.559
2022,2,2022_02_NE_PIT,NE,PIT,0,63,28,35,0.4444,17,14,3,2.651
2022,2,2022_02_NE_PIT,PIT,NE,1,59,22,37,0.3729,14,17,-3,-4.475
2022,2,2022_02_NYJ_CLE,CLE,NYJ,1,64,36,28,0.5625,30,31,-1,1.797
2022,2,2022_02_NYJ_CLE,NYJ,CLE,0,66,19,47,0.2879,31,30,1,-5.697
2022,2,2022_02_SEA_SF,SEA,SF,0,47,14,33,0.2979,7,27,-20,-13.66
2022,2,2022_02_SEA_SF,SF,SEA,1,70,45,25,0.6429,27,7,20,10.986
2022,2,2022_02_TB_NO,NO,TB,1,66,20,46,0.303,10,20,-10,-2.045
2022,2,2022_02_TB_NO,TB,NO,0,63,28,35,0.4444,20,10,10,-0.571
2022,2,2022_02_TEN_BUF,BUF,TEN,1,63,22,41,0.3492,41,7,34,11.937
2022,2,2022_02_TEN_BUF,TEN,BUF,0,53,27,26,0.5094,7,41,-34,-16.377
2022,2,2022_02_WAS_DET,DET,WAS,1,59,22,37,0.3729,36,27,9,9.864
2022,2,2022_02_WAS_DET,WAS,DET,0,74,21,53,0.2838,27,36,-9,-14.5
2022,3,2022_03_ATL_SEA,ATL,SEA,0,52,29,23,0.5577,27,23,4,-0.827
2022,3,2022_03_ATL_SEA,SEA,ATL,1,69,23,46,0.3333,23,27,-4,-2.304
2022,3,2022_03_BAL_NE,BAL,NE,0,56,23,33,0.4107,37,26,11,0.857
2022,3,2022_03_BAL_NE,NE,BAL,1,64,28,36,0.4375,26,37,-11,-5.172
2022,3,2022_03_BUF_MIA,BUF,MIA,0,89,23,66,0.2584,19,21,-2,-0.517
2022,3,2022_03_BUF_MIA,MIA,BUF,1,39,17,22,0.4359,21,19,2,-3.436
2022,3,2022_03_CIN_NYJ,CIN,NYJ,0,64,26,38,0.4062,27,12,15,10.141
2022,3,2022_03_CIN_NYJ,NYJ,CIN,1,76,20,56,0.2632,12,27,-15,-12.961
2022,3,2022_03_DAL_NYG,DAL,NYG,0,59,28,31,0.4746,23,16,7,0.39
2022,3,2022_03_DAL_NYG,NYG,DAL,1,67,25,42,0.3731,16,23,-7,-3.299
2022,3,2022_03_DET_MIN,DET,MIN,0,75,35,40,0.4667,24,28,-4,3.347
2022,3,2022_03_DET_MIN,MIN,DET,1,65,24,41,0.3692,28,24,4,-6.462
2022,3,2022_03_GB_TB,GB,TB,0,60,24,36,0.4,14,12,2,6.317
2022,3,2022_03_GB_TB,TB,GB,1,59,13,46,0.2203,12,14,-2,-7.542
2022,3,2022_03_HOU_CHI,CHI,HOU,1,60,38,22,0.6333,23,20,3,-0.45
2022,3,2022_03_HOU_CHI,HOU,CHI,0,57,24,33,0.4211,20,23,-3,-2.596
2022,3,2022_03_JAX_LAC,JAX,LAC,0,74,34,40,0.4595,38,10,28,8.432
2022,3,2022_03_JAX_LAC,LAC,JAX,1,58,12,46,0.2069,10,38,-28,-14.569
2022,3,2022_03_KC_IND,IND,KC,1,68,26,42,0.3824,20,17,3,-1.015
2022,3,2022_03_KC_IND,KC,IND,0,61,23,38,0.377,17,20,-3,-0.148
2022,3,2022_03_LA_ARI,ARI,LA,1,81,21,60,0.2593,12,20,-8,-9.938
2022,3,2022_03_LA_ARI,LA,ARI,0,44,18,26,0.4091,20,12,8,6.386
2022,3,2022_03_LV_TEN,LV,TEN,0,66,19,47,0.2879,22,24,-2,-10.333
2022,3,2022_03_LV_TEN,TEN,LV,1,53,25,28,0.4717,24,22,2,6.491
2022,3,2022_03_NO_CAR,CAR,NO,1,59,31,28,0.5254,22,14,8,9.525
2022,3,2022_03_NO_CAR,NO,CAR,0,64,22,42,0.3438,14,22,-8,-10.469
2022,3,2022_03_PHI_WAS,PHI,WAS,0,66,28,38,0.4242,24,8,16,12.742
2022,3,2022_03_PHI_WAS,WAS,PHI,1,75,22,53,0.2933,8,24,-16,-16.36
2022,3,2022_03_PIT_CLE,CLE,PIT,1,71,38,33,0.5352,29,17,12,1.268
2022,3,2022_03_PIT_CLE,PIT,CLE,0,55,22,33,0.4,17,29,-12,-3.909
2022,3,2022_03_SF_DEN,DEN,SF,1,68,30,38,0.4412,11,10,1,-3.941
2022,3,2022_03_SF_DEN,SF,DEN,0,52,19,33,0.3654,10,11,-1,2.808
2022,4,2022_04_ARI_CAR,ARI,CAR,0,68,34,34,0.5,26,16,10,-1.044
2022,4,2022_04_ARI_CAR,CAR,ARI,1,52,13,39,0.25,16,26,-10,-2.0
2022,4,2022_04_BUF_BAL,BAL,BUF,1,63,32,31,0.5079,20,23,-3,5.714
2022,4,2022_04_BUF_BAL,BUF,BAL,0,60,23,37,0.3833,23,20,3,-8.583
2022,4,2022_04_CHI_NYG,CHI,NYG,0,60,32,28,0.5333,12,20,-8,-4.15
2022,4,2022_04_CHI_NYG,NYG,CHI,1,61,44,17,0.7213,20,12,8,2.967
2022,4,2022_04_CLE_ATL,ATL,CLE,1,52,32,20,0.6154,23,20,3,-0.577
2022,4,2022_04_CLE_ATL,CLE,ATL,0,71,35,36,0.493,20,23,-3,-3.521
2022,4,2022_04_DEN_LV,DEN,LV,0,48,20,28,0.4167,23,32,-9,-4.625
2022,4,2022_04_DEN_LV,LV,DEN,1,72,36,36,0.5,32,23,9,1.458
2022,4,2022_04_JAX_PHI,JAX,PHI,0,46,19,27,0.413,21,29,-8,-0.913
2022,4,2022_04_JAX_PHI,PHI,JAX,1,75,47,28,0.6267,29,21,8,-0.093
2022,4,2022_04_KC_TB,KC,TB,0,77,37,40,0.4805,41,31,10,10.597
2022,4,2022_04_KC_TB,TB,KC,1,59,6,53,0.1017,31,41,-10,-15.78
2022,4,2022_04_LAC_HOU,HOU,LAC,1,53,14,39,0.2642,24,34,-10,-12.811
2022,4,2022_04_LAC_HOU,LAC,HOU,0,63,23,40,0.3651,34,24,10,11.143
2022,4,2022_04_LA_SF,LA,SF,0,73,18,55,0.2466,9,24,-15,-7.288
2022,4,2022_04_LA_SF,SF,LA,1,49,22,27,0.449,24,9,15,4.551
2022,4,2022_04_MIA_CIN,CIN,MIA,1,60,27,33,0.45,27,15,12,1.983
2022,4,2022_04_MIA_CIN,MIA,CIN,0,60,22,38,0.3667,15,27,-12,-5.283
2022,4,2022_04_MIN_NO,MIN,NO,0,67,25,42,0.3731,28,25,3,1.388
2022,4,2022_04_MIN_NO,NO,MIN,1,58,27,31,0.4655,25,28,-3,-5.776
2022,4,2022_04_NE_GB,GB,NE,1,71,35,36,0.493,27,24,3,-1.577
2022,4,2022_04_NE_GB,NE,GB,0,58,33,25,0.569,24,27,-3,-1.19
2022,4,2022_04_NYJ_PIT,NYJ,PIT,0,67,29,38,0.4328,24,20,4,0.03
2022,4,2022_04_NYJ_PIT,PIT,NYJ,1,60,31,29,0.5167,20,24,-4,-2.483
2022,4,2022_04_SEA_DET,DET,SEA,1,68,26,42,0.3824,45,48,-3,-11.221
2022,4,2022_04_SEA_DET,SEA,DET,0,61,31,30,0.5082,48,45,3,5.328
2022,4,2022_04_TEN_IND,IND,TEN,1,63,23,40,0.3651,17,24,-7,-10.0
2022,4,2022_04_TEN_IND,TEN,IND,0,49,25,24,0.5102,24,17,7,9.224
2022,4,2022_04_WAS_DAL,DAL,WAS,1,57,29,28,0.5088,25,10,15,4.263
2022,4,2022_04_WAS_DAL,WAS,DAL,0,71,27,44,0.3803,10,25,-15,-8.423
2022,5,2022_05_ATL_TB,ATL,TB,0,62,31,31,0.5,15,21,-6,-10.532
2022,5,2022_05_ATL_TB,TB,ATL,1,73,20,53,0.274,21,15,6,6.452
2022,5,2022_05_CHI_MIN,CHI,MIN,0,48,24,24,0.5,22,29,-7,-9.125
2022,5,2022_05_CHI_MIN,MIN,CHI,1,72,29,43,0.4028,29,22,7,4.542
2022,5,2022_05_CIN_BAL,BAL,CIN,1,60,27,33,0.45,19,17,2,2.167
2022,5,2022_05_CIN_BAL,CIN,BAL,0,59,21,38,0.3559,17,19,-2,-4.593
2022,5,2022_05_DAL_LA,DAL,LA,0,51,32,19,0.6275,22,10,12,6.765
2022,5,2022_05_DAL_LA,LA,DAL,1,64,15,49,0.2344,10,22,-12,-7.641
2022,5,2022_05_DET_NE,DET,NE,0,63,26,37,0.4127,0,29,-29,-14.984
2022,5,2022_05_DET_NE,NE,DET,1,54,33,21,0.6111,29,0,29,14.352
2022,5,2022_05_HOU_JAX,HOU,JAX,0,55,30,25,0.5455,13,6,7,0.0
2022,5,2022_05_HOU_JAX,JAX,HOU,1,72,26,46,0.3611,6,13,-7,-1.792
2022,5,2022_05_IND_DEN,DEN,IND,1,69,26,43,0.3768,9,12,-3,1.826
2022,5,2022_05_IND_DEN,IND,DEN,0,72,26,46,0.3611,12,9,3,-3.375
2022,5,2022_05_LAC_CLE,CLE,LAC,1,65,31,34,0.4769,28,30,-2,0.092
2022,5,2022_05_LAC_CLE,LAC,CLE,0,67,32,35,0.4776,30,28,2,-3.866
2022,5,2022_05_LV_KC,KC,LV,1,69,22,47,0.3188,30,29,1,-6.623
2022,5,2022_05_LV_KC,LV,KC,0,57,25,32,0.4386,29,30,-1,2.491
2022,5,2022_05_MIA_NYJ,MIA,NYJ,0,62,26,36,0.4194,17,40,-23,-9.823
2022,5,2022_05_MIA_NYJ,NYJ,MIA,1,53,30,23,0.566,40,17,23,4.094
2022,5,2022_05_NYG_GB,GB,NYG,1,61,20,41,0.3279,22,27,-5,1.803
2022,5,2022_05_NYG_GB,NYG,GB,0,56,28,28,0.5,27,22,5,-7.857
2022,5,2022_05_PHI_ARI,ARI,PHI,1,67,26,41,0.3881,17,20,-3,-7.0
2022,5,2022_05_PHI_ARI,PHI,ARI,0,70,32,38,0.4571,20,17,3,4.214
2022,5,2022_05_PIT_BUF,BUF,PIT,1,51,15,36,0.2941,38,3,35,17.353
2022,5,2022_05_PIT_BUF,PIT,BUF,0,72,17,55,0.2361,3,38,-35,-24.111
2022,5,2022_05_SEA_NO,NO,SEA,1,70,44,26,0.6286,39,32,7,1.114
2022,5,2022_05_SEA_NO,SEA,NO,0,50,21,29,0.42,32,39,-7,-3.92
2022,5,2022_05_SF_CAR,CAR,SF,1,66,18,48,0.2727,15,37,-22,-13.182
2022,5,2022_05_SF_CAR,SF,CAR,0,59,27,32,0.4576,37,15,22,8.169
2022,5,2022_05_TEN_WAS,TEN,WAS,0,62,32,30,0.5161,21,17,4,-0.065
2022,5,2022_05_TEN_WAS,WAS,TEN,1,57,16,41,0.2807,17,21,-4,-3.281
2022,6,2022_06_ARI_SEA,ARI,SEA,0,71,28,43,0.3944,9,19,-10,-5.085
2022,6,2022_06_ARI_SEA,SEA,ARI,1,66,30,36,0.4545,19,9,10,4.061
2022,6,2022_06_BAL_NYG,BAL,NYG,0,58,24,34,0.4138,20,24,-4,1.052
2022,6,2022_06_BAL_NYG,NYG,BAL,1,59,28,31,0.4746,24,20,4,-5.068
2022,6,2022_06_BUF_KC,BUF,KC,0,70,29,41,0.4143,24,20,4,-1.829
2022,6,2022_06_BUF_KC,KC,BUF,1,61,18,43,0.2951,20,24,-4,-0.393
2022,6,2022_06_CAR_LA,CAR,LA,0,43,20,23,0.4651,10,24,-14,-3.116
2022,6,2022_06_CAR_LA,LA,CAR,1,61,27,34,0.4426,24,10,14,0.787
2022,6,2022_06_CIN_NO,CIN,NO,0,54,13,41,0.2407,30,26,4,-6.685
2022,6,2022_06_CIN_NO,NO,CIN,1,71,34,37,0.4789,26,30,-4,2.479
2022,6,2022_06_DAL_PHI,DAL,PHI,0,64,26,38,0.4062,17,26,-9,-11.516
2022,6,2022_06_DAL_PHI,PHI,DAL,1,67,38,29,0.5672,26,17,9,6.672
2022,6,2022_06_DEN_LAC,DEN,LAC,0,55,23,32,0.4182,16,19,-3,0.709
2022,6,2022_06_DEN_LAC,LAC,DEN,1,83,24,59,0.2892,19,16,3,-3.0
2022,6,2022_06_JAX_IND,IND,JAX,1,76,17,59,0.2237,34,27,7,-4.947
2022,6,2022_06_JAX_IND,JAX,IND,0,59,32,27,0.5424,27,34,-7,-0.288
2022,6,2022_06_MIN_MIA,MIA,MIN,1,74,20,54,0.2703,16,24,-8,-5.176
2022,6,2022_06_MIN_MIA,MIN,MIA,0,49,15,34,0.3061,24,16,8,3.98
2022,6,2022_06_NE_CLE,CLE,NE,1,68,18,50,0.2647,15,38,-23,-10.632
2022,6,2022_06_NE_CLE,NE,CLE,0,62,26,36,0.4194,38,15,23,6.226
2022,6,2022_06_NYJ_GB,GB,NYJ,1,69,20,49,0.2899,10,27,-17,-5.667
2022,6,2022_06_NYJ_GB,NYJ,GB,0,50,30,20,0.6,27,10,17,4.3
2022,6,2022_06_SF_ATL,ATL,SF,1,56,40,16,0.7143,28,14,14,6.375
2022,6,2022_06_SF_ATL,SF,ATL,0,57,16,41,0.2807,14,28,-14,-11.789
2022,6,2022_06_TB_PIT,PIT,TB,1,59,27,32,0.4576,20,18,2,1.407
2022,6,2022_06_TB_PIT,TB,PIT,0,68,26,42,0.3824,18,20,-2,-4.838
2022,6,2022_06_WAS_CHI,CHI,WAS,1,69,37,32,0.5362,7,12,-5,-1.87
2022,6,2022_06_WAS_CHI,WAS,CHI,0,54,28,26,0.5185,12,7,5,-0.148
2022,7,2022_07_ATL_CIN,ATL,CIN,0,45,29,16,0.6444,17,35,-18,-16.711
2022,7,2022_07_ATL_CIN,CIN,ATL,1,65,20,45,0.3077,35,17,18,12.692
2022,7,2022_07_CHI_NE,CHI,NE,0,69,44,25,0.6377,33,14,19,5.928
2022,7,2022_07_CHI_NE,NE,CHI,1,47,18,29,0.383,14,33,-19,-10.957
2022,7,2022_07_CLE_BAL,BAL,CLE,1,62,43,19,0.6935,23,20,3,0.387
2022,7,2022_07_CLE_BAL,CLE,BAL,0,56,24,32,0.4286,20,23,-3,-3.0
2022,7,2022_07_DET_DAL,DAL,DET,1,57,30,27,0.5263,24,6,18,0.509
2022,7,2022_07_DET_DAL,DET,DAL,0,56,25,31,0.4464,6,24,-18,-2.946
2022,7,2022_07_GB_WAS,GB,WAS,0,46,12,34,0.2609,21,23,-2,-1.848
2022,7,2022_07_GB_WAS,WAS,GB,1,72,38,34,0.5278,23,21,2,-2.097
2022,7,2022_07_HOU_LV,HOU,LV,0,65,23,42,0.3538,20,38,-18,-5.892
2022,7,2022_07_HOU_LV,LV,HOU,1,53,25,28,0.4717,38,20,18,-2.038
2022,7,2022_07_IND_TEN,IND,TEN,0,64,17,47,0.2656,10,19,-9,-8.859
2022,7,2022_07_IND_TEN,TEN,IND,1,55,33,22,0.6,19,10,9,5.436
2022,7,2022_07_KC_SF,KC,SF,0,55,18,37,0.3273,44,23,21,1.073
2022,7,2022_07_KC_SF,SF,KC,1,71,20,51,0.2817,23,44,-21,-7.62
2022,7,2022_07_NO_ARI,ARI,NO,1,61,29,32,0.4754,42,34,8,3.918
2022,7,2022_07_NO_ARI,NO,ARI,0,70,21,49,0.3,34,42,-8,-7.871
2022,7,2022_07_NYG_JAX,JAX,NYG,1,66,22,44,0.3333,17,23,-6,-0.864
2022,7,2022_07_NYG_JAX,NYG,JAX,0,70,39,31,0.5571,23,17,6,-1.914
2022,7,2022_07_NYJ_DEN,DEN,NYJ,1,75,28,47,0.3733,9,16,-7,-3.4
2022,7,2022_07_NYJ_DEN,NYJ,DEN,0,52,23,29,0.4423,16,9,7,1.173
2022,7,2022_07_PIT_MIA,MIA,PIT,1,61,26,35,0.4262,16,10,6,5.672
2022,7,2022_07_PIT_MIA,PIT,MIA,0,68,23,45,0.3382,10,16,-6,-8.059
2022,7,2022_07_SEA_LAC,LAC,SEA,1,69,15,54,0.2174,23,37,-14,-12.507
2022,7,2022_07_SEA_LAC,SEA,LAC,0,61,32,29,0.5246,37,23,14,7.131
2022,7,2022_07_TB_CAR,CAR,TB,1,50,27,23,0.54,21,3,18,6.1
2022,7,2022_07_TB_CAR,TB,CAR,0,66,16,50,0.2424,3,21,-18,-6.682
2022,8,2022_08_ARI_MIN,ARI,MIN,0,70,22,48,0.3143,26,34,-8,-7.7
2022,8,2022_08_ARI_MIN,MIN,ARI,1,68,29,39,0.4265,34,26,8,3.294
2022,8,2022_08_BAL_TB,BAL,TB,0,71,31,40,0.4366,27,22,5,-2.859
2022,8,2022_08_BAL_TB,TB,BAL,1,62,16,46,0.2581,22,27,-5,-2.177
2022,8,2022_08_CAR_ATL,ATL,CAR,1,66,36,30,0.5455,37,34,3,-0.939
2022,8,2022_08_CAR_ATL,CAR,ATL,0,74,37,37,0.5,34,37,-3,-2.878
2022,8,2022_08_CHI_DAL,CHI,DAL,0,73,43,30,0.589,29,49,-20,-16.356
2022,8,2022_08_CHI_DAL,DAL,CHI,1,55,27,28,0.4909,49,29,20,8.673
2022,8,2022_08_CIN_CLE,CIN,CLE,0,50,10,40,0.2,13,32,-19,-10.98
2022,8,2022_08_CIN_CLE,CLE,CIN,1,67,43,24,0.6418,32,13,19,9.537
2022,8,2022_08_DEN_JAX,DEN,JAX,0,60,28,32,0.4667,21,17,4,-2.983
2022,8,2022_08_DEN_JAX,JAX,DEN,1,65,32,33,0.4923,17,21,-4,1.215
2022,8,2022_08_GB_BUF,BUF,GB,1,53,26,27,0.4906,27,17,10,9.321
2022,8,2022_08_GB_BUF,GB,BUF,0,63,31,32,0.4921,17,27,-10,-12.444
2022,8,2022_08_LV_NO,LV,NO,0,55,12,43,0.2182,0,24,-24,-15.873
2022,8,2022_08_LV_NO,NO,LV,1,63,32,31,0.5079,24,0,24,14.524
2022,8,2022_08_MIA_DET,DET,MIA,1,57,19,38,0.3333,27,31,-4,3.14
2022,8,2022_08_MIA_DET,MIA,DET,0,61,23,38,0.377,31,27,4,-6.672
2022,8,2022_08_NE_NYJ,NE,NYJ,0,72,31,41,0.4306,22,17,5,-0.444
2022,8,2022_08_NE_NYJ,NYJ,NE,1,58,15,43,0.2586,17,22,-5,-4.0
2022,8,2022_08_NYG_SEA,NYG,SEA,0,64,28,36,0.4375,13,27,-14,-5.969
2022,8,2022_08_NYG_SEA,SEA,NYG,1,61,24,37,0.3934,27,13,14,2.066
2022,8,2022_08_PIT_PHI,PHI,PIT,1,52,19,33,0.3654,35,13,22,8.827
2022,8,2022_08_PIT_PHI,PIT,PHI,0,70,24,46,0.3429,13,35,-22,-13.814
2022,8,2022_08_SF_LA,LA,SF,1,55,20,35,0.3636,14,31,-17,-2.691
2022,8,2022_08_SF_LA,SF,LA,0,52,23,29,0.4423,31,14,17,-1.019
2022,8,2022_08_TEN_HOU,HOU,TEN,1,50,17,33,0.34,10,17,-7,-6.38
2022,8,2022_08_TEN_HOU,TEN,HOU,0,57,44,13,0.7719,17,10,7,4.368
2022,8,2022_08_WAS_IND,IND,WAS,1,53,28,25,0.5283,16,17,-1,-1.264
2022,8,2022_08_WAS_IND,WAS,IND,0,61,28,33,0.459,17,16,1,-1.623
2022,9,2022_09_BAL_NO,BAL,NO,0,65,40,25,0.6154,27,13,14,7.862
2022,9,2022_09_BAL_NO,NO,BAL,1,49,15,34,0.3061,13,27,-14,-12.245
2022,9,2022_09_BUF_NYJ,BUF,NYJ,0,61,22,39,0.3607,17,20,-3,0.639
2022,9,2022_09_BUF_NYJ,NYJ,BUF,1,60,33,27,0.55,20,17,3,-4.617
2022,9,2022_09_CAR_CIN,CAR,CIN,0,48,18,30,0.375,21,42,-21,-27.271
2022,9,2022_09_CAR_CIN,CIN,CAR,1,70,37,33,0.5286,42,21,21,19.1
2022,9,2022_09_GB_DET,DET,GB,1,57,31,26,0.5439,15,9,6,2.351
2022,9,2022_09_GB_DET,GB,DET,0,69,24,45,0.3478,9,15,-6,-4.159
2022,9,2022_09_IND_NE,IND,NE,0,60,22,38,0.3667,3,26,-23,-11.233
2022,9,2022_09_IND_NE,NE,IND,1,61,27,34,0.4426,26,3,23,8.557
2022,9,2022_09_LAC_ATL,ATL,LAC,1,60,35,25,0.5833,17,20,-3,1.1
2022,9,2022_09_LAC_ATL,LAC,ATL,0,67,24,43,0.3582,20,17,3,-3.896
2022,9,2022_09_LA_TB,LA,TB,0,54,23,31,0.4259,13,16,-3,1.444
2022,9,2022_09_LA_TB,TB,LA,1,78,20,58,0.2564,16,13,3,-3.59
2022,9,2022_09_LV_JAX,JAX,LV,1,66,36,30,0.5455,27,20,7,-5.47
2022,9,2022_09_LV_JAX,LV,JAX,0,57,19,38,0.3333,20,27,-7,1.614
2022,9,2022_09_MIA_CHI,CHI,MIA,1,70,39,31,0.5571,32,35,-3,-6.014
2022,9,2022_09_MIA_CHI,MIA,CHI,0,50,20,30,0.4,35,32,3,2.36
2022,9,2022_09_MIN_WAS,MIN,WAS,0,65,22,43,0.3385,20,17,3,0.385
2022,9,2022_09_MIN_WAS,WAS,MIN,1,60,29,31,0.4833,17,20,-3,-2.217
2022,9,2022_09_PHI_HOU,HOU,PHI,1,57,32,25,0.5614,17,29,-12,-5.368
2022,9,2022_09_PHI_HOU,PHI,HOU,0,61,30,31,0.4918,29,17,12,0.131
2022,9,2022_09_SEA_ARI,ARI,SEA,1,61,21,40,0.3443,21,31,-10,-4.721
2022,9,2022_09_SEA_ARI,SEA,ARI,0,68,32,36,0.4706,31,21,10,-0.191
2022,9,2022_09_TEN_KC,KC,TEN,1,92,20,72,0.2174,20,17,3,-2.848
2022,9,2022_09_TEN_KC,TEN,KC,0,47,28,19,0.5957,17,20,-3,0.872
2022,10,2022_10_ARI_LA,ARI,LA,0,64,25,39,0.3906,27,17,10,4.094
2022,10,2022_10_ARI_LA,LA,ARI,1,59,19,40,0.322,17,27,-10,-8.271
2022,10,2022_10_ATL_CAR,ATL,CAR,0,59,25,34,0.4237,15,25,-10,-8.492
2022,10,2022_10_ATL_CAR,CAR,ATL,1,64,47,17,0.7344,25,15,10,5.938
2022,10,2022_10_CLE_MIA,CLE,MIA,0,61,23,38,0.377,17,39,-22,-10.738
2022,10,2022_10_CLE_MIA,MIA,CLE,1,64,30,34,0.4688,39,17,22,6.594
2022,10,2022_10_DAL_GB,DAL,GB,0,79,31,48,0.3924,28,31,-3,0.886
2022,10,2022_10_DAL_GB,GB,DAL,1,60,38,22,0.6333,31,28,3,-4.317
2022,10,2022_10_DEN_TEN,DEN,TEN,0,72,24,48,0.3333,10,17,-7,-0.764
2022,10,2022_10_DEN_TEN,TEN,DEN,1,60,23,37,0.3833,17,10,7,-1.5
2022,10,2022_10_DET_CHI,CHI,DET,1,58,35,23,0.6034,30,31,-1,-0.276
2022,10,2022_10_DET_CHI,DET,CHI,0,58,30,28,0.5172,31,30,1,-4.534
2022,10,2022_10_HOU_NYG,HOU,NYG,0,60,19,41,0.3167,16,24,-8,-8.367
2022,10,2022_10_HOU_NYG,NYG,HOU,1,66,46,20,0.697,24,16,8,5.091
2022,10,2022_10_IND_LV,IND,LV,0,59,28,31,0.4746,25,20,5,3.305
2022,10,2022_10_IND_LV,LV,IND,1,65,24,41,0.3692,20,25,-5,-5.985
2022,10,2022_10_JAX_KC,JAX,KC,0,61,16,45,0.2623,17,27,-10,-11.803
2022,10,2022_10_JAX_KC,KC,JAX,1,61,26,35,0.4262,27,17,10,8.951
2022,10,2022_10_LAC_SF,LAC,SF,0,56,16,40,0.2857,16,22,-6,2.661
2022,10,2022_10_LAC_SF,SF,LAC,1,69,40,29,0.5797,22,16,6,-4.638
2022,10,2022_10_MIN_BUF,BUF,MIN,1,72,27,45,0.375,30,33,-3,4.917
2022,10,2022_10_MIN_BUF,MIN,BUF,0,78,24,54,0.3077,33,30,3,-7.141
2022,10,2022_10_NO_PIT,NO,PIT,0,45,15,30,0.3333,10,20,-10,-6.133
2022,10,2022_10_NO_PIT,PIT,NO,1,78,42,36,0.5385,20,10,10,3.667
2022,10,2022_10_SEA_TB,SEA,TB,0,51,14,37,0.2745,16,21,-5,-10.569
2022,10,2022_10_SEA_TB,TB,SEA,1,68,38,30,0.5588,21,16,5,6.515
2022,10,2022_10_WAS_PHI,PHI,WAS,1,47,20,27,0.4255,21,32,-11,-3.532
2022,10,2022_10_WAS_PHI,WAS,PHI,0,77,47,30,0.6104,32,21,11,-1.143
2022,11,2022_11_CAR_BAL,BAL,CAR,1,65,29,36,0.4462,13,3,10,1.308
2022,11,2022_11_CAR_BAL,CAR,BAL,0,54,17,37,0.3148,3,13,-10,-3.315
2022,11,2022_11_CHI_ATL,ATL,CHI,1,48,30,18,0.625,27,24,3,-0.188
2022,11,2022_11_CHI_ATL,CHI,ATL,0,66,41,25,0.6212,24,27,-3,-1.53
2022,11,2022_11_CIN_PIT,CIN,PIT,0,63,22,41,0.3492,37,30,7,0.889
2022,11,2022_11_CIN_PIT,PIT,CIN,1,68,24,44,0.3529,30,37,-7,-5.382
2022,11,2022_11_CLE_BUF,BUF,CLE,1,62,33,29,0.5323,31,23,8,2.323
2022,11,2022_11_CLE_BUF,CLE,BUF,0,67,25,42,0.3731,23,31,-8,-4.507
2022,11,2022_11_DAL_MIN,DAL,MIN,0,70,40,30,0.5714,40,3,37,16.343
2022,11,2022_11_DAL_MIN,MIN,DAL,1,54,17,37,0.3148,3,40,-37,-21.185
2022,11,2022_11_DET_NYG,DET,NYG,0,60,34,26,0.5667,31,18,13,6.6
2022,11,2022_11_DET_NYG,NYG,DET,1,73,26,47,0.3562,18,31,-13,-9.986
2022,11,2022_11_KC_LAC,KC,LAC,0,61,26,35,0.4262,30,27,3,-2.803
2022,11,2022_11_KC_LAC,LAC,KC,1,65,30,35,0.4615,27,30,-3,-0.554
2022,11,2022_11_LA_NO,LA,NO,0,61,30,31,0.4918,20,27,-7,-5.016
2022,11,2022_11_LA_NO,NO,LA,1,54,22,32,0.4074,27,20,7,1.037
2022,11,2022_11_LV_DEN,DEN,LV,1,62,28,34,0.4516,16,22,-6,1.952
2022,11,2022_11_LV_DEN,LV,DEN,0,62,24,38,0.3871,22,16,6,-3.855
2022,11,2022_11_NYJ_NE,NE,NYJ,1,59,26,33,0.4407,10,3,7,0.0
2022,11,2022_11_NYJ_NE,NYJ,NE,0,49,23,26,0.4694,3,10,-7,-0.49
2022,11,2022_11_PHI_IND,IND,PHI,1,62,26,36,0.4194,16,17,-1,4.226
2022,11,2022_11_PHI_IND,PHI,IND,0,59,31,28,0.5254,17,16,1,-7.322
2022,11,2022_11_SF_ARI,ARI,SF,1,71,24,47,0.338,10,38,-28,-11.746
2022,11,2022_11_SF_ARI,SF,ARI,0,55,26,29,0.4727,38,10,28,7.927
2022,11,2022_11_TEN_GB,GB,TEN,1,60,19,41,0.3167,17,27,-10,-8.383
2022,11,2022_11_TEN_GB,TEN,GB,0,61,29,32,0.4754,27,17,10,3.492
2022,11,2022_11_WAS_HOU,HOU,WAS,1,53,15,38,0.283,10,23,-13,-15.453
2022,11,2022_11_WAS_HOU,WAS,HOU,0,67,40,27,0.597,23,10,13,12.761
2022,12,2022_12_ATL_WAS,ATL,WAS,0,55,29,26,0.5273,13,19,-6,-3.273
2022,12,2022_12_ATL_WAS,WAS,ATL,1,59,36,23,0.6102,19,13,6,0.441
2022,12,2022_12_BAL_JAX,BAL,JAX,0,68,34,34,0.5,27,28,-1,1.074
2022,12,2022_12_BAL_JAX,JAX,BAL,1,62,20,42,0.3226,28,27,1,-4.774
2022,12,2022_12_BUF_DET,BUF,DET,0,74,29,45,0.3919,28,25,3,-0.959
2022,12,2022_12_BUF_DET,DET,BUF,1,68,29,39,0.4265,25,28,-3,-2.794
2022,12,2022_12_CHI_NYJ,CHI,NYJ,0,55,28,27,0.5091,10,31,-21,-11.655
2022,12,2022_12_CHI_NYJ,NYJ,CHI,1,60,30,30,0.5,31,10,21,6.567
2022,12,2022_12_CIN_TEN,CIN,TEN,0,62,24,38,0.3871,20,16,4,-1.065
2022,12,2022_12_CIN_TEN,TEN,CIN,1,56,21,35,0.375,16,20,-4,-1.214
2022,12,2022_12_DEN_CAR,CAR,DEN,1,64,45,19,0.7031,23,10,13,7.094
2022,12,2022_12_DEN_CAR,DEN,CAR,0,57,19,38,0.3333,10,23,-13,-10.982
2022,12,2022_12_GB_PHI,GB,PHI,0,48,20,28,0.4167,33,40,-7,-8.75
2022,12,2022_12_GB_PHI,PHI,GB,1,78,48,30,0.6154,40,33,7,4.846
2022,12,2022_12_HOU_MIA,HOU,MIA,0,60,15,45,0.25,15,30,-15,-17.917
2022,12,2022_12_HOU_MIA,MIA,HOU,1,68,23,45,0.3382,30,15,15,16.0
2022,12,2022_12_LAC_ARI,ARI,LAC,1,64,34,30,0.5312,24,25,-1,1.156
2022,12,2022_12_LAC_ARI,LAC,ARI,0,64,12,52,0.1875,25,24,1,-5.312
2022,12,2022_12_LA_KC,KC,LA,1,72,30,42,0.4167,26,10,16,6.972
2022,12,2022_12_LA_KC,LA,KC,0,54,27,27,0.5,10,26,-16,-10.537
2022,12,2022_12_LV_SEA,LV,SEA,0,77,40,37,0.5195,40,34,6,-2.714
2022,12,2022_12_LV_SEA,SEA,LV,1,62,22,40,0.3548,34,40,-6,-1.065
2022,12,2022_12_NE_MIN,MIN,NE,1,65,26,39,0.4,33,26,7,-0.646
2022,12,2022_12_NE_MIN,NE,MIN,0,54,13,41,0.2407,26,33,-7,-2.722
2022,12,2022_12_NO_SF,NO,SF,0,53,22,31,0.4151,0,13,-13,-9.075
2022,12,2022_12_NO_SF,SF,NO,1,65,27,38,0.4154,13,0,13,5.708
2022,12,2022_12_NYG_DAL,DAL,NYG,1,68,38,30,0.5588,28,20,8,-0.103
2022,12,2022_12_NYG_DAL,NYG,DAL,0,56,21,35,0.375,20,28,-8,-5.107
2022,12,2022_12_PIT_IND,IND,PIT,1,62,25,37,0.4032,17,24,-7,-8.016
2022,12,2022_12_PIT_IND,PIT,IND,0,67,35,32,0.5224,24,17,7,4.194
2022,12,2022_12_TB_CLE,CLE,TB,1,75,34,41,0.4533,23,17,6,-2.16
2022,12,2022_12_TB_CLE,TB,CLE,0,66,20,46,0.303,17,23,-6,-0.045
2022,13,2022_13_BUF_NE,BUF,NE,0,68,33,35,0.4853,24,10,14,6.147
2022,13,2022_13_BUF_NE,NE,BUF,1,51,14,37,0.2745,10,24,-14,-11.059
2022,13,2022_13_CLE_HOU,CLE,HOU,0,58,35,23,0.6034,27,14,13,2.517
2022,13,2022_13_CLE_HOU,HOU,CLE,1,62,22,40,0.3548,14,27,-13,-4.177
2022,13,2022_13_DEN_BAL,BAL,DEN,1,68,28,40,0.4118,10,9,1,-4.191
2022,13,2022_13_DEN_BAL,DEN,BAL,0,52,28,24,0.5385,9,10,-1,2.192
2022,13,2022_13_GB_CHI,CHI,GB,1,49,24,25,0.4898,19,28,-9,2.02
2022,13,2022_13_GB_CHI,GB,CHI,0,62,30,32,0.4839,28,19,9,-6.903
2022,13,2022_13_IND_DAL,DAL,IND,1,66,34,32,0.5152,54,19,35,3.833
2022,13,2022_13_IND_DAL,IND,DAL,0,69,28,41,0.4058,19,54,-35,-9.565
2022,13,2022_13_JAX_DET,DET,JAX,1,72,29,43,0.4028,40,14,26,12.889
2022,13,2022_13_JAX_DET,JAX,DET,0,56,19,37,0.3393,14,40,-26,-16.643
2022,13,2022_13_KC_CIN,CIN,KC,1,64,32,32,0.5,27,24,3,0.188
2022,13,2022_13_KC_CIN,KC,CIN,0,54,25,29,0.463,24,27,-3,-5.648
2022,13,2022_13_LAC_LV,LAC,LV,0,73,21,52,0.2877,20,27,-7,-2.986
2022,13,2022_13_LAC_LV,LV,LAC,1,59,29,30,0.4915,27,20,7,1.593
2022,13,2022_13_MIA_SF,MIA,SF,0,45,8,37,0.1778,17,33,-16,-4.378
2022,13,2022_13_MIA_SF,SF,MIA,1,76,31,45,0.4079,33,17,16,2.092
2022,13,2022_13_NO_TB,NO,TB,0,56,25,31,0.4464,16,17,-1,4.429
2022,13,2022_13_NO_TB,TB,NO,1,74,19,55,0.2568,17,16,1,-4.973
2022,13,2022_13_NYJ_MIN,MIN,NYJ,1,64,27,37,0.4219,27,22,5,5.594
2022,13,2022_13_NYJ_MIN,NYJ,MIN,0,83,24,59,0.2892,22,27,-5,-7.807
2022,13,2022_13_PIT_ATL,ATL,PIT,1,53,28,25,0.5283,16,19,-3,-7.736
2022,13,2022_13_PIT_ATL,PIT,ATL,0,64,36,28,0.5625,19,16,3,4.469
2022,13,2022_13_SEA_LA,LA,SEA,1,63,33,30,0.5238,23,27,-4,-2.286
2022,13,2022_13_SEA_LA,SEA,LA,0,64,21,43,0.3281,27,23,4,-0.781
2022,13,2022_13_TEN_PHI,PHI,TEN,1,67,24,43,0.3582,35,10,25,11.299
2022,13,2022_13_TEN_PHI,TEN,PHI,0,53,21,32,0.3962,10,35,-25,-13.868
2022,13,2022_13_WAS_NYG,NYG,WAS,1,62,29,33,0.4677,20,20,0,-1.242
2022,13,2022_13_WAS_NYG,WAS,NYG,0,81,35,46,0.4321,20,20,0,-2.296
2022,14,2022_14_BAL_PIT,BAL,PIT,0,57,38,19,0.6667,16,14,2,3.474
2022,14,2022_14_BAL_PIT,PIT,BAL,1,53,20,33,0.3774,14,16,-2,-5.415
2022,14,2022_14_CAR_SEA,CAR,SEA,0,71,45,26,0.6338,30,24,6,5.493
2022,14,2022_14_CAR_SEA,SEA,CAR,1,53,14,39,0.2642,24,30,-6,-9.585
2022,14,2022_14_CLE_CIN,CIN,CLE,1,58,23,35,0.3966,23,10,13,5.552
2022,14,2022_14_CLE_CIN,CLE,CIN,0,69,25,44,0.3623,10,23,-13,-9.319
2022,14,2022_14_HOU_DAL,DAL,HOU,1,70,30,40,0.4286,27,23,4,-2.329
2022,14,2022_14_HOU_DAL,HOU,DAL,0,63,37,26,0.5873,23,27,-4,-0.857
2022,14,2022_14_JAX_TEN,JAX,TEN,0,67,24,43,0.3582,36,22,14,4.224
2022,14,2022_14_JAX_TEN,TEN,JAX,1,63,20,43,0.3175,22,36,-14,-7.524
2022,14,2022_14_KC_DEN,DEN,KC,1,69,19,50,0.2754,28,34,-6,-12.275
2022,14,2022_14_KC_DEN,KC,DEN,0,64,20,44,0.3125,34,28,6,8.172
2022,14,2022_14_LV_LA,LA,LV,1,59,21,38,0.3559,17,16,1,-10.237
2022,14,2022_14_LV_LA,LV,LA,0,58,38,20,0.6552,16,17,-1,6.707
2022,14,2022_14_MIA_LAC,LAC,MIA,1,76,21,55,0.2763,23,17,6,3.711
2022,14,2022_14_MIA_LAC,MIA,LAC,0,49,19,30,0.3878,17,23,-6,-5.714
2022,14,2022_14_MIN_DET,DET,MIN,1,69,30,39,0.4348,34,23,11,5.493
2022,14,2022_14_MIN_DET,MIN,DET,0,63,17,46,0.2698,23,34,-11,-7.889
2022,14,2022_14_NE_ARI,ARI,NE,1,69,22,47,0.3188,13,27,-14,-4.609
2022,14,2022_14_NE_ARI,NE,ARI,0,54,18,36,0.3333,27,13,14,0.852
2022,14,2022_14_NYJ_BUF,BUF,NYJ,1,53,23,30,0.434,20,12,8,3.094
2022,14,2022_14_NYJ_BUF,NYJ,BUF,0,73,22,51,0.3014,12,20,-8,-5.863
2022,14,2022_14_PHI_NYG,NYG,PHI,1,64,24,40,0.375,22,48,-26,-19.281
2022,14,2022_14_PHI_NYG,PHI,NYG,0,65,30,35,0.4615,48,22,26,11.985
2022,14,2022_14_TB_SF,SF,TB,1,58,35,23,0.6034,35,7,28,18.345
2022,14,2022_14_TB_SF,TB,SF,0,73,18,55,0.2466,7,35,-28,-25.315
2022,15,2022_15_ARI_DEN,ARI,DEN,0,60,20,40,0.3333,15,24,-9,-3.25
2022,15,2022_15_ARI_DEN,DEN,ARI,1,65,32,33,0.4923,24,15,9,1.4
2022,15,2022_15_ATL_NO,ATL,NO,0,70,40,30,0.5714,18,21,-3,-10.129
2022,15,2022_15_ATL_NO,NO,ATL,1,54,33,21,0.6111,21,18,3,6.241
2022,15,2022_15_BAL_CLE,BAL,CLE,0,61,28,33,0.459,3,13,-10,-4.344
2022,15,2022_15_BAL_CLE,CLE,BAL,1,61,30,31,0.4918,13,3,10,4.016
2022,15,2022_15_CIN_TB,CIN,TB,0,61,19,42,0.3115,34,23,11,-2.164
2022,15,2022_15_CIN_TB,TB,CIN,1,71,25,46,0.3521,23,34,-11,1.352
2022,15,2022_15_DAL_JAX,DAL,JAX,0,74,41,33,0.5541,34,40,-6,4.162
2022,15,2022_15_DAL_JAX,JAX,DAL,1,70,27,43,0.3857,40,34,6,-8.457
2022,15,2022_15_DET_NYJ,DET,NYJ,0,66,28,38,0.4242,20,17,3,1.152
2022,15,2022_15_DET_NYJ,NYJ,DET,1,61,22,39,0.3607,17,20,-3,-3.246
2022,15,2022_15_IND_MIN,IND,MIN,0,78,42,36,0.5385,36,39,-3,14.077
2022,15,2022_15_IND_MIN,MIN,IND,1,86,23,63,0.2674,39,36,3,-16.512
2022,15,2022_15_KC_HOU,HOU,KC,1,56,26,30,0.4643,24,30,-6,-0.482
2022,15,2022_15_KC_HOU,KC,HOU,0,77,33,44,0.4286,30,24,6,-2.623
2022,15,2022_15_LA_GB,GB,LA,1,65,32,33,0.4923,24,12,12,5.446
2022,15,2022_15_LA_GB,LA,GB,0,43,17,26,0.3953,12,24,-12,-7.465
2022,15,2022_15_MIA_BUF,BUF,MIA,1,71,29,42,0.4085,32,29,3,-0.507
2022,15,2022_15_MIA_BUF,MIA,BUF,0,58,25,33,0.431,29,32,-3,-1.879
2022,15,2022_15_NE_LV,LV,NE,1,64,23,41,0.3594,30,24,6,0.891
2022,15,2022_15_NE_LV,NE,LV,0,63,31,32,0.4921,24,30,-6,-4.206
2022,15,2022_15_NYG_WAS,NYG,WAS,0,59,27,32,0.4576,20,12,8,4.424
2022,15,2022_15_NYG_WAS,WAS,NYG,1,58,26,32,0.4483,12,20,-8,-5.034
2022,15,2022_15_PHI_CHI,CHI,PHI,1,57,29,28,0.5088,20,25,-5,-3.351
2022,15,2022_15_PHI_CHI,PHI,CHI,0,70,32,38,0.4571,25,20,5,2.171
2022,15,2022_15_PIT_CAR,CAR,PIT,1,42,16,26,0.381,16,24,-8,-9.024
2022,15,2022_15_PIT_CAR,PIT,CAR,0,67,44,23,0.6567,24,16,8,5.06
2022,15,2022_15_SF_SEA,SEA,SF,1,61,14,47,0.2295,13,21,-8,-10.328
2022,15,2022_15_SF_SEA,SF,SEA,0,58,31,27,0.5345,21,13,8,8.276
2022,15,2022_15_TEN_LAC,LAC,TEN,1,67,24,43,0.3582,17,14,3,1.045
2022,15,2022_15_TEN_LAC,TEN,LAC,0,56,26,30,0.4643,14,17,-3,-4.125
2022,16,2022_16_ATL_BAL,ATL,BAL,0,68,33,35,0.4853,9,17,-8,-9.324
2022,16,2022_16_ATL_BAL,BAL,ATL,1,49,32,17,0.6531,17,9,8,5.367
2022,16,2022_16_BUF_CHI,BUF,CHI,0,59,31,28,0.5254,35,13,22,2.525
2022,16,2022_16_BUF_CHI,CHI,BUF,1,58,29,29,0.5,13,35,-22,-5.431
2022,16,2022_16_CIN_NE,CIN,NE,0,78,24,54,0.3077,22,18,4,12.064
2022,16,2022_16_CIN_NE,NE,CIN,1,52,15,37,0.2885,18,22,-4,-12.712
2022,16,2022_16_DEN_LA,DEN,LA,0,62,21,41,0.3387,14,51,-37,-26.871
2022,16,2022_16_DEN_LA,LA,DEN,1,63,35,28,0.5556,51,14,37,17.302
2022,16,2022_16_DET_CAR,CAR,DET,1,64,42,22,0.6562,37,23,14,11.094
2022,16,2022_16_DET_CAR,DET,CAR,0,62,18,44,0.2903,23,37,-14,-13.565
2022,16,2022_16_GB_MIA,GB,MIA,0,62,22,40,0.3548,26,20,6,-4.194
2022,16,2022_16_GB_MIA,MIA,GB,1,45,18,27,0.4,20,26,-6,0.511
2022,16,2022_16_HOU_TEN,HOU,TEN,0,63,29,34,0.4603,19,14,5,-1.651
2022,16,2022_16_HOU_TEN,TEN,HOU,1,58,31,27,0.5345,14,19,-5,-1.19
2022,16,2022_16_JAX_NYJ,JAX,NYJ,0,68,36,32,0.5294,19,3,16,5.882
2022,16,2022_16_JAX_NYJ,NYJ,JAX,1,56,20,36,0.3571,3,19,-16,-10.268
2022,16,2022_16_LAC_IND,IND,LAC,1,50,14,36,0.28,3,20,-17,-7.28
2022,16,2022_16_LAC_IND,LAC,IND,0,64,29,35,0.4531,20,3,17,5.203
2022,16,2022_16_LV_PIT,LV,PIT,0,52,19,33,0.3654,10,13,-3,3.808
2022,16,2022_16_LV_PIT,PIT,LV,1,66,27,39,0.4091,13,10,3,-6.106
2022,16,2022_16_NO_CLE,CLE,NO,1,67,34,33,0.5075,10,17,-7,-1.463
2022,16,2022_16_NO_CLE,NO,CLE,0,53,38,15,0.717,17,10,7,-2.094
2022,16,2022_16_NYG_MIN,MIN,NYG,1,70,19,51,0.2714,27,24,3,1.1
2022,16,2022_16_NYG_MIN,NYG,MIN,0,67,21,46,0.3134,24,27,-3,-4.254
2022,16,2022_16_PHI_DAL,DAL,PHI,1,70,29,41,0.4143,40,34,6,-5.386
2022,16,2022_16_PHI_DAL,PHI,DAL,0,68,29,39,0.4265,34,40,-6,-0.515
2022,16,2022_16_SEA_KC,KC,SEA,1,51,22,29,0.4314,24,10,14,8.784
2022,16,2022_16_SEA_KC,SEA,KC,0,73,31,42,0.4247,10,24,-14,-13.644
2022,16,2022_16_TB_ARI,ARI,TB,1,73,27,46,0.3699,16,19,-3,-0.986
2022,16,2022_16_TB_ARI,TB,ARI,0,77,29,48,0.3766,19,16,3,-0.675
2022,16,2022_16_WAS_SF,SF,WAS,1,51,26,25,0.5098,37,20,17,4.294
2022,16,2022_16_WAS_SF,WAS,SF,0,70,33,37,0.4714,20,37,-17,-7.814
2022,17,2022_17_ARI_ATL,ARI,ATL,0,69,27,42,0.3913,19,20,-1,-0.768
2022,17,2022_17_ARI_ATL,ATL,ARI,1,60,33,27,0.55,20,19,1,-2.183
2022,17,2022_17_CAR_TB,CAR,TB,0,59,22,37,0.3729,24,30,-6,2.881
2022,17,2022_17_CAR_TB,TB,CAR,1,75,25,50,0.3333,30,24,6,-5.12
2022,17,2022_17_CHI_DET,CHI,DET,0,50,22,28,0.44,10,41,-31,-14.22
2022,17,2022_17_CHI_DET,DET,CHI,1,67,36,31,0.5373,41,10,31,12.463
2022,17,2022_17_CLE_WAS,CLE,WAS,0,50,27,23,0.54,24,10,14,3.16
2022,17,2022_17_CLE_WAS,WAS,CLE,1,68,37,31,0.5441,10,24,-14,-5.485
2022,17,2022_17_DAL_TEN,DAL,TEN,0,74,32,42,0.4324,27,13,14,6.189
2022,17,2022_17_DAL_TEN,TEN,DAL,1,65,24,41,0.3692,13,27,-14,-9.938
2022,17,2022_17_DEN_KC,DEN,KC,0,66,24,42,0.3636,24,27,-3,-4.636
2022,17,2022_17_DEN_KC,KC,DEN,1,58,16,42,0.2759,27,24,3,0.862
2022,17,2022_17_IND_NYG,IND,NYG,0,56,27,29,0.4821,10,38,-28,-16.875
2022,17,2022_17_IND_NYG,NYG,IND,1,61,37,24,0.6066,38,10,28,12.164
2022,17,2022_17_JAX_HOU,HOU,JAX,1,67,21,46,0.3134,3,31,-28,-19.433
2022,17,2022_17_JAX_HOU,JAX,HOU,0,60,29,31,0.4833,31,3,28,17.05
2022,17,2022_17_LA_LAC,LA,LAC,0,47,25,22,0.5319,10,31,-21,-8.617
2022,17,2022_17_LA_LAC,LAC,LA,1,62,31,31,0.5,31,10,21,8.871
2022,17,2022_17_MIA_NE,MIA,NE,0,69,27,42,0.3913,21,23,-2,-3.188
2022,17,2022_17_MIA_NE,NE,MIA,1,55,19,36,0.3455,23,21,2,0.145
2022,17,2022_17_MIN_GB,GB,MIN,1,59,32,27,0.5424,41,17,24,18.932
2022,17,2022_17_MIN_GB,MIN,GB,0,57,20,37,0.3509,17,41,-24,-17.982
2022,17,2022_17_NO_PHI,NO,PHI,0,64,33,31,0.5156,20,10,10,5.969
2022,17,2022_17_NO_PHI,PHI,NO,1,53,15,38,0.283,10,20,-10,-9.245
2022,17,2022_17_NYJ_SEA,NYJ,SEA,0,67,17,50,0.2537,6,23,-17,-12.761
2022,17,2022_17_NYJ_SEA,SEA,NYJ,1,71,38,33,0.5352,23,6,17,11.254
2022,17,2022_17_PIT_BAL,BAL,PIT,1,49,28,21,0.5714,13,16,-3,0.959
2022,17,2022_17_PIT_BAL,PIT,BAL,0,68,39,29,0.5735,16,13,3,-3.794
2022,17,2022_17_SF_LV,LV,SF,1,66,32,34,0.4848,34,37,-3,-1.0
2022,17,2022_17_SF_LV,SF,LV,0,60,25,35,0.4167,37,34,3,-3.267
2022,18,2022_18_ARI_SF,ARI,SF,0,49,19,30,0.3878,13,38,-25,-12.551
2022,18,2022_18_ARI_SF,SF,ARI,1,61,37,24,0.6066,38,13,25,8.721
2022,18,2022_18_BAL_CIN,BAL,CIN,0,73,27,46,0.3699,16,27,-11,-13.822
2022,18,2022_18_BAL_CIN,CIN,BAL,1,64,20,44,0.3125,27,16,11,8.547
2022,18,2022_18_CAR_NO,CAR,NO,0,58,41,17,0.7069,10,7,3,-4.828
2022,18,2022_18_CAR_NO,NO,CAR,1,58,32,26,0.5517,7,10,-3,3.138
2022,18,2022_18_CLE_PIT,CLE,PIT,0,57,22,35,0.386,14,28,-14,-6.316
2022,18,2022_18_CLE_PIT,PIT,CLE,1,68,37,31,0.5441,28,14,14,2.074
2022,18,2022_18_DAL_WAS,DAL,WAS,0,66,27,39,0.4091,6,26,-20,-11.394
2022,18,2022_18_DAL_WAS,WAS,DAL,1,62,40,22,0.6452,26,6,20,10.403
2022,18,2022_18_DET_GB,DET,GB,0,59,24,35,0.4068,20,16,4,-3.186
2022,18,2022_18_DET_GB,GB,DET,1,57,28,29,0.4912,16,20,-4,0.842
2022,18,2022_18_HOU_IND,HOU,IND,0,65,23,42,0.3538,32,31,1,2.154
2022,18,2022_18_HOU_IND,IND,HOU,1,70,33,37,0.4714,31,32,-1,-6.2
2022,18,2022_18_KC_LV,KC,LV,0,54,26,28,0.4815,31,13,18,11.926
2022,18,2022_18_KC_LV,LV,KC,1,67,25,42,0.3731,13,31,-18,-15.806
2022,18,2022_18_LAC_DEN,DEN,LAC,1,62,36,26,0.5806,31,28,3,-1.419
2022,18,2022_18_LAC_DEN,LAC,DEN,0,67,21,46,0.3134,28,31,-3,-2.045
2022,18,2022_18_LA_SEA,LA,SEA,0,58,27,31,0.4655,16,19,-3,1.103
2022,18,2022_18_LA_SEA,SEA,LA,1,69,36,33,0.5217,19,16,3,-2.203
2022,18,2022_18_MIN_CHI,CHI,MIN,1,49,20,29,0.4082,13,29,-16,-11.531
2022,18,2022_18_MIN_CHI,MIN,CHI,0,71,38,33,0.5352,29,13,16,9.338
2022,18,2022_18_NE_BUF,BUF,NE,1,55,22,33,0.4,35,23,12,3.8
2022,18,2022_18_NE_BUF,NE,BUF,0,64,22,42,0.3438,23,35,-12,-6.641
2022,18,2022_18_NYG_PHI,NYG,PHI,0,64,21,43,0.3281,16,22,-6,-13.0
2022,18,2022_18_NYG_PHI,PHI,NYG,1,68,30,38,0.4412,22,16,6,9.956
2022,18,2022_18_NYJ_MIA,MIA,NYJ,1,64,32,32,0.5,11,6,5,0.0
2022,18,2022_18_NYJ_MIA,NYJ,MIA,0,53,20,33,0.3774,6,11,-5,-1.472
2022,18,2022_18_TB_ATL,ATL,TB,1,67,35,32,0.5224,30,17,13,-0.716
2022,18,2022_18_TB_ATL,TB,ATL,0,54,20,34,0.3704,17,30,-13,-2.259
2022,18,2022_18_TEN_JAX,JAX,TEN,1,45,12,33,0.2667,20,16,4,-5.0
2022,18,2022_18_TEN_JAX,TEN,JAX,0,72,39,33,0.5417,16,20,-4,1.736
2023,1,2023_01_ARI_WAS,ARI,WAS,0,58,25,33,0.431,16,20,-4,-0.552
2023,1,2023_01_ARI_WAS,WAS,ARI,1,65,28,37,0.4308,20,16,4,-1.415
2023,1,2023_01_BUF_NYJ,BUF,NYJ,0,67,22,45,0.3284,16,22,-6,2.642
2023,1,2023_01_BUF_NYJ,NYJ,BUF,1,51,26,25,0.5098,22,16,6,-5.216
2023,1,2023_01_CAR_ATL,ATL,CAR,1,47,25,22,0.5319,24,10,14,2.298
2023,1,2023_01_CAR_ATL,CAR,ATL,0,72,32,40,0.4444,10,24,-14,-5.042
2023,1,2023_01_CIN_CLE,CIN,CLE,0,52,18,34,0.3462,3,24,-21,-6.962
2023,1,2023_01_CIN_CLE,CLE,CIN,1,73,41,32,0.5616,24,3,21,6.438
2023,1,2023_01_DAL_NYG,DAL,NYG,0,55,30,25,0.5455,40,0,40,23.945
2023,1,2023_01_DAL_NYG,NYG,DAL,1,65,28,37,0.4308,0,40,-40,-24.246
2023,1,2023_01_DET_KC,DET,KC,0,66,31,35,0.4697,21,20,1,-1.788
2023,1,2023_01_DET_KC,KC,DET,1,62,23,39,0.371,20,21,-1,-0.339
2023,1,2023_01_GB_CHI,CHI,GB,1,72,30,42,0.4167,20,38,-18,-12.722
2023,1,2023_01_GB_CHI,GB,CHI,0,60,32,28,0.5333,38,20,18,7.733
2023,1,2023_01_HOU_BAL,BAL,HOU,1,59,33,26,0.5593,25,9,16,6.254
2023,1,2023_01_HOU_BAL,HOU,BAL,0,71,23,48,0.3239,9,25,-16,-9.451
2023,1,2023_01_JAX_IND,IND,JAX,1,69,26,43,0.3768,21,31,-10,-4.841
2023,1,2023_01_JAX_IND,JAX,IND,0,68,34,34,0.5,31,21,10,0.426
2023,1,2023_01_LA_SEA,LA,SEA,0,78,40,38,0.5128,30,13,17,1.038
2023,1,2023_01_LA_SEA,SEA,LA,1,46,18,28,0.3913,13,30,-17,-2.609
2023,1,2023_01_LV_DEN,DEN,LV,1,57,22,35,0.386,16,17,-1,-1.632
2023,1,2023_01_LV_DEN,LV,DEN,0,51,25,26,0.4902,17,16,1,-0.745
2023,1,2023_01_MIA_LAC,LAC,MIA,1,76,40,36,0.5263,34,36,-2,-1.079
2023,1,2023_01_MIA_LAC,MIA,LAC,0,63,18,45,0.2857,36,34,2,-3.603
2023,1,2023_01_PHI_NE,NE,PHI,1,79,22,57,0.2785,20,25,-5,-8.557
2023,1,2023_01_PHI_NE,PHI,NE,0,60,24,36,0.4,25,20,5,5.9
2023,1,2023_01_SF_PIT,PIT,SF,1,60,10,50,0.1667,7,30,-23,-18.3
2023,1,2023_01_SF_PIT,SF,PIT,0,63,31,32,0.4921,30,7,23,14.81
2023,1,2023_01_TB_MIN,MIN,TB,1,63,17,46,0.2698,17,20,-3,-1.508
2023,1,2023_01_TB_MIN,TB,MIN,0,65,30,35,0.4615,20,17,3,-0.8
2023,1,2023_01_TEN_NO,NO,TEN,1,62,25,37,0.4032,16,15,1,-1.016
2023,1,2023_01_TEN_NO,TEN,NO,0,59,22,37,0.3729,15,16,-1,-1.288
2023,2,2023_02_BAL_CIN,BAL,CIN,0,69,36,33,0.5217,27,24,3,2.507
2023,2,2023_02_BAL_CIN,CIN,BAL,1,57,15,42,0.2632,24,27,-3,-7.351
2023,2,2023_02_CHI_TB,CHI,TB,0,51,16,35,0.3137,17,27,-10,-5.745
2023,2,2023_02_CHI_TB,TB,CHI,1,66,32,34,0.4848,27,17,10,1.258
2023,2,2023_02_CLE_PIT,CLE,PIT,0,83,37,46,0.4458,22,26,-4,-1.843
2023,2,2023_02_CLE_PIT,PIT,CLE,1,51,19,32,0.3725,26,22,4,0.235
2023,2,2023_02_GB_ATL,ATL,GB,1,77,44,33,0.5714,25,24,1,-4.688
2023,2,2023_02_GB_ATL,GB,ATL,0,46,20,26,0.4348,24,25,-1,1.0
2023,2,2023_02_IND_HOU,HOU,IND,1,76,25,51,0.3289,20,31,-11,-14.171
2023,2,2023_02_IND_HOU,IND,HOU,0,56,23,33,0.4107,31,20,11,9.482
2023,2,2023_02_KC_JAX,JAX,KC,1,64,18,46,0.2812,9,17,-8,-3.188
2023,2,2023_02_KC_JAX,KC,JAX,0,61,19,42,0.3115,17,9,8,2.508
2023,2,2023_02_LAC_TEN,LAC,TEN,0,66,21,45,0.3182,24,27,-3,0.682
2023,2,2023_02_LAC_TEN,TEN,LAC,1,63,34,29,0.5397,27,24,3,-2.714
2023,2,2023_02_LV_BUF,BUF,LV,1,72,33,39,0.4583,38,10,28,8.139
2023,2,2023_02_LV_BUF,LV,BUF,0,39,15,24,0.3846,10,38,-28,-9.359
2023,2,2023_02_MIA_NE,MIA,NE,0,60,29,31,0.4833,24,17,7,6.883
2023,2,2023_02_MIA_NE,NE,MIA,1,70,24,46,0.3429,17,24,-7,-9.386
2023,2,2023_02_MIN_PHI,MIN,PHI,0,55,9,46,0.1636,28,34,-6,-9.255
2023,2,2023_02_MIN_PHI,PHI,MIN,1,75,48,27,0.64,34,28,6,4.507
2023,2,2023_02_NO_CAR,CAR,NO,1,57,19,38,0.3333,17,20,-3,-4.912
2023,2,2023_02_NO_CAR,NO,CAR,0,71,30,41,0.4225,20,17,3,1.155
2023,2,2023_02_NYG_ARI,ARI,NYG,1,61,30,31,0.4918,28,31,-3,8.082
2023,2,2023_02_NYG_ARI,NYG,ARI,0,67,27,40,0.403,31,28,3,-13.179
2023,2,2023_02_NYJ_DAL,DAL,NYJ,1,80,41,39,0.5125,30,10,20,8.125
2023,2,2023_02_NYJ_DAL,NYJ,DAL,0,45,16,29,0.3556,10,30,-20,-12.622
2023,2,2023_02_SEA_DET,DET,SEA,1,64,27,37,0.4219,31,37,-6,-1.875
2023,2,2023_02_SEA_DET,SEA,DET,0,66,25,41,0.3788,37,31,6,-2.848
2023,2,2023_02_SF_LA,LA,SF,1,77,22,55,0.2857,23,30,-7,-5.403
2023,2,2023_02_SF_LA,SF,LA,0,54,28,26,0.5185,30,23,7,1.444
2023,2,2023_02_WAS_DEN,DEN,WAS,1,62,23,39,0.371,33,35,-2,-0.419
2023,2,2023_02_WAS_DEN,WAS,DEN,0,67,24,43,0.3582,35,33,2,-5.94
2023,3,2023_03_ATL_DET,ATL,DET,0,65,20,45,0.3077,6,20,-14,-9.415
2023,3,2023_03_ATL_DET,DET,ATL,1,61,28,33,0.459,20,6,14,6.787
2023,3,2023_03_BUF_WAS,BUF,WAS,0,63,31,32,0.4921,37,3,34,12.444
2023,3,2023_03_BUF_WAS,WAS,BUF,1,51,13,38,0.2549,3,37,-34,-16.314
2023,3,2023_03_CAR_SEA,CAR,SEA,0,75,14,61,0.1867,27,37,-10,-5.907
2023,3,2023_03_CAR_SEA,SEA,CAR,1,68,29,39,0.4265,37,27,10,0.765
2023,3,2023_03_CHI_KC,CHI,KC,0,51,26,25,0.5098,10,41,-31,-27.882
2023,3,2023_03_CHI_KC,KC,CHI,1,73,35,38,0.4795,41,10,31,20.849
2023,3,2023_03_DAL_ARI,ARI,DAL,1,53,29,24,0.5472,28,16,12,6.132
2023,3,2023_03_DAL_ARI,DAL,ARI,0,75,33,42,0.44,16,28,-12,-9.787
2023,3,2023_03_DEN_MIA,DEN,MIA,0,59,20,39,0.339,20,70,-50,-25.644
2023,3,2023_03_DEN_MIA,MIA,DEN,1,70,42,28,0.6,70,20,50,20.843
2023,3,2023_03_HOU_JAX,HOU,JAX,0,56,26,30,0.4643,37,17,20,9.696
2023,3,2023_03_HOU_JAX,JAX,HOU,1,69,27,42,0.3913,17,37,-20,-12.406
2023,3,2023_03_IND_BAL,BAL,IND,1,72,37,35,0.5139,19,22,-3,-0.903
2023,3,2023_03_IND_BAL,IND,BAL,0,84,35,49,0.4167,22,19,3,-1.452
2023,3,2023_03_LAC_MIN,LAC,MIN,0,63,14,49,0.2222,28,24,4,1.397
2023,3,2023_03_LAC_MIN,MIN,LAC,1,78,24,54,0.3077,24,28,-4,-4.269
2023,3,2023_03_LA_CIN,CIN,LA,1,70,20,50,0.2857,19,16,3,0.257
2023,3,2023_03_LA_CIN,LA,CIN,0,52,13,39,0.25,16,19,-3,-2.769
2023,3,2023_03_NE_NYJ,NE,NYJ,0,69,40,29,0.5797,15,10,5,5.971
2023,3,2023_03_NE_NYJ,NYJ,NE,1,60,22,38,0.3667,10,15,-5,-7.25
2023,3,2023_03_NO_GB,GB,NO,1,68,22,46,0.3235,18,17,1,-11.75
2023,3,2023_03_NO_GB,NO,GB,0,60,22,38,0.3667,17,18,-1,9.05
2023,3,2023_03_NYG_SF,NYG,SF,0,47,11,36,0.234,12,30,-18,-9.638
2023,3,2023_03_NYG_SF,SF,NYG,1,75,36,39,0.48,30,12,18,5.493
2023,3,2023_03_PHI_TB,PHI,TB,0,78,40,38,0.5128,25,11,14,8.769
2023,3,2023_03_PHI_TB,TB,PHI,1,45,17,28,0.3778,11,25,-14,-8.644
2023,3,2023_03_PIT_LV,LV,PIT,1,68,19,49,0.2794,18,23,-5,-7.603
2023,3,2023_03_PIT_LV,PIT,LV,0,59,30,29,0.5085,23,18,5,3.712
2023,3,2023_03_TEN_CLE,CLE,TEN,1,67,31,36,0.4627,27,3,24,8.94
2023,3,2023_03_TEN_CLE,TEN,CLE,0,45,15,30,0.3333,3,27,-24,-11.244
2023,4,2023_04_ARI_SF,ARI,SF,0,68,26,42,0.3824,16,35,-19,-13.324
2023,4,2023_04_ARI_SF,SF,ARI,1,51,29,22,0.5686,35,16,19,7.902
2023,4,2023_04_ATL_JAX,ATL,JAX,0,57,22,35,0.386,7,23,-16,-12.0
2023,4,2023_04_ATL_JAX,JAX,ATL,1,61,29,32,0.4754,23,7,16,8.836
2023,4,2023_04_BAL_CLE,BAL,CLE,0,55,33,22,0.6,28,3,25,10.745
2023,4,2023_04_BAL_CLE,CLE,BAL,1,64,24,40,0.375,3,28,-25,-12.672
2023,4,2023_04_CIN_TEN,CIN,TEN,0,50,17,33,0.34,3,27,-24,-11.9
2023,4,2023_04_CIN_TEN,TEN,CIN,1,61,32,29,0.5246,27,3,24,11.705
2023,4,2023_04_DEN_CHI,CHI,DEN,1,70,31,39,0.4429,28,31,-3,4.8
2023,4,2023_04_DEN_CHI,DEN,CHI,0,47,18,29,0.383,31,28,3,-9.085
2023,4,2023_04_DET_GB,DET,GB,0,72,42,30,0.5833,34,20,14,11.542
2023,4,2023_04_DET_GB,GB,DET,1,55,13,42,0.2364,20,34,-14,-17.345
2023,4,2023_04_KC_NYJ,KC,NYJ,0,64,33,31,0.5156,23,20,3,3.328
2023,4,2023_04_KC_NYJ,NYJ,KC,1,58,17,41,0.2931,20,23,-3,-8.431
2023,4,2023_04_LA_IND,IND,LA,1,59,30,29,0.5085,23,29,-6,-13.39
2023,4,2023_04_LA_IND,LA,IND,0,78,36,42,0.4615,29,23,6,9.615
2023,4,2023_04_LV_LAC,LAC,LV,1,59,33,26,0.5593,24,17,7,6.797
2023,4,2023_04_LV_LAC,LV,LAC,0,69,23,46,0.3333,17,24,-7,-12.478
2023,4,2023_04_MIA_BUF,BUF,MIA,1,52,25,27,0.4808,48,20,28,9.077
2023,4,2023_04_MIA_BUF,MIA,BUF,0,59,19,40,0.322,20,48,-28,-16.203
2023,4,2023_04_MIN_CAR,CAR,MIN,1,68,31,37,0.4559,13,21,-8,0.015
2023,4,2023_04_MIN_CAR,MIN,CAR,0,44,23,21,0.5227,21,13,8,-2.545
2023,4,2023_04_NE_DAL,DAL,NE,1,66,26,40,0.3939,38,3,35,16.606
2023,4,2023_04_NE_DAL,NE,DAL,0,55,23,32,0.4182,3,38,-35,-19.436
2023,4,2023_04_PIT_HOU,HOU,PIT,1,67,38,29,0.5672,30,6,24,9.716
2023,4,2023_04_PIT_HOU,PIT,HOU,0,56,25,31,0.4464,6,30,-24,-13.679
2023,4,2023_04_SEA_NYG,NYG,SEA,1,74,29,45,0.3919,3,24,-21,-10.054
2023,4,2023_04_SEA_NYG,SEA,NYG,0,51,23,28,0.451,24,3,21,9.451
2023,4,2023_04_TB_NO,NO,TB,1,60,18,42,0.3,9,26,-17,-6.083
2023,4,2023_04_TB_NO,TB,NO,0,65,30,35,0.4615,26,9,17,3.692
2023,4,2023_04_WAS_PHI,PHI,WAS,1,68,28,40,0.4118,34,31,3,-3.588
2023,4,2023_04_WAS_PHI,WAS,PHI,0,74,28,46,0.3784,31,34,-3,-0.865
2023,5,2023_05_BAL_PIT,BAL,PIT,0,67,25,42,0.3731,10,17,-7,4.254
2023,5,2023_05_BAL_PIT,PIT,BAL,1,61,25,36,0.4098,17,10,7,-6.0
2023,5,2023_05_CAR_DET,CAR,DET,0,65,23,42,0.3538,24,42,-18,-16.369
2023,5,2023_05_CAR_DET,DET,CAR,1,57,27,30,0.4737,42,24,18,12.544
2023,5,2023_05_CHI_WAS,CHI,WAS,0,64,32,32,0.5,40,20,20,11.406
2023,5,2023_05_CHI_WAS,WAS,CHI,1,68,11,57,0.1618,20,40,-20,-16.029
2023,5,2023_05_CIN_ARI,ARI,CIN,1,57,22,35,0.386,20,34,-14,-7.439
2023,5,2023_05_CIN_ARI,CIN,ARI,0,78,29,49,0.3718,34,20,14,3.192
2023,5,2023_05_DAL_SF,DAL,SF,0,48,18,30,0.375,10,42,-32,-17.75
2023,5,2023_05_DAL_SF,SF,DAL,1,66,40,26,0.6061,42,10,32,13.061
2023,5,2023_05_GB_LV,GB,LV,0,57,25,32,0.4386,13,17,-4,-2.807
2023,5,2023_05_GB_LV,LV,GB,1,61,27,34,0.4426,17,13,4,0.574
2023,5,2023_05_HOU_ATL,ATL,HOU,1,73,34,39,0.4658,21,19,2,-1.082
2023,5,2023_05_HOU_ATL,HOU,ATL,0,58,23,35,0.3966,19,21,-2,-1.655
2023,5,2023_05_JAX_BUF,BUF,JAX,1,54,13,41,0.2407,20,25,-5,-8.519
2023,5,2023_05_JAX_BUF,JAX,BUF,0,82,40,42,0.4878,25,20,5,4.817
2023,5,2023_05_KC_MIN,KC,MIN,0,63,21,42,0.3333,27,20,7,2.841
2023,5,2023_05_KC_MIN,MIN,KC,1,67,18,49,0.2687,20,27,-7,-7.821
2023,5,2023_05_NO_NE,NE,NO,1,51,18,33,0.3529,0,34,-34,-20.098
2023,5,2023_05_NO_NE,NO,NE,0,66,38,28,0.5758,34,0,34,17.879
2023,5,2023_05_NYG_MIA,MIA,NYG,1,52,22,30,0.4231,31,16,15,8.75
2023,5,2023_05_NYG_MIA,NYG,MIA,0,68,29,39,0.4265,16,31,-15,-12.324
2023,5,2023_05_NYJ_DEN,DEN,NYJ,1,57,23,34,0.4035,21,31,-10,-2.86
2023,5,2023_05_NYJ_DEN,NYJ,DEN,0,62,32,30,0.5161,31,21,10,-0.145
2023,5,2023_05_PHI_LA,LA,PHI,1,55,14,41,0.2545,14,23,-9,-5.218
2023,5,2023_05_PHI_LA,PHI,LA,0,78,39,39,0.5,23,14,9,2.179
2023,5,2023_05_TEN_IND,IND,TEN,1,60,33,27,0.55,23,16,7,1.667
2023,5,2023_05_TEN_IND,TEN,IND,0,56,21,35,0.375,16,23,-7,-3.732
2023,6,2023_06_ARI_LA,ARI,LA,0,72,29,43,0.4028,9,26,-17,-4.611
2023,6,2023_06_ARI_LA,LA,ARI,1,53,28,25,0.5283,26,9,17,2.17
2023,6,2023_06_BAL_TEN,BAL,TEN,0,69,38,31,0.5507,24,16,8,5.725
2023,6,2023_06_BAL_TEN,TEN,BAL,1,46,19,27,0.413,16,24,-8,-8.804
2023,6,2023_06_CAR_MIA,CAR,MIA,0,68,25,43,0.3676,21,42,-21,-6.279
2023,6,2023_06_CAR_MIA,MIA,CAR,1,62,30,32,0.4839,42,21,21,4.742
2023,6,2023_06_DAL_LAC,DAL,LAC,0,59,24,35,0.4068,20,17,3,-0.915
2023,6,2023_06_DAL_LAC,LAC,DAL,1,61,23,38,0.377,17,20,-3,-2.148
2023,6,2023_06_DEN_KC,DEN,KC,0,50,24,26,0.48,8,19,-11,-9.1
2023,6,2023_06_DEN_KC,KC,DEN,1,67,24,43,0.3582,19,8,11,7.836
2023,6,2023_06_DET_TB,DET,TB,0,68,21,47,0.3088,20,6,14,6.029
2023,6,2023_06_DET_TB,TB,DET,1,54,16,38,0.2963,6,20,-14,-7.185
2023,6,2023_06_IND_JAX,IND,JAX,0,75,17,58,0.2267,20,37,-17,-13.84
2023,6,2023_06_IND_JAX,JAX,IND,1,58,25,33,0.431,37,20,17,10.121
2023,6,2023_06_MIN_CHI,CHI,MIN,1,64,35,29,0.5469,13,19,-6,-6.188
2023,6,2023_06_MIN_CHI,MIN,CHI,0,54,21,33,0.3889,19,13,6,3.759
2023,6,2023_06_NE_LV,LV,NE,1,62,30,32,0.4839,21,17,4,3.355
2023,6,2023_06_NE_LV,NE,LV,0,55,18,37,0.3273,17,21,-4,-7.836
2023,6,2023_06_NO_HOU,HOU,NO,1,59,30,29,0.5085,20,13,7,3.237
2023,6,2023_06_NO_HOU,NO,HOU,0,78,25,53,0.3205,13,20,-7,-6.936
2023,6,2023_06_NYG_BUF,BUF,NYG,1,59,29,30,0.4915,14,9,5,-3.051
2023,6,2023_06_NYG_BUF,NYG,BUF,0,71,34,37,0.4789,9,14,-5,0.648
2023,6,2023_06_PHI_NYJ,NYJ,PHI,1,58,19,39,0.3276,20,14,6,-5.31
2023,6,2023_06_PHI_NYJ,PHI,NYJ,0,69,22,47,0.3188,14,20,-6,2.014
2023,6,2023_06_SEA_CIN,CIN,SEA,1,52,14,38,0.2692,17,13,4,0.538
2023,6,2023_06_SEA_CIN,SEA,CIN,0,70,25,45,0.3571,13,17,-4,-3.714
2023,6,2023_06_SF_CLE,CLE,SF,1,69,33,36,0.4783,19,17,2,-3.667
2023,6,2023_06_SF_CLE,SF,CLE,0,53,24,29,0.4528,17,19,-2,2.019
2023,6,2023_06_WAS_ATL,ATL,WAS,1,79,30,49,0.3797,16,24,-8,-7.835
2023,6,2023_06_WAS_ATL,WAS,ATL,0,48,20,28,0.4167,24,16,8,3.688
2023,7,2023_07_ARI_SEA,ARI,SEA,0,63,25,38,0.3968,10,20,-10,-5.286
2023,7,2023_07_ARI_SEA,SEA,ARI,1,56,30,26,0.5357,20,10,10,3.054
2023,7,2023_07_ATL_TB,ATL,TB,0,64,38,26,0.5938,16,13,3,0.609
2023,7,2023_07_ATL_TB,TB,ATL,1,64,19,45,0.2969,13,16,-3,-2.453
2023,7,2023_07_BUF_NE,BUF,NE,0,66,24,42,0.3636,25,29,-4,-8.333
2023,7,2023_07_BUF_NE,NE,BUF,1,56,25,31,0.4464,29,25,4,3.679
2023,7,2023_07_CLE_IND,CLE,IND,0,71,33,38,0.4648,39,38,1,-1.366
2023,7,2023_07_CLE_IND,IND,CLE,1,67,40,27,0.597,38,39,-1,-2.299
2023,7,2023_07_DET_BAL,BAL,DET,1,54,26,28,0.4815,38,6,32,18.222
2023,7,2023_07_DET_BAL,DET,BAL,0,73,14,59,0.1918,6,38,-32,-28.877
2023,7,2023_07_GB_DEN,DEN,GB,1,55,25,30,0.4545,19,17,2,2.891
2023,7,2023_07_GB_DEN,GB,DEN,0,61,29,32,0.4754,17,19,-2,-6.902
2023,7,2023_07_JAX_NO,JAX,NO,0,53,23,30,0.434,31,24,7,5.226
2023,7,2023_07_JAX_NO,NO,JAX,1,88,31,57,0.3523,24,31,-7,-9.58
2023,7,2023_07_LAC_KC,KC,LAC,1,62,19,43,0.3065,31,17,14,3.726
2023,7,2023_07_LAC_KC,LAC,KC,0,60,25,35,0.4167,17,31,-14,-6.167
2023,7,2023_07_LV_CHI,CHI,LV,1,67,36,31,0.5373,30,12,18,8.94
2023,7,2023_07_LV_CHI,LV,CHI,0,61,14,47,0.2295,12,30,-18,-14.525
2023,7,2023_07_MIA_PHI,MIA,PHI,0,48,12,36,0.25,17,31,-14,-7.833
2023,7,2023_07_MIA_PHI,PHI,MIA,1,65,31,34,0.4769,31,17,14,4.015
2023,7,2023_07_PIT_LA,LA,PIT,1,63,31,32,0.4921,17,24,-7,-0.032
2023,7,2023_07_PIT_LA,PIT,LA,0,52,25,27,0.4808,24,17,7,-0.308
2023,7,2023_07_SF_MIN,MIN,SF,1,64,20,44,0.3125,22,17,5,4.859
2023,7,2023_07_SF_MIN,SF,MIN,0,51,21,30,0.4118,17,22,-5,-7.216
2023,7,2023_07_WAS_NYG,NYG,WAS,1,62,29,33,0.4677,14,7,7,5.984
2023,7,2023_07_WAS_NYG,WAS,NYG,0,67,19,48,0.2836,7,14,-7,-7.836
2023,8,2023_08_ATL_TEN,ATL,TEN,0,65,25,40,0.3846,23,28,-5,-7.031
2023,8,2023_08_ATL_TEN,TEN,ATL,1,64,33,31,0.5156,28,23,5,4.234
2023,8,2023_08_BAL_ARI,ARI,BAL,1,72,32,40,0.4444,24,31,-7,-6.944
2023,8,2023_08_BAL_ARI,BAL,ARI,0,59,28,31,0.4746,31,24,7,3.627
2023,8,2023_08_CHI_LAC,CHI,LAC,0,62,23,39,0.371,13,30,-17,-17.935
2023,8,2023_08_CHI_LAC,LAC,CHI,1,65,25,40,0.3846,30,13,17,13.092
2023,8,2023_08_CIN_SF,CIN,SF,0,61,26,35,0.4262,31,17,14,4.656
2023,8,2023_08_CIN_SF,SF,CIN,1,56,23,33,0.4107,17,31,-14,-8.536
2023,8,2023_08_CLE_SEA,CLE,SEA,0,74,39,35,0.527,20,24,-4,-4.081
2023,8,2023_08_CLE_SEA,SEA,CLE,1,54,16,38,0.2963,24,20,4,1.815
2023,8,2023_08_HOU_CAR,CAR,HOU,1,61,24,37,0.3934,15,13,2,-2.607
2023,8,2023_08_HOU_CAR,HOU,CAR,0,57,30,27,0.5263,13,15,-2,-0.263
2023,8,2023_08_JAX_PIT,JAX,PIT,0,66,31,35,0.4697,20,10,10,5.424
2023,8,2023_08_JAX_PIT,PIT,JAX,1,63,18,45,0.2857,10,20,-10,-7.698
2023,8,2023_08_KC_DEN,DEN,KC,1,65,40,25,0.6154,24,9,15,5.985
2023,8,2023_08_KC_DEN,KC,DEN,0,57,16,41,0.2807,9,24,-15,-8.404
2023,8,2023_08_LA_DAL,DAL,LA,1,60,23,37,0.3833,43,20,23,14.483
2023,8,2023_08_LA_DAL,LA,DAL,0,60,24,36,0.4,20,43,-23,-21.25
2023,8,2023_08_LV_DET,DET,LV,1,79,41,38,0.519,26,14,12,4.532
2023,8,2023_08_LV_DET,LV,DET,0,45,18,27,0.4,14,26,-12,-7.867
2023,8,2023_08_MIN_GB,GB,MIN,1,62,17,45,0.2742,10,24,-14,-12.855
2023,8,2023_08_MIN_GB,MIN,GB,0,67,29,38,0.4328,24,10,14,7.896
2023,8,2023_08_NE_MIA,MIA,NE,1,70,23,47,0.3286,31,17,14,4.543
2023,8,2023_08_NE_MIA,NE,MIA,0,50,18,32,0.36,17,31,-14,-8.58
2023,8,2023_08_NO_IND,IND,NO,1,67,24,43,0.3582,27,38,-11,-3.373
2023,8,2023_08_NO_IND,NO,IND,0,65,35,30,0.5385,38,27,11,0.769
2023,8,2023_08_NYJ_NYG,NYG,NYJ,1,70,52,18,0.7429,10,13,-3,-0.457
2023,8,2023_08_NYJ_NYG,NYJ,NYG,0,61,22,39,0.3607,13,10,3,-0.721
2023,8,2023_08_PHI_WAS,PHI,WAS,0,60,20,40,0.3333,38,31,7,-6.15
2023,8,2023_08_PHI_WAS,WAS,PHI,1,69,16,53,0.2319,31,38,-7,0.768
2023,8,2023_08_TB_BUF,BUF,TB,1,67,25,42,0.3731,24,18,6,6.343
2023,8,2023_08_TB_BUF,TB,BUF,0,62,17,45,0.2742,18,24,-6,-9.065
2023,9,2023_09_ARI_CLE,ARI,CLE,0,48,21,27,0.4375,0,27,-27,-14.208
2023,9,2023_09_ARI_CLE,CLE,ARI,1,70,40,30,0.5714,27,0,27,10.829
2023,9,2023_09_BUF_CIN,BUF,CIN,0,56,16,40,0.2857,18,24,-6,-11.25
2023,9,2023_09_BUF_CIN,CIN,BUF,1,64,19,45,0.2969,24,18,6,6.25
2023,9,2023_09_CHI_NO,CHI,NO,0,64,32,32,0.5,17,24,-7,-1.219
2023,9,2023_09_CHI_NO,NO,CHI,1,61,26,35,0.4262,24,17,7,-1.148
2023,9,2023_09_DAL_PHI,DAL,PHI,0,70,21,49,0.3,23,28,-5,-5.229
2023,9,2023_09_DAL_PHI,PHI,DAL,1,59,33,26,0.5593,28,23,5,-0.102
2023,9,2023_09_IND_CAR,CAR,IND,1,71,28,43,0.3944,13,27,-14,-11.465
2023,9,2023_09_IND_CAR,IND,CAR,0,54,27,27,0.5,27,13,14,6.241
2023,9,2023_09_LAC_NYJ,LAC,NYJ,0,55,20,35,0.3636,27,6,21,10.255
2023,9,2023_09_LAC_NYJ,NYJ,LAC,1,77,20,57,0.2597,6,27,-21,-12.896
2023,9,2023_09_LA_GB,GB,LA,1,65,36,29,0.5538,20,3,17,5.692
2023,9,2023_09_LA_GB,LA,GB,0,55,26,29,0.4727,3,20,-17,-6.491
2023,9,2023_09_MIA_KC,KC,MIA,1,53,21,32,0.3962,21,14,7,8.057
2023,9,2023_09_MIA_KC,MIA,KC,0,58,21,37,0.3621,14,21,-7,-11.466
2023,9,2023_09_MIN_ATL,ATL,MIN,1,66,28,38,0.4242,28,31,-3,-0.242
2023,9,2023_09_MIN_ATL,MIN,ATL,0,73,32,41,0.4384,31,28,3,-3.671
2023,9,2023_09_NYG_LV,LV,NYG,1,59,34,25,0.5763,30,6,24,16.153
2023,9,2023_09_NYG_LV,NYG,LV,0,63,25,38,0.3968,6,30,-24,-16.825
2023,9,2023_09_SEA_BAL,BAL,SEA,1,72,39,33,0.5417,37,3,34,13.569
2023,9,2023_09_SEA_BAL,SEA,BAL,0,46,14,32,0.3043,3,37,-34,-12.783
2023,9,2023_09_TB_HOU,HOU,TB,1,64,19,45,0.2969,39,37,2,-3.703
2023,9,2023_09_TB_HOU,TB,HOU,0,63,31,32,0.4921,37,39,-2,-0.349
2023,9,2023_09_TEN_PIT,PIT,TEN,1,59,29,30,0.4915,20,16,4,-1.424
2023,9,2023_09_TEN_PIT,TEN,PIT,0,67,25,42,0.3731,16,20,-4,-2.746
2023,9,2023_09_WAS_NE,NE,WAS,1,62,18,44,0.2903,17,20,-3,-1.661
2023,9,2023_09_WAS_NE,WAS,NE,0,76,28,48,0.3684,20,17,3,0.171
2023,10,2023_10_ATL_ARI,ARI,ATL,1,60,25,35,0.4167,25,23,2,-1.833
2023,10,2023_10_ATL_ARI,ATL,ARI,0,65,40,25,0.6154,23,25,-2,-2.031
2023,10,2023_10_CAR_CHI,CAR,CHI,0,57,16,41,0.2807,13,16,-3,-0.789
2023,10,2023_10_CAR_CHI,CHI,CAR,1,69,36,33,0.5217,16,13,3,-2.203
2023,10,2023_10_CLE_BAL,BAL,CLE,1,50,24,26,0.48,31,33,-2,8.06
2023,10,2023_10_CLE_BAL,CLE,BAL,0,75,36,39,0.48,33,31,2,-10.92
2023,10,2023_10_DEN_BUF,BUF,DEN,1,53,26,27,0.4906,22,24,-2,-4.528
2023,10,2023_10_DEN_BUF,DEN,BUF,0,69,36,33,0.5217,24,22,2,1.841
2023,10,2023_10_DET_LAC,DET,LAC,0,61,28,33,0.459,41,38,3,3.557
2023,10,2023_10_DET_LAC,LAC,DET,1,68,28,40,0.4118,38,41,-3,-8.338
2023,10,2023_10_GB_PIT,GB,PIT,0,64,24,40,0.375,19,23,-4,-4.469
2023,10,2023_10_GB_PIT,PIT,GB,1,60,36,24,0.6,23,19,4,1.867
2023,10,2023_10_HOU_CIN,CIN,HOU,1,59,15,44,0.2542,27,30,-3,-3.915
2023,10,2023_10_HOU_CIN,HOU,CIN,0,74,34,40,0.4595,30,27,3,0.568
2023,10,2023_10_IND_NE,IND,NE,0,53,25,28,0.4717,10,6,4,1.811
2023,10,2023_10_IND_NE,NE,IND,1,68,36,32,0.5294,6,10,-4,-3.294
2023,10,2023_10_NO_MIN,MIN,NO,1,68,33,35,0.4853,27,19,8,8.353
2023,10,2023_10_NO_MIN,NO,MIN,0,63,17,46,0.2698,19,27,-8,-12.254
2023,10,2023_10_NYG_DAL,DAL,NYG,1,76,32,44,0.4211,49,17,32,17.158
2023,10,2023_10_NYG_DAL,NYG,DAL,0,54,22,32,0.4074,17,49,-32,-24.111
2023,10,2023_10_NYJ_LV,LV,NYJ,1,62,32,30,0.5161,16,12,4,-2.161
2023,10,2023_10_NYJ_LV,NYJ,LV,0,63,21,42,0.3333,12,16,-4,0.048
2023,10,2023_10_SF_JAX,JAX,SF,1,54,17,37,0.3148,3,34,-31,-14.722
2023,10,2023_10_SF_JAX,SF,JAX,0,57,27,30,0.4737,34,3,31,15.053
2023,10,2023_10_TEN_TB,TB,TEN,1,60,28,32,0.4667,20,6,14,4.467
2023,10,2023_10_TEN_TB,TEN,TB,0,59,16,43,0.2712,6,20,-14,-6.542
2023,10,2023_10_WAS_SEA,SEA,WAS,1,73,26,47,0.3562,29,26,3,-1.507
2023,10,2023_10_WAS_SEA,WAS,SEA,0,61,14,47,0.2295,26,29,-3,-1.803
2023,11,2023_11_ARI_HOU,ARI,HOU,0,59,26,33,0.4407,16,21,-5,-4.864
2023,11,2023_11_ARI_HOU,HOU,ARI,1,66,24,42,0.3636,21,16,5,1.455
2023,11,2023_11_CHI_DET,CHI,DET,0,70,45,25,0.6429,26,31,-5,2.9
2023,11,2023_11_CHI_DET,DET,CHI,1,59,21,38,0.3559,31,26,5,-5.593
2023,11,2023_11_CIN_BAL,BAL,CIN,1,60,31,29,0.5167,34,20,14,5.983
2023,11,2023_11_CIN_BAL,CIN,BAL,0,59,23,36,0.3898,20,34,-14,-9.169
2023,11,2023_11_DAL_CAR,CAR,DAL,1,58,22,36,0.3793,10,33,-23,-11.241
2023,11,2023_11_DAL_CAR,DAL,CAR,0,65,24,41,0.3692,33,10,23,9.046
2023,11,2023_11_LAC_GB,GB,LAC,1,70,27,43,0.3857,23,20,3,-1.886
2023,11,2023_11_LAC_GB,LAC,GB,0,61,23,38,0.377,20,23,-3,-1.328
2023,11,2023_11_LV_MIA,LV,MIA,0,59,16,43,0.2712,13,20,-7,-4.237
2023,11,2023_11_LV_MIA,MIA,LV,1,67,27,40,0.403,20,13,7,0.612
2023,11,2023_11_MIN_DEN,DEN,MIN,1,52,15,37,0.2885,21,20,1,-4.327
2023,11,2023_11_MIN_DEN,MIN,DEN,0,70,36,34,0.5143,20,21,-1,1.257
2023,11,2023_11_NYG_WAS,NYG,WAS,0,54,19,35,0.3519,31,19,12,3.426
2023,11,2023_11_NYG_WAS,WAS,NYG,1,77,28,49,0.3636,19,31,-12,-6.922
2023,11,2023_11_NYJ_BUF,BUF,NYJ,1,69,36,33,0.5217,32,6,26,10.87
2023,11,2023_11_NYJ_BUF,NYJ,BUF,0,55,18,37,0.3273,6,32,-26,-17.0
2023,11,2023_11_PHI_KC,KC,PHI,1,73,30,43,0.411,17,21,-4,1.425
2023,11,2023_11_PHI_KC,PHI,KC,0,51,24,27,0.4706,21,17,4,-4.392
2023,11,2023_11_PIT_CLE,CLE,PIT,1,71,29,42,0.4085,13,10,3,2.958
2023,11,2023_11_PIT_CLE,PIT,CLE,0,56,25,31,0.4464,10,13,-3,-4.0
2023,11,2023_11_SEA_LA,LA,SEA,1,58,26,32,0.4483,17,16,1,-7.276
2023,11,2023_11_SEA_LA,SEA,LA,0,61,20,41,0.3279,16,17,-1,4.902
2023,11,2023_11_TB_SF,SF,TB,1,57,28,29,0.4912,27,14,13,6.684
2023,11,2023_11_TB_SF,TB,SF,0,66,17,49,0.2576,14,27,-13,-11.136
2023,11,2023_11_TEN_JAX,JAX,TEN,1,69,36,33,0.5217,34,14,20,11.696
2023,11,2023_11_TEN_JAX,TEN,JAX,0,36,17,19,0.4722,14,34,-20,-12.528
2023,12,2023_12_BAL_LAC,BAL,LAC,0,67,33,34,0.4925,20,10,10,3.463
2023,12,2023_12_BAL_LAC,LAC,BAL,1,66,19,47,0.2879,10,20,-10,-5.879
2023,12,2023_12_BUF_PHI,BUF,PHI,0,91,39,52,0.4286,34,37,-3,0.198
2023,12,2023_12_BUF_PHI,PHI,BUF,1,64,31,33,0.4844,37,34,3,-3.594
2023,12,2023_12_CAR_TEN,CAR,TEN,0,67,32,35,0.4776,10,17,-7,-7.776
2023,12,2023_12_CAR_TEN,TEN,CAR,1,49,21,28,0.4286,17,10,7,4.469
2023,12,2023_12_CHI_MIN,CHI,MIN,0,65,25,40,0.3846,12,10,2,1.123
2023,12,2023_12_CHI_MIN,MIN,CHI,1,51,17,34,0.3333,10,12,-2,-2.98
2023,12,2023_12_CLE_DEN,CLE,DEN,0,70,23,47,0.3286,12,29,-17,-10.143
2023,12,2023_12_CLE_DEN,DEN,CLE,1,58,35,23,0.6034,29,12,17,6.672
2023,12,2023_12_GB_DET,DET,GB,1,79,31,48,0.3924,22,29,-7,-13.924
2023,12,2023_12_GB_DET,GB,DET,0,54,21,33,0.3889,29,22,7,10.019
2023,12,2023_12_JAX_HOU,HOU,JAX,1,58,18,40,0.3103,21,24,-3,-5.707
2023,12,2023_12_JAX_HOU,JAX,HOU,0,68,29,39,0.4265,24,21,3,3.603
2023,12,2023_12_KC_LV,KC,LV,0,56,21,35,0.375,31,17,14,-2.054
2023,12,2023_12_KC_LV,LV,KC,1,58,23,35,0.3966,17,31,-14,-2.276
2023,12,2023_12_LA_ARI,ARI,LA,1,66,16,50,0.2424,14,37,-23,-15.273
2023,12,2023_12_LA_ARI,LA,ARI,0,66,33,33,0.5,37,14,23,8.47
2023,12,2023_12_MIA_NYJ,MIA,NYJ,0,67,36,31,0.5373,34,13,21,7.582
2023,12,2023_12_MIA_NYJ,NYJ,MIA,1,55,10,45,0.1818,13,34,-21,-14.873
2023,12,2023_12_NE_NYG,NE,NYG,0,68,31,37,0.4559,7,10,-3,-2.162
2023,12,2023_12_NE_NYG,NYG,NE,1,49,18,31,0.3673,10,7,3,0.755
2023,12,2023_12_NO_ATL,ATL,NO,1,61,40,21,0.6557,24,15,9,2.639
2023,12,2023_12_NO_ATL,NO,ATL,0,66,27,39,0.4091,15,24,-9,-4.545
2023,12,2023_12_PIT_CIN,CIN,PIT,1,40,10,30,0.25,10,16,-6,-0.15
2023,12,2023_12_PIT_CIN,PIT,CIN,0,65,30,35,0.4615,16,10,6,-0.815
2023,12,2023_12_SF_SEA,SEA,SF,1,54,21,33,0.3889,13,31,-18,-14.963
2023,12,2023_12_SF_SEA,SF,SEA,0,63,31,32,0.4921,31,13,18,9.222
2023,12,2023_12_TB_IND,IND,TB,1,69,26,43,0.3768,27,20,7,5.464
2023,12,2023_12_TB_IND,TB,IND,0,56,19,37,0.3393,20,27,-7,-6.982
2023,12,2023_12_WAS_DAL,DAL,WAS,1,51,18,33,0.3529,45,10,35,7.196
2023,12,2023_12_WAS_DAL,WAS,DAL,0,75,27,48,0.36,10,45,-35,-12.56
2023,13,2023_13_ARI_PIT,ARI,PIT,0,60,35,25,0.5833,24,10,14,5.15
2023,13,2023_13_ARI_PIT,PIT,ARI,1,57,30,27,0.5263,10,24,-14,-7.088
2023,13,2023_13_ATL_NYJ,ATL,NYJ,0,63,33,30,0.5238,13,8,5,1.873
2023,13,2023_13_ATL_NYJ,NYJ,ATL,1,67,25,42,0.3731,8,13,-5,-3.433
2023,13,2023_13_CAR_TB,CAR,TB,0,70,35,35,0.5,18,21,-3,-5.443
2023,13,2023_13_CAR_TB,TB,CAR,1,56,26,30,0.4643,21,18,3,2.607
2023,13,2023_13_CIN_JAX,CIN,JAX,0,72,31,41,0.4306,34,31,3,-3.792
2023,13,2023_13_CIN_JAX,JAX,CIN,1,68,25,43,0.3676,31,34,-3,-0.971
2023,13,2023_13_CLE_LA,CLE,LA,0,69,23,46,0.3333,19,36,-17,-4.014
2023,13,2023_13_CLE_LA,LA,CLE,1,61,24,37,0.3934,36,19,17,0.967
2023,13,2023_13_DEN_HOU,DEN,HOU,0,58,29,29,0.5,17,22,-5,-9.034
2023,13,2023_13_DEN_HOU,HOU,DEN,1,63,29,34,0.4603,22,17,5,6.683
2023,13,2023_13_DET_NO,DET,NO,0,55,28,27,0.5091,33,28,5,9.509
2023,13,2023_13_DET_NO,NO,DET,1,66,35,31,0.5303,28,33,-5,-14.576
2023,13,2023_13_IND_TEN,IND,TEN,0,68,22,46,0.3235,31,28,3,-4.132
2023,13,2023_13_IND_TEN,TEN,IND,1,80,41,39,0.5125,28,31,-3,-0.075
2023,13,2023_13_KC_GB,GB,KC,1,63,25,38,0.3968,27,19,8,3.079
2023,13,2023_13_KC_GB,KC,GB,0,61,25,36,0.4098,19,27,-8,-8.131
2023,13,2023_13_LAC_NE,LAC,NE,0,59,22,37,0.3729,6,0,6,3.559
2023,13,2023_13_LAC_NE,NE,LAC,1,62,32,30,0.5161,0,6,-6,-3.484
2023,13,2023_13_MIA_WAS,MIA,WAS,0,59,34,25,0.5763,45,15,30,17.203
2023,13,2023_13_MIA_WAS,WAS,MIA,1,55,28,27,0.5091,15,45,-30,-17.855
2023,13,2023_13_SEA_DAL,DAL,SEA,1,78,32,46,0.4103,41,35,6,-1.295
2023,13,2023_13_SEA_DAL,SEA,DAL,0,63,22,41,0.3492,35,41,-6,-1.937
2023,13,2023_13_SF_PHI,PHI,SF,1,70,18,52,0.2571,19,42,-23,-9.971
2023,13,2023_13_SF_PHI,SF,PHI,0,56,27,29,0.4821,42,19,23,5.25
2023,14,2023_14_BUF_KC,BUF,KC,0,70,26,44,0.3714,20,17,3,4.757
2023,14,2023_14_BUF_KC,KC,BUF,1,62,18,44,0.2903,17,20,-3,-6.274
2023,14,2023_14_CAR_NO,CAR,NO,0,79,39,40,0.4937,6,28,-22,-9.722
2023,14,2023_14_CAR_NO,NO,CAR,1,50,23,27,0.46,28,6,22,5.64
2023,14,2023_14_DEN_LAC,DEN,LAC,0,63,28,35,0.4444,24,7,17,8.27
2023,14,2023_14_DEN_LAC,LAC,DEN,1,67,19,48,0.2836,7,24,-17,-9.836
2023,14,2023_14_DET_CHI,CHI,DET,1,65,28,37,0.4308,28,13,15,4.231
2023,14,2023_14_DET_CHI,DET,CHI,0,63,24,39,0.381,13,28,-15,-8.365
2023,14,2023_14_GB_NYG,GB,NYG,0,67,26,41,0.3881,22,24,-2,-3.104
2023,14,2023_14_GB_NYG,NYG,GB,1,54,33,21,0.6111,24,22,2,-0.593
2023,14,2023_14_HOU_NYJ,HOU,NYJ,0,52,19,33,0.3654,6,30,-24,-7.365
2023,14,2023_14_HOU_NYJ,NYJ,HOU,1,65,25,40,0.3846,30,6,24,5.723
2023,14,2023_14_IND_CIN,CIN,IND,1,57,32,25,0.5614,34,14,20,7.333
2023,14,2023_14_IND_CIN,IND,CIN,0,60,17,43,0.2833,14,34,-20,-11.017
2023,14,2023_14_JAX_CLE,CLE,JAX,1,71,25,46,0.3521,31,27,4,7.197
2023,14,2023_14_JAX_CLE,JAX,CLE,0,74,19,55,0.2568,27,31,-4,-9.878
2023,14,2023_14_LA_BAL,BAL,LA,1,71,25,46,0.3521,37,31,6,-2.986
2023,14,2023_14_LA_BAL,LA,BAL,0,73,29,44,0.3973,31,37,-6,-0.507
2023,14,2023_14_MIN_LV,LV,MIN,1,53,17,36,0.3208,0,3,-3,-0.113
2023,14,2023_14_MIN_LV,MIN,LV,0,71,30,41,0.4225,3,0,3,0.127
2023,14,2023_14_NE_PIT,NE,PIT,0,55,25,30,0.4545,21,18,3,6.527
2023,14,2023_14_NE_PIT,PIT,NE,1,66,27,39,0.4091,18,21,-3,-8.727
2023,14,2023_14_PHI_DAL,DAL,PHI,1,74,32,42,0.4324,33,13,20,9.838
2023,14,2023_14_PHI_DAL,PHI,DAL,0,52,23,29,0.4423,13,33,-20,-13.788
2023,14,2023_14_SEA_SF,SEA,SF,0,56,20,36,0.3571,16,28,-12,-5.696
2023,14,2023_14_SEA_SF,SF,SEA,1,52,22,30,0.4231,28,16,12,4.385
2023,14,2023_14_TB_ATL,ATL,TB,1,69,26,43,0.3768,25,29,-4,-4.319
2023,14,2023_14_TB_ATL,TB,ATL,0,67,37,30,0.5522,29,25,4,0.672
2023,14,2023_14_TEN_MIA,MIA,TEN,1,69,31,38,0.4493,27,28,-1,0.696
2023,14,2023_14_TEN_MIA,TEN,MIA,0,68,28,40,0.4118,28,27,1,-4.382
2023,15,2023_15_ATL_CAR,ATL,CAR,0,50,30,20,0.6,7,9,-2,0.94
2023,15,2023_15_ATL_CAR,CAR,ATL,1,60,33,27,0.55,9,7,2,-2.767
2023,15,2023_15_BAL_JAX,BAL,JAX,0,69,42,27,0.6087,23,7,16,6.232
2023,15,2023_15_BAL_JAX,JAX,BAL,1,61,17,44,0.2787,7,23,-16,-7.459
2023,15,2023_15_CHI_CLE,CHI,CLE,0,70,27,43,0.3857,17,20,-3,2.914
2023,15,2023_15_CHI_CLE,CLE,CHI,1,67,18,49,0.2687,20,17,3,-4.448
2023,15,2023_15_DAL_BUF,BUF,DAL,1,62,46,16,0.7419,31,10,21,11.661
2023,15,2023_15_DAL_BUF,DAL,BUF,0,57,20,37,0.3509,10,31,-21,-19.193
2023,15,2023_15_DEN_DET,DEN,DET,0,61,27,34,0.4426,17,42,-25,-16.148
2023,15,2023_15_DEN_DET,DET,DEN,1,64,28,36,0.4375,42,17,25,9.922
2023,15,2023_15_HOU_TEN,HOU,TEN,0,72,32,40,0.4444,19,16,3,-6.903
2023,15,2023_15_HOU_TEN,TEN,HOU,1,63,30,33,0.4762,16,19,-3,3.698
2023,15,2023_15_KC_NE,KC,NE,0,58,17,41,0.2931,27,17,10,6.121
2023,15,2023_15_KC_NE,NE,KC,1,51,16,35,0.3137,17,27,-10,-8.02
2023,15,2023_15_LAC_LV,LAC,LV,0,63,28,35,0.4444,21,63,-42,-36.667
2023,15,2023_15_LAC_LV,LV,LAC,1,63,26,37,0.4127,63,21,42,26.111
2023,15,2023_15_MIN_CIN,CIN,MIN,1,67,20,47,0.2985,27,24,3,-5.537
2023,15,2023_15_MIN_CIN,MIN,CIN,0,67,30,37,0.4478,24,27,-3,2.716
2023,15,2023_15_NYG_NO,NO,NYG,1,55,25,30,0.4545,24,6,18,4.636
2023,15,2023_15_NYG_NO,NYG,NO,0,60,16,44,0.2667,6,24,-18,-8.333
2023,15,2023_15_NYJ_MIA,MIA,NYJ,1,55,26,29,0.4727,30,0,30,16.764
2023,15,2023_15_NYJ_MIA,NYJ,MIA,0,55,12,43,0.2182,0,30,-30,-20.273
2023,15,2023_15_PHI_SEA,PHI,SEA,0,69,38,31,0.5507,17,20,-3,3.348
2023,15,2023_15_PHI_SEA,SEA,PHI,1,58,23,35,0.3966,20,17,3,-6.897
2023,15,2023_15_PIT_IND,IND,PIT,1,64,33,31,0.5156,30,13,17,1.297
2023,15,2023_15_PIT_IND,PIT,IND,0,54,24,30,0.4444,13,30,-17,-4.407
2023,15,2023_15_SF_ARI,ARI,SF,1,73,30,43,0.411,29,45,-16,-11.836
2023,15,2023_15_SF_ARI,SF,ARI,0,51,24,27,0.4706,45,29,16,6.784
2023,15,2023_15_TB_GB,GB,TB,1,57,16,41,0.2807,20,34,-14,-6.93
2023,15,2023_15_TB_GB,TB,GB,0,58,25,33,0.431,34,20,14,2.672
2023,15,2023_15_WAS_LA,LA,WAS,1,74,38,36,0.5135,28,20,8,8.73
2023,15,2023_15_WAS_LA,WAS,LA,0,58,21,37,0.3621,20,28,-8,-11.879
2023,16,2023_16_ARI_CHI,ARI,CHI,0,60,20,40,0.3333,16,27,-11,-11.8
2023,16,2023_16_ARI_CHI,CHI,ARI,1,67,39,28,0.5821,27,16,11,9.284
2023,16,2023_16_BAL_SF,BAL,SF,0,62,25,37,0.4032,33,19,14,5.581
2023,16,2023_16_BAL_SF,SF,BAL,1,68,18,50,0.2647,19,33,-14,-10.75
2023,16,2023_16_BUF_LAC,BUF,LAC,0,52,30,22,0.5769,24,22,2,-1.462
2023,16,2023_16_BUF_LAC,LAC,BUF,1,65,27,38,0.4154,22,24,-2,-1.446
2023,16,2023_16_CIN_PIT,CIN,PIT,0,62,16,46,0.2581,11,34,-23,-16.758
2023,16,2023_16_CIN_PIT,PIT,CIN,1,58,30,28,0.5172,34,11,23,16.845
2023,16,2023_16_CLE_HOU,CLE,HOU,0,77,31,46,0.4026,36,22,14,13.909
2023,16,2023_16_CLE_HOU,HOU,CLE,1,68,16,52,0.2353,22,36,-14,-16.559
2023,16,2023_16_DAL_MIA,DAL,MIA,0,60,24,36,0.4,20,22,-2,-3.867
2023,16,2023_16_DAL_MIA,MIA,DAL,1,62,24,38,0.3871,22,20,2,0.468
2023,16,2023_16_DET_MIN,DET,MIN,0,75,34,41,0.4533,30,24,6,0.84
2023,16,2023_16_DET_MIN,MIN,DET,1,50,11,39,0.22,24,30,-6,-5.7
2023,16,2023_16_GB_CAR,CAR,GB,1,63,26,37,0.4127,30,33,-3,-9.556
2023,16,2023_16_GB_CAR,GB,CAR,0,63,34,29,0.5397,33,30,3,5.254
2023,16,2023_16_IND_ATL,ATL,IND,1,63,30,33,0.4762,29,10,19,5.159
2023,16,2023_16_IND_ATL,IND,ATL,0,67,24,43,0.3582,10,29,-19,-7.254
2023,16,2023_16_JAX_TB,JAX,TB,0,63,13,50,0.2063,12,30,-18,-19.556
2023,16,2023_16_JAX_TB,TB,JAX,1,70,33,37,0.4714,30,12,18,13.043
2023,16,2023_16_LV_KC,KC,LV,1,74,25,49,0.3378,14,20,-6,-8.405
2023,16,2023_16_LV_KC,LV,KC,0,50,27,23,0.54,20,14,6,4.7
2023,16,2023_16_NE_DEN,DEN,NE,1,66,23,43,0.3485,23,26,-3,-3.591
2023,16,2023_16_NE_DEN,NE,DEN,0,55,21,34,0.3818,26,23,3,-0.945
2023,16,2023_16_NO_LA,LA,NO,1,66,31,35,0.4697,30,22,8,8.439
2023,16,2023_16_NO_LA,NO,LA,0,58,15,43,0.2586,22,30,-8,-11.966
2023,16,2023_16_NYG_PHI,NYG,PHI,0,58,27,31,0.4655,25,33,-8,-9.948
2023,16,2023_16_NYG_PHI,PHI,NYG,1,74,35,39,0.473,33,25,8,7.446
2023,16,2023_16_SEA_TEN,SEA,TEN,0,59,20,39,0.339,20,17,3,-4.475
2023,16,2023_16_SEA_TEN,TEN,SEA,1,63,31,32,0.4921,17,20,-3,0.873
2023,16,2023_16_WAS_NYJ,NYJ,WAS,1,85,36,49,0.4235,30,28,2,11.612
2023,16,2023_16_WAS_NYJ,WAS,NYJ,0,58,22,36,0.3793,28,30,-2,-13.466
2023,17,2023_17_ARI_PHI,ARI,PHI,0,72,40,32,0.5556,35,31,4,-7.306
2023,17,2023_17_ARI_PHI,PHI,ARI,1,47,23,24,0.4894,31,35,-4,1.043
2023,17,2023_17_ATL_CHI,ATL,CHI,0,59,24,35,0.4068,17,37,-20,-12.797
2023,17,2023_17_ATL_CHI,CHI,ATL,1,72,37,35,0.5139,37,17,20,10.056
2023,17,2023_17_CAR_JAX,CAR,JAX,0,53,15,38,0.283,0,26,-26,-12.094
2023,17,2023_17_CAR_JAX,JAX,CAR,1,58,31,27,0.5345,26,0,26,8.345
2023,17,2023_17_CIN_KC,CIN,KC,0,71,32,39,0.4507,17,25,-8,-0.338
2023,17,2023_17_CIN_KC,KC,CIN,1,51,20,31,0.3922,25,17,8,-2.333
2023,17,2023_17_DET_DAL,DAL,DET,1,61,20,41,0.3279,20,19,1,0.902
2023,17,2023_17_DET_DAL,DET,DAL,0,65,31,34,0.4769,19,20,-1,-2.708
2023,17,2023_17_GB_MIN,GB,MIN,0,71,37,34,0.5211,33,10,23,12.423
2023,17,2023_17_GB_MIN,MIN,GB,1,51,15,36,0.2941,10,33,-23,-16.627
2023,17,2023_17_LAC_DEN,DEN,LAC,1,65,31,34,0.4769,16,9,7,4.877
2023,17,2023_17_LAC_DEN,LAC,DEN,0,62,24,38,0.3871,9,16,-7,-7.145
2023,17,2023_17_LA_NYG,LA,NYG,0,60,22,38,0.3667,26,25,1,2.067
2023,17,2023_17_LA_NYG,NYG,LA,1,67,20,47,0.2985,25,26,-1,-5.239
2023,17,2023_17_LV_IND,IND,LV,1,52,28,24,0.5385,23,20,3,4.75
2023,17,2023_17_LV_IND,LV,IND,0,74,25,49,0.3378,20,23,-3,-8.257
2023,17,2023_17_MIA_BAL,BAL,MIA,1,53,30,23,0.566,56,19,37,9.491
2023,17,2023_17_MIA_BAL,MIA,BAL,0,67,25,42,0.3731,19,56,-37,-12.537
2023,17,2023_17_NE_BUF,BUF,NE,1,66,35,31,0.5303,27,21,6,3.818
2023,17,2023_17_NE_BUF,NE,BUF,0,52,23,29,0.4423,21,27,-6,-8.096
2023,17,2023_17_NO_TB,NO,TB,0,67,32,35,0.4776,23,13,10,10.373
2023,17,2023_17_NO_TB,TB,NO,1,50,14,36,0.28,13,23,-10,-14.7
2023,17,2023_17_NYJ_CLE,CLE,NYJ,1,58,28,30,0.4828,37,20,17,10.879
2023,17,2023_17_NYJ_CLE,NYJ,CLE,0,68,21,47,0.3088,20,37,-17,-15.456
2023,17,2023_17_PIT_SEA,PIT,SEA,0,70,45,25,0.6429,30,23,7,1.657
2023,17,2023_17_PIT_SEA,SEA,PIT,1,49,15,34,0.3061,23,30,-7,-5.633
2023,17,2023_17_SF_WAS,SF,WAS,0,66,37,29,0.5606,27,10,17,5.727
2023,17,2023_17_SF_WAS,WAS,SF,1,43,14,29,0.3256,10,27,-17,-9.698
2023,17,2023_17_TEN_HOU,HOU,TEN,1,61,28,33,0.459,26,3,23,11.754
2023,17,2023_17_TEN_HOU,TEN,HOU,0,53,21,32,0.3962,3,26,-23,-15.962
2023,18,2023_18_ATL_NO,ATL,NO,0,60,25,35,0.4167,17,48,-31,-10.467
2023,18,2023_18_ATL_NO,NO,ATL,1,66,35,31,0.5303,48,17,31,3.227
2023,18,2023_18_BUF_MIA,BUF,MIA,0,75,34,41,0.4533,21,14,7,-2.52
2023,18,2023_18_BUF_MIA,MIA,BUF,1,48,20,28,0.4167,14,21,-7,0.0
2023,18,2023_18_CHI_GB,CHI,GB,0,46,25,21,0.5435,9,17,-8,-4.37
2023,18,2023_18_CHI_GB,GB,CHI,1,58,25,33,0.431,17,9,8,1.69
2023,18,2023_18_CLE_CIN,CIN,CLE,1,61,30,31,0.4918,31,14,17,16.918
2023,18,2023_18_CLE_CIN,CLE,CIN,0,52,23,29,0.4423,14,31,-17,-21.346
2023,18,2023_18_DAL_WAS,DAL,WAS,0,69,29,40,0.4203,38,10,28,10.333
2023,18,2023_18_DAL_WAS,WAS,DAL,1,48,16,32,0.3333,10,38,-28,-9.333
2023,18,2023_18_DEN_LV,DEN,LV,0,58,19,39,0.3276,14,27,-13,-8.241
2023,18,2023_18_DEN_LV,LV,DEN,1,63,29,34,0.4603,27,14,13,4.794
2023,18,2023_18_HOU_IND,HOU,IND,0,56,28,28,0.5,23,19,4,3.161
2023,18,2023_18_HOU_IND,IND,HOU,1,63,37,26,0.5873,19,23,-4,-4.063
2023,18,2023_18_JAX_TEN,JAX,TEN,0,66,23,43,0.3485,20,28,-8,-8.697
2023,18,2023_18_JAX_TEN,TEN,JAX,1,52,23,29,0.4423,28,20,8,4.731
2023,18,2023_18_KC_LAC,KC,LAC,0,58,27,31,0.4655,13,12,1,3.793
2023,18,2023_18_KC_LAC,LAC,KC,1,80,30,50,0.375,12,13,-1,-3.1
2023,18,2023_18_LA_SF,LA,SF,0,62,35,27,0.5645,21,20,1,-8.065
2023,18,2023_18_LA_SF,SF,LA,1,57,29,28,0.5088,20,21,-1,2.719
2023,18,2023_18_MIN_DET,DET,MIN,1,56,23,33,0.4107,30,20,10,7.464
2023,18,2023_18_MIN_DET,MIN,DET,0,70,22,48,0.3143,20,30,-10,-9.914
2023,18,2023_18_NYJ_NE,NE,NYJ,1,58,21,37,0.3621,3,17,-14,-4.034
2023,18,2023_18_NYJ_NE,NYJ,NE,0,64,43,21,0.6719,17,3,14,2.562
2023,18,2023_18_PHI_NYG,NYG,PHI,1,66,30,36,0.4545,27,10,17,11.909
2023,18,2023_18_PHI_NYG,PHI,NYG,0,65,24,41,0.3692,10,27,-17,-15.646
2023,18,2023_18_PIT_BAL,BAL,PIT,1,56,24,32,0.4286,10,17,-7,-5.589
2023,18,2023_18_PIT_BAL,PIT,BAL,0,61,38,23,0.623,17,10,7,2.41
2023,18,2023_18_SEA_ARI,ARI,SEA,1,69,38,31,0.5507,20,21,-1,-0.696
2023,18,2023_18_SEA_ARI,SEA,ARI,0,54,25,29,0.463,21,20,1,0.667
2023,18,2023_18_TB_CAR,CAR,TB,1,50,29,21,0.58,0,9,-9,-3.96
2023,18,2023_18_TB_CAR,TB,CAR,0,61,26,35,0.4262,9,0,9,3.148
2024,1,2024_01_ARI_BUF,ARI,BUF,0,60,25,35,0.4167,28,34,-6,0.617
2024,1,2024_01_ARI_BUF,BUF,ARI,1,57,32,25,0.5614,34,28,6,-3.614
2024,1,2024_01_BAL_KC,BAL,KC,0,74,32,42,0.4324,20,27,-7,-6.014
2024,1,2024_01_BAL_KC,KC,BAL,1,49,19,30,0.3878,27,20,7,3.245
2024,1,2024_01_CAR_NO,CAR,NO,0,55,20,35,0.3636,10,47,-37,-28.182
2024,1,2024_01_CAR_NO,NO,CAR,1,62,37,25,0.5968,47,10,37,19.871
2024,1,2024_01_DAL_CLE,CLE,DAL,1,70,19,51,0.2714,17,33,-16,-17.029
2024,1,2024_01_DAL_CLE,DAL,CLE,0,59,24,35,0.4068,33,17,16,9.254
2024,1,2024_01_DEN_SEA,DEN,SEA,0,69,25,44,0.3623,20,26,-6,-3.159
2024,1,2024_01_DEN_SEA,SEA,DEN,1,58,30,28,0.5172,26,20,6,1.879
2024,1,2024_01_GB_PHI,GB,PHI,0,59,22,37,0.3729,29,34,-5,-1.831
2024,1,2024_01_GB_PHI,PHI,GB,1,73,38,35,0.5205,34,29,5,-1.973
2024,1,2024_01_HOU_IND,HOU,IND,0,75,39,36,0.52,29,27,2,2.253
2024,1,2024_01_HOU_IND,IND,HOU,1,44,23,21,0.5227,27,29,-2,-5.068
2024,1,2024_01_JAX_MIA,JAX,MIA,0,50,26,24,0.52,17,20,-3,5.4
2024,1,2024_01_JAX_MIA,MIA,JAX,1,65,25,40,0.3846,20,17,3,-5.785
2024,1,2024_01_LA_DET,DET,LA,1,61,31,30,0.5082,26,20,6,0.311
2024,1,2024_01_LA_DET,LA,DET,0,74,23,51,0.3108,20,26,-6,-4.081
2024,1,2024_01_LV_LAC,LAC,LV,1,52,25,27,0.4808,22,10,12,0.692
2024,1,2024_01_LV_LAC,LV,LAC,0,59,22,37,0.3729,10,22,-12,-2.305
2024,1,2024_01_MIN_NYG,MIN,NYG,0,50,25,25,0.5,28,6,22,11.16
2024,1,2024_01_MIN_NYG,NYG,MIN,1,68,21,47,0.3088,6,28,-22,-13.971
2024,1,2024_01_NE_CIN,CIN,NE,1,48,16,32,0.3333,10,16,-6,-8.521
2024,1,2024_01_NE_CIN,NE,CIN,0,61,36,25,0.5902,16,10,6,5.098
2024,1,2024_01_NYJ_SF,NYJ,SF,0,50,19,31,0.38,19,32,-13,-10.88
2024,1,2024_01_NYJ_SF,SF,NYJ,1,69,37,32,0.5362,32,19,13,6.188
2024,1,2024_01_PIT_ATL,ATL,PIT,1,49,22,27,0.449,10,18,-8,-2.224
2024,1,2024_01_PIT_ATL,PIT,ATL,0,66,41,25,0.6212,18,10,8,1.394
2024,1,2024_01_TEN_CHI,CHI,TEN,1,52,20,32,0.3846,24,17,7,-6.077
2024,1,2024_01_TEN_CHI,TEN,CHI,0,61,26,35,0.4262,17,24,-7,4.41
2024,1,2024_01_WAS_TB,TB,WAS,1,59,28,31,0.4746,37,20,17,8.034
2024,1,2024_01_WAS_TB,WAS,TB,0,56,29,27,0.5179,20,37,-17,-13.161
2024,2,2024_02_ATL_PHI,ATL,PHI,0,57,26,31,0.4561,22,21,1,-2.0
2024,2,2024_02_ATL_PHI,PHI,ATL,1,68,37,31,0.5441,21,22,-1,-1.603
2024,2,2024_02_BUF_MIA,BUF,MIA,0,42,23,19,0.5476,31,10,21,8.976
2024,2,2024_02_BUF_MIA,MIA,BUF,1,75,34,41,0.4533,10,31,-21,-14.053
2024,2,2024_02_CHI_HOU,CHI,HOU,0,66,22,44,0.3333,13,19,-6,-7.227
2024,2,2024_02_CHI_HOU,HOU,CHI,1,60,21,39,0.35,19,13,6,5.067
2024,2,2024_02_CIN_KC,CIN,KC,0,61,22,39,0.3607,25,26,-1,0.525
2024,2,2024_02_CIN_KC,KC,CIN,1,60,32,28,0.5333,26,25,1,-4.133
2024,2,2024_02_CLE_JAX,CLE,JAX,0,65,29,36,0.4462,18,13,5,5.231
2024,2,2024_02_CLE_JAX,JAX,CLE,1,54,21,33,0.3889,13,18,-5,-8.056
2024,2,2024_02_IND_GB,GB,IND,1,67,53,14,0.791,16,10,6,8.075
2024,2,2024_02_IND_GB,IND,GB,0,52,18,34,0.3462,10,16,-6,-10.423
2024,2,2024_02_LAC_CAR,CAR,LAC,1,46,18,28,0.3913,3,26,-23,-17.087
2024,2,2024_02_LAC_CAR,LAC,CAR,0,62,41,21,0.6613,26,3,23,12.29
2024,2,2024_02_LA_ARI,ARI,LA,1,62,40,22,0.6452,41,10,31,19.387
2024,2,2024_02_LA_ARI,LA,ARI,0,52,20,32,0.3846,10,41,-31,-22.231
2024,2,2024_02_LV_BAL,BAL,LV,1,61,27,34,0.4426,23,26,-3,1.967
2024,2,2024_02_LV_BAL,LV,BAL,0,59,16,43,0.2712,26,23,3,-5.576
2024,2,2024_02_NO_DAL,DAL,NO,1,65,21,44,0.3231,19,44,-25,-15.785
2024,2,2024_02_NO_DAL,NO,DAL,0,53,36,17,0.6792,44,19,25,13.094
2024,2,2024_02_NYG_WAS,NYG,WAS,0,53,22,31,0.4151,18,21,-3,-1.358
2024,2,2024_02_NYG_WAS,WAS,NYG,1,67,33,34,0.4925,21,18,3,-1.119
2024,2,2024_02_NYJ_TEN,NYJ,TEN,0,55,23,32,0.4182,24,17,7,-1.982
2024,2,2024_02_NYJ_TEN,TEN,NYJ,1,60,28,32,0.4667,17,24,-7,-1.217
2024,2,2024_02_PIT_DEN,DEN,PIT,1,56,19,37,0.3393,6,13,-7,-8.821
2024,2,2024_02_PIT_DEN,PIT,DEN,0,58,36,22,0.6207,13,6,7,6.586
2024,2,2024_02_SEA_NE,NE,SEA,1,66,36,30,0.5455,20,23,-3,-1.242
2024,2,2024_02_SEA_NE,SEA,NE,0,64,18,46,0.2812,23,20,3,-0.453
2024,2,2024_02_SF_MIN,MIN,SF,1,51,22,29,0.4314,23,17,6,5.0
2024,2,2024_02_SF_MIN,SF,MIN,0,67,25,42,0.3731,17,23,-6,-7.701
2024,2,2024_02_TB_DET,DET,TB,1,82,27,55,0.3293,16,20,-4,-4.854
2024,2,2024_02_TB_DET,TB,DET,0,46,22,24,0.4783,20,16,4,2.261
2024,3,2024_03_BAL_DAL,BAL,DAL,0,58,43,15,0.7414,28,25,3,11.466
2024,3,2024_03_BAL_DAL,DAL,BAL,1,72,16,56,0.2222,25,28,-3,-13.389
2024,3,2024_03_CAR_LV,CAR,LV,0,69,29,40,0.4203,36,22,14,10.188
2024,3,2024_03_CAR_LV,LV,CAR,1,60,16,44,0.2667,22,36,-14,-14.85
2024,3,2024_03_CHI_IND,CHI,IND,0,84,28,56,0.3333,16,21,-5,-6.119
2024,3,2024_03_CHI_IND,IND,CHI,1,51,30,21,0.5882,21,16,5,3.059
2024,3,2024_03_DEN_TB,DEN,TB,0,63,27,36,0.4286,26,7,19,11.825
2024,3,2024_03_DEN_TB,TB,DEN,1,56,16,40,0.2857,7,26,-19,-14.839
2024,3,2024_03_DET_ARI,ARI,DET,1,53,18,35,0.3396,13,20,-7,-9.302
2024,3,2024_03_DET_ARI,DET,ARI,0,66,41,25,0.6212,20,13,7,5.712
2024,3,2024_03_GB_TEN,GB,TEN,0,59,37,22,0.6271,30,14,16,8.763
2024,3,2024_03_GB_TEN,TEN,GB,1,53,11,42,0.2075,14,30,-16,-12.717
2024,3,2024_03_HOU_MIN,HOU,MIN,0,62,14,48,0.2258,7,34,-27,-17.226
2024,3,2024_03_HOU_MIN,MIN,HOU,1,59,27,32,0.4576,34,7,27,13.424
2024,3,2024_03_JAX_BUF,BUF,JAX,1,59,28,31,0.4746,47,10,37,14.797
2024,3,2024_03_JAX_BUF,JAX,BUF,0,68,17,51,0.25,10,47,-37,-24.75
2024,3,2024_03_KC_ATL,ATL,KC,1,55,24,31,0.4364,17,22,-5,-2.327
2024,3,2024_03_KC_ATL,KC,ATL,0,69,30,39,0.4348,22,17,5,-3.391
2024,3,2024_03_LAC_PIT,LAC,PIT,0,45,20,25,0.4444,10,20,-10,-0.533
2024,3,2024_03_LAC_PIT,PIT,LAC,1,63,29,34,0.4603,20,10,10,-0.841
2024,3,2024_03_MIA_SEA,MIA,SEA,0,56,18,38,0.3214,3,24,-21,-13.393
2024,3,2024_03_MIA_SEA,SEA,MIA,1,58,21,37,0.3621,24,3,21,11.638
2024,3,2024_03_NE_NYJ,NE,NYJ,0,48,15,33,0.3125,3,24,-21,-15.5
2024,3,2024_03_NE_NYJ,NYJ,NE,1,70,33,37,0.4714,24,3,21,10.157
2024,3,2024_03_NYG_CLE,CLE,NYG,1,63,17,46,0.2698,15,21,-6,-7.587
2024,3,2024_03_NYG_CLE,NYG,CLE,0,66,29,37,0.4394,21,15,6,3.303
2024,3,2024_03_PHI_NO,NO,PHI,1,55,28,27,0.5091,12,15,-3,0.509
2024,3,2024_03_PHI_NO,PHI,NO,0,65,23,42,0.3538,15,12,3,-2.723
2024,3,2024_03_SF_LA,LA,SF,1,55,26,29,0.4727,27,24,3,-11.218
2024,3,2024_03_SF_LA,SF,LA,0,65,34,31,0.5231,24,27,-3,5.985
2024,3,2024_03_WAS_CIN,CIN,WAS,1,61,20,41,0.3279,33,38,-5,-8.344
2024,3,2024_03_WAS_CIN,WAS,CIN,0,55,30,25,0.5455,38,33,5,3.164
2024,4,2024_04_BUF_BAL,BAL,BUF,1,54,34,20,0.6296,35,10,25,14.037
2024,4,2024_04_BUF_BAL,BUF,BAL,0,57,23,34,0.4035,10,35,-25,-14.105
2024,4,2024_04_CIN_CAR,CAR,CIN,1,69,28,41,0.4058,24,34,-10,-7.333
2024,4,2024_04_CIN_CAR,CIN,CAR,0,62,31,31,0.5,34,24,10,5.403
2024,4,2024_04_CLE_LV,CLE,LV,0,57,22,35,0.386,16,20,-4,-1.544
2024,4,2024_04_CLE_LV,LV,CLE,1,53,27,26,0.5094,20,16,4,-1.113
2024,4,2024_04_DAL_NYG,DAL,NYG,0,50,22,28,0.44,20,15,5,1.42
2024,4,2024_04_DAL_NYG,NYG,DAL,1,64,23,41,0.3594,15,20,-5,-4.953
2024,4,2024_04_DEN_NYJ,DEN,NYJ,0,54,29,25,0.537,10,9,1,-2.648
2024,4,2024_04_DEN_NYJ,NYJ,DEN,1,70,23,47,0.3286,9,10,-1,1.029
2024,4,2024_04_JAX_HOU,HOU,JAX,1,68,26,42,0.3824,24,20,4,-2.324
2024,4,2024_04_JAX_HOU,JAX,HOU,0,57,23,34,0.4035,20,24,-4,-0.439
2024,4,2024_04_KC_LAC,KC,LAC,0,55,23,32,0.4182,17,10,7,-3.636
2024,4,2024_04_KC_LAC,LAC,KC,1,53,24,29,0.4528,10,17,-7,2.075
2024,4,2024_04_LA_CHI,CHI,LA,1,52,26,26,0.5,24,18,6,0.154
2024,4,2024_04_LA_CHI,LA,CHI,0,58,25,33,0.431,18,24,-6,-2.672
2024,4,2024_04_MIN_GB,GB,MIN,1,75,19,56,0.2533,29,31,-2,-18.64
2024,4,2024_04_MIN_GB,MIN,GB,0,61,31,30,0.5082,31,29,2,12.77
2024,4,2024_04_NE_SF,NE,SF,0,62,24,38,0.3871,13,30,-17,-13.016
2024,4,2024_04_NE_SF,SF,NE,1,59,31,28,0.5254,30,13,17,10.61
2024,4,2024_04_NO_ATL,ATL,NO,1,51,15,36,0.2941,26,24,2,0.922
2024,4,2024_04_NO_ATL,NO,ATL,0,70,33,37,0.4714,24,26,-2,-3.929
2024,4,2024_04_PHI_TB,PHI,TB,0,55,19,36,0.3455,16,33,-17,-17.855
2024,4,2024_04_PHI_TB,TB,PHI,1,73,24,49,0.3288,33,16,17,12.74
2024,4,2024_04_PIT_IND,IND,PIT,1,63,31,32,0.4921,27,24,3,9.063
2024,4,2024_04_PIT_IND,PIT,IND,0,67,30,37,0.4478,24,27,-3,-12.403
2024,4,2024_04_SEA_DET,DET,SEA,1,48,26,22,0.5417,42,29,13,5.812
2024,4,2024_04_SEA_DET,SEA,DET,0,79,19,60,0.2405,29,42,-13,-12.43
2024,4,2024_04_TEN_MIA,MIA,TEN,1,55,30,25,0.5455,12,31,-19,-8.036
2024,4,2024_04_TEN_MIA,TEN,MIA,0,61,40,21,0.6557,31,12,19,4.918
2024,4,2024_04_WAS_ARI,ARI,WAS,1,58,32,26,0.5517,14,42,-28,-12.448
2024,4,2024_04_WAS_ARI,WAS,ARI,0,68,37,31,0.5441,42,14,28,8.294
2024,5,2024_05_ARI_SF,ARI,SF,0,56,25,31,0.4464,24,23,1,-5.625
2024,5,2024_05_ARI_SF,SF,ARI,1,63,26,37,0.4127,23,24,-1,2.524
2024,5,2024_05_BAL_CIN,BAL,CIN,0,76,33,43,0.4342,41,38,3,-2.461
2024,5,2024_05_BAL_CIN,CIN,BAL,1,66,24,42,0.3636,38,41,-3,-0.955
2024,5,2024_05_BUF_HOU,BUF,HOU,0,59,28,31,0.4746,20,23,-3,-6.61
2024,5,2024_05_BUF_HOU,HOU,BUF,1,67,28,39,0.4179,23,20,3,5.627
2024,5,2024_05_CAR_CHI,CAR,CHI,0,58,19,39,0.3276,10,36,-26,-14.948
2024,5,2024_05_CAR_CHI,CHI,CAR,1,67,36,31,0.5373,36,10,26,9.716
2024,5,2024_05_CLE_WAS,CLE,WAS,0,59,23,36,0.3898,13,34,-21,-16.458
2024,5,2024_05_CLE_WAS,WAS,CLE,1,65,34,31,0.5231,34,13,21,11.262
2024,5,2024_05_DAL_PIT,DAL,PIT,0,75,31,44,0.4133,20,17,3,-1.507
2024,5,2024_05_DAL_PIT,PIT,DAL,1,57,26,31,0.4561,17,20,-3,-2.088
2024,5,2024_05_GB_LA,GB,LA,0,56,28,28,0.5,24,19,5,3.018
2024,5,2024_05_GB_LA,LA,GB,1,77,29,48,0.3766,19,24,-5,-5.532
2024,5,2024_05_IND_JAX,IND,JAX,0,68,19,49,0.2794,34,37,-3,-4.309
2024,5,2024_05_IND_JAX,JAX,IND,1,57,23,34,0.4035,37,34,3,-1.316
2024,5,2024_05_LV_DEN,DEN,LV,1,54,25,29,0.463,34,18,16,3.037
2024,5,2024_05_LV_DEN,LV,DEN,0,66,26,40,0.3939,18,34,-16,-6.167
2024,5,2024_05_MIA_NE,MIA,NE,0,76,41,35,0.5395,15,10,5,-2.382
2024,5,2024_05_MIA_NE,NE,MIA,1,54,19,35,0.3519,10,15,-5,0.537
2024,5,2024_05_NO_KC,KC,NO,1,77,36,41,0.4675,26,13,13,5.857
2024,5,2024_05_NO_KC,NO,KC,0,51,15,36,0.2941,13,26,-13,-8.49
2024,5,2024_05_NYG_SEA,NYG,SEA,0,70,33,37,0.4714,29,20,9,1.086
2024,5,2024_05_NYG_SEA,SEA,NYG,1,58,11,47,0.1897,20,29,-9,-5.172
2024,5,2024_05_NYJ_MIN,MIN,NYJ,1,64,28,36,0.4375,23,17,6,6.906
2024,5,2024_05_NYJ_MIN,NYJ,MIN,0,71,14,57,0.1972,17,23,-6,-9.183
2024,5,2024_05_TB_ATL,ATL,TB,1,79,18,61,0.2278,36,30,6,-3.734
2024,5,2024_05_TB_ATL,TB,ATL,0,50,25,25,0.5,30,36,-6,0.16
2024,6,2024_06_ARI_GB,ARI,GB,0,55,23,32,0.4182,13,34,-21,-16.273
2024,6,2024_06_ARI_GB,GB,ARI,1,68,36,32,0.5294,34,13,21,12.279
2024,6,2024_06_ATL_CAR,ATL,CAR,0,65,35,30,0.5385,38,20,18,2.631
2024,6,2024_06_ATL_CAR,CAR,ATL,1,62,24,38,0.3871,20,38,-18,-6.032
2024,6,2024_06_BUF_NYJ,BUF,NYJ,0,57,30,27,0.5263,23,20,3,-0.158
2024,6,2024_06_BUF_NYJ,NYJ,BUF,1,59,21,38,0.3559,20,23,-3,-1.831
2024,6,2024_06_CIN_NYG,CIN,NYG,0,50,18,32,0.36,17,7,10,3.96
2024,6,2024_06_CIN_NYG,NYG,CIN,1,71,30,41,0.4225,7,17,-10,-6.085
2024,6,2024_06_CLE_PHI,CLE,PHI,0,53,25,28,0.4717,16,20,-4,-3.547
2024,6,2024_06_CLE_PHI,PHI,CLE,1,58,32,26,0.5517,20,16,4,1.603
2024,6,2024_06_DET_DAL,DAL,DET,1,65,17,48,0.2615,9,47,-38,-21.708
2024,6,2024_06_DET_DAL,DET,DAL,0,64,34,30,0.5312,47,9,38,18.078
2024,6,2024_06_HOU_NE,HOU,NE,0,61,27,34,0.4426,41,21,20,10.59
2024,6,2024_06_HOU_NE,NE,HOU,1,63,26,37,0.4127,21,41,-20,-16.333
2024,6,2024_06_IND_TEN,IND,TEN,0,66,28,38,0.4242,20,17,3,-2.121
2024,6,2024_06_IND_TEN,TEN,IND,1,55,28,27,0.5091,17,20,-3,-0.927
2024,6,2024_06_JAX_CHI,CHI,JAX,1,58,26,32,0.4483,35,16,19,7.172
2024,6,2024_06_JAX_CHI,JAX,CHI,0,60,19,41,0.3167,16,35,-19,-12.883
2024,6,2024_06_LAC_DEN,DEN,LAC,1,54,18,36,0.3333,16,23,-7,-14.722
2024,6,2024_06_LAC_DEN,LAC,DEN,0,72,35,37,0.4861,23,16,7,11.778
2024,6,2024_06_PIT_LV,LV,PIT,1,61,19,42,0.3115,13,32,-19,-9.541
2024,6,2024_06_PIT_LV,PIT,LV,0,61,33,28,0.541,32,13,19,4.377
2024,6,2024_06_SF_SEA,SEA,SF,1,72,20,52,0.2778,24,36,-12,-9.903
2024,6,2024_06_SF_SEA,SF,SEA,0,61,33,28,0.541,36,24,12,7.852
2024,6,2024_06_TB_NO,NO,TB,1,66,21,45,0.3182,27,51,-24,-8.879
2024,6,2024_06_TB_NO,TB,NO,0,73,35,38,0.4795,51,27,24,4.493
2024,6,2024_06_WAS_BAL,BAL,WAS,1,63,35,28,0.5556,30,23,7,2.349
2024,6,2024_06_WAS_BAL,WAS,BAL,0,56,18,38,0.3214,23,30,-7,-7.0
2024,7,2024_07_BAL_TB,BAL,TB,0,54,30,24,0.5556,41,31,10,6.537
2024,7,2024_07_BAL_TB,TB,BAL,1,79,29,50,0.3671,31,41,-10,-8.962
2024,7,2024_07_CAR_WAS,CAR,WAS,0,42,22,20,0.5238,7,40,-33,-19.143
2024,7,2024_07_CAR_WAS,WAS,CAR,1,61,35,26,0.5738,40,7,33,21.967
2024,7,2024_07_CIN_CLE,CIN,CLE,0,50,22,28,0.44,21,14,7,8.42
2024,7,2024_07_CIN_CLE,CLE,CIN,1,77,20,57,0.2597,14,21,-7,-9.195
2024,7,2024_07_DEN_NO,DEN,NO,0,59,33,26,0.5593,33,10,23,8.593
2024,7,2024_07_DEN_NO,NO,DEN,1,65,20,45,0.3077,10,33,-23,-18.123
2024,7,2024_07_DET_MIN,DET,MIN,0,54,25,29,0.463,31,29,2,0.111
2024,7,2024_07_DET_MIN,MIN,DET,1,53,21,32,0.3962,29,31,-2,-3.377
2024,7,2024_07_HOU_GB,GB,HOU,1,56,20,36,0.3571,24,22,2,-2.0
2024,7,2024_07_HOU_GB,HOU,GB,0,58,33,25,0.569,22,24,-2,-1.172
2024,7,2024_07_KC_SF,KC,SF,0,66,37,29,0.5606,28,18,10,3.424
2024,7,2024_07_KC_SF,SF,KC,1,57,24,33,0.4211,18,28,-10,-7.596
2024,7,2024_07_LAC_ARI,ARI,LAC,1,53,27,26,0.5094,17,15,2,-0.038
2024,7,2024_07_LAC_ARI,LAC,ARI,0,63,22,41,0.3492,15,17,-2,-1.73
2024,7,2024_07_LV_LA,LA,LV,1,50,26,24,0.52,20,15,5,3.38
2024,7,2024_07_LV_LA,LV,LA,0,75,29,46,0.3867,15,20,-5,-5.467
2024,7,2024_07_MIA_IND,IND,MIA,1,60,36,24,0.6,16,10,6,-3.133
2024,7,2024_07_MIA_IND,MIA,IND,0,67,40,27,0.597,10,16,-6,1.985
2024,7,2024_07_NE_JAX,JAX,NE,1,60,39,21,0.65,32,16,16,6.25
2024,7,2024_07_NE_JAX,NE,JAX,0,55,15,40,0.2727,16,32,-16,-5.273
2024,7,2024_07_NYJ_PIT,NYJ,PIT,0,56,15,41,0.2679,15,37,-22,-3.429
2024,7,2024_07_NYJ_PIT,PIT,NYJ,1,66,36,30,0.5455,37,15,22,2.197
2024,7,2024_07_PHI_NYG,NYG,PHI,1,54,18,36,0.3333,3,28,-25,-12.074
2024,7,2024_07_PHI_NYG,PHI,NYG,0,64,44,20,0.6875,28,3,25,11.047
2024,7,2024_07_SEA_ATL,ATL,SEA,1,70,31,39,0.4429,14,34,-20,-10.414
2024,7,2024_07_SEA_ATL,SEA,ATL,0,56,26,30,0.4643,34,14,20,5.5
2024,7,2024_07_TEN_BUF,BUF,TEN,1,54,20,34,0.3704,34,10,24,3.778
2024,7,2024_07_TEN_BUF,TEN,BUF,0,66,24,42,0.3636,10,34,-24,-4.242
2024,8,2024_08_ARI_MIA,ARI,MIA,0,62,26,36,0.4194,28,27,1,-6.129
2024,8,2024_08_ARI_MIA,MIA,ARI,1,64,25,39,0.3906,27,28,-1,3.172
2024,8,2024_08_ATL_TB,ATL,TB,0,60,29,31,0.4833,31,26,5,3.217
2024,8,2024_08_ATL_TB,TB,ATL,1,70,21,49,0.3,26,31,-5,-6.486
2024,8,2024_08_BAL_CLE,BAL,CLE,0,60,21,39,0.35,24,29,-5,-2.85
2024,8,2024_08_BAL_CLE,CLE,BAL,1,67,23,44,0.3433,29,24,5,-0.239
2024,8,2024_08_BUF_SEA,BUF,SEA,0,66,31,35,0.4697,31,10,21,9.152
2024,8,2024_08_BUF_SEA,SEA,BUF,1,46,16,30,0.3478,10,31,-21,-14.043
2024,8,2024_08_CAR_DEN,CAR,DEN,0,60,20,40,0.3333,14,28,-14,-12.367
2024,8,2024_08_CAR_DEN,DEN,CAR,1,71,30,41,0.4225,28,14,14,8.38
2024,8,2024_08_CHI_WAS,CHI,WAS,0,61,33,28,0.541,15,18,-3,-6.262
2024,8,2024_08_CHI_WAS,WAS,CHI,1,72,32,40,0.4444,18,15,3,5.236
2024,8,2024_08_DAL_SF,DAL,SF,0,58,18,40,0.3103,24,30,-6,-5.931
2024,8,2024_08_DAL_SF,SF,DAL,1,63,35,28,0.5556,30,24,6,2.54
2024,8,2024_08_GB_JAX,GB,JAX,0,64,36,28,0.5625,30,27,3,2.016
2024,8,2024_08_GB_JAX,JAX,GB,1,56,23,33,0.4107,27,30,-3,-5.625
2024,8,2024_08_IND_HOU,HOU,IND,1,68,29,39,0.4265,23,20,3,1.044
2024,8,2024_08_IND_HOU,IND,HOU,0,61,25,36,0.4098,20,23,-3,-4.656
2024,8,2024_08_KC_LV,KC,LV,0,64,26,38,0.4062,27,20,7,2.219
2024,8,2024_08_KC_LV,LV,KC,1,53,20,33,0.3774,20,27,-7,-6.868
2024,8,2024_08_MIN_LA,LA,MIN,1,63,29,34,0.4603,30,20,10,-1.571
2024,8,2024_08_MIN_LA,MIN,LA,0,49,21,28,0.4286,20,30,-10,-1.633
2024,8,2024_08_NO_LAC,LAC,NO,1,63,28,35,0.4444,26,8,18,3.698
2024,8,2024_08_NO_LAC,NO,LAC,0,68,21,47,0.3088,8,26,-18,-7.632
2024,8,2024_08_NYG_PIT,NYG,PIT,0,68,25,43,0.3676,18,26,-8,-5.353
2024,8,2024_08_NYG_PIT,PIT,NYG,1,61,30,31,0.4918,26,18,8,3.131
2024,8,2024_08_NYJ_NE,NE,NYJ,1,64,31,33,0.4844,25,22,3,-2.562
2024,8,2024_08_NYJ_NE,NYJ,NE,0,58,28,30,0.4828,22,25,-3,0.276
2024,8,2024_08_PHI_CIN,CIN,PHI,1,57,19,38,0.3333,17,37,-20,-2.649
2024,8,2024_08_PHI_CIN,PHI,CIN,0,59,39,20,0.661,37,17,20,0.508
2024,8,2024_08_TEN_DET,DET,TEN,1,47,24,23,0.5106,52,14,38,19.149
2024,8,2024_08_TEN_DET,TEN,DET,0,71,32,39,0.4507,14,52,-38,-22.606
2024,9,2024_09_CHI_ARI,ARI,CHI,1,57,34,23,0.5965,29,9,20,8.053
2024,9,2024_09_CHI_ARI,CHI,ARI,0,69,22,47,0.3188,9,29,-20,-10.435
2024,9,2024_09_DAL_ATL,ATL,DAL,1,54,27,27,0.5,27,21,6,5.389
2024,9,2024_09_DAL_ATL,DAL,ATL,0,74,21,53,0.2838,21,27,-6,-9.5
2024,9,2024_09_DEN_BAL,BAL,DEN,1,53,33,20,0.6226,41,10,31,13.094
2024,9,2024_09_DEN_BAL,DEN,BAL,0,67,29,38,0.4328,10,41,-31,-15.313
2024,9,2024_09_DET_GB,DET,GB,0,52,29,23,0.5577,24,14,10,7.962
2024,9,2024_09_DET_GB,GB,DET,1,63,23,40,0.3651,14,24,-10,-11.556
2024,9,2024_09_HOU_NYJ,HOU,NYJ,0,74,35,39,0.473,13,21,-8,-2.108
2024,9,2024_09_HOU_NYJ,NYJ,HOU,1,54,20,34,0.3704,21,13,8,-2.407
2024,9,2024_09_IND_MIN,IND,MIN,0,48,18,30,0.375,13,21,-8,-2.333
2024,9,2024_09_IND_MIN,MIN,IND,1,70,31,39,0.4429,21,13,8,-1.5
2024,9,2024_09_JAX_PHI,JAX,PHI,0,52,17,35,0.3269,23,28,-5,-11.615
2024,9,2024_09_JAX_PHI,PHI,JAX,1,73,45,28,0.6164,28,23,5,7.836
2024,9,2024_09_LAC_CLE,CLE,LAC,1,76,24,52,0.3158,10,27,-17,-14.605
2024,9,2024_09_LAC_CLE,LAC,CLE,0,54,21,33,0.3889,27,10,17,11.37
2024,9,2024_09_LA_SEA,LA,SEA,0,68,24,44,0.3529,26,20,6,-1.309
2024,9,2024_09_LA_SEA,SEA,LA,1,73,32,41,0.4384,20,26,-6,-1.945
2024,9,2024_09_LV_CIN,CIN,LV,1,69,29,40,0.4203,41,24,17,7.406
2024,9,2024_09_LV_CIN,LV,CIN,0,59,21,38,0.3559,24,41,-17,-10.576
2024,9,2024_09_MIA_BUF,BUF,MIA,1,59,19,40,0.322,30,27,3,-2.0
2024,9,2024_09_MIA_BUF,MIA,BUF,0,59,30,29,0.5085,27,30,-3,-2.898
2024,9,2024_09_NE_TEN,NE,TEN,0,64,20,44,0.3125,17,20,-3,-5.078
2024,9,2024_09_NE_TEN,TEN,NE,1,73,39,34,0.5342,20,17,3,1.767
2024,9,2024_09_NO_CAR,CAR,NO,1,49,21,28,0.4286,23,22,1,-4.347
2024,9,2024_09_NO_CAR,NO,CAR,0,75,41,34,0.5467,22,23,-1,0.733
2024,9,2024_09_TB_KC,KC,TB,1,83,35,48,0.4217,30,24,6,-1.108
2024,9,2024_09_TB_KC,TB,KC,0,52,19,33,0.3654,24,30,-6,-2.596
2024,9,2024_09_WAS_NYG,NYG,WAS,1,61,31,30,0.5082,22,27,-5,-9.311
2024,9,2024_09_WAS_NYG,WAS,NYG,0,57,35,22,0.614,27,22,5,5.877
2024,10,2024_10_ATL_NO,ATL,NO,0,73,32,41,0.4384,17,20,-3,-5.986
2024,10,2024_10_ATL_NO,NO,ATL,1,51,26,25,0.5098,20,17,3,2.451
2024,10,2024_10_BUF_IND,BUF,IND,0,69,30,39,0.4348,30,20,10,5.594
2024,10,2024_10_BUF_IND,IND,BUF,1,61,22,39,0.3607,20,30,-10,-8.311
2024,10,2024_10_CIN_BAL,BAL,CIN,1,58,25,33,0.431,35,34,1,-5.345
2024,10,2024_10_CIN_BAL,CIN,BAL,0,76,16,60,0.2105,34,35,-1,1.934
2024,10,2024_10_DEN_KC,DEN,KC,0,55,23,32,0.4182,14,16,-2,0.855
2024,10,2024_10_DEN_KC,KC,DEN,1,65,19,46,0.2923,16,14,2,-4.169
2024,10,2024_10_DET_HOU,DET,HOU,0,63,33,30,0.5238,26,23,3,-8.238
2024,10,2024_10_DET_HOU,HOU,DET,1,65,28,37,0.4308,23,26,-3,6.154
2024,10,2024_10_MIA_LA,LA,MIA,1,67,18,49,0.2687,15,23,-8,-8.806
2024,10,2024_10_MIA_LA,MIA,LA,0,52,21,31,0.4038,23,15,8,6.654
2024,10,2024_10_MIN_JAX,JAX,MIN,1,43,18,25,0.4186,7,12,-5,0.302
2024,10,2024_10_MIN_JAX,MIN,JAX,0,80,41,39,0.5125,12,7,5,-1.912
2024,10,2024_10_NE_CHI,CHI,NE,1,59,20,39,0.339,3,19,-16,-7.763
2024,10,2024_10_NE_CHI,NE,CHI,0,60,34,26,0.5667,19,3,16,5.567
2024,10,2024_10_NYG_CAR,CAR,NYG,1,58,32,26,0.5517,20,17,3,4.707
2024,10,2024_10_NYG_CAR,NYG,CAR,0,71,33,38,0.4648,17,20,-3,-7.549
2024,10,2024_10_NYJ_ARI,ARI,NYJ,1,56,31,25,0.5536,31,6,25,13.054
2024,10,2024_10_NYJ_ARI,NYJ,ARI,0,55,17,38,0.3091,6,31,-25,-17.109
2024,10,2024_10_PHI_DAL,DAL,PHI,1,56,24,32,0.4286,6,34,-28,-11.429
2024,10,2024_10_PHI_DAL,PHI,DAL,0,64,37,27,0.5781,34,6,28,10.828
2024,10,2024_10_PIT_WAS,PIT,WAS,0,72,40,32,0.5556,28,27,1,-2.569
2024,10,2024_10_PIT_WAS,WAS,PIT,1,59,22,37,0.3729,27,28,-1,-1.0
2024,10,2024_10_SF_TB,SF,TB,0,59,21,38,0.3559,23,20,3,1.542
2024,10,2024_10_SF_TB,TB,SF,1,58,27,31,0.4655,20,23,-3,-4.741
2024,10,2024_10_TEN_LAC,LAC,TEN,1,55,37,18,0.6727,27,17,10,2.8
2024,10,2024_10_TEN_LAC,TEN,LAC,0,51,21,30,0.4118,17,27,-10,-7.314
2024,11,2024_11_ATL_DEN,ATL,DEN,0,55,21,34,0.3818,6,38,-32,-17.255
2024,11,2024_11_ATL_DEN,DEN,ATL,1,60,26,34,0.4333,38,6,32,12.3
2024,11,2024_11_BAL_PIT,BAL,PIT,0,54,18,36,0.3333,16,18,-2,-4.685
2024,11,2024_11_BAL_PIT,PIT,BAL,1,72,32,40,0.4444,18,16,2,2.736
2024,11,2024_11_CIN_LAC,CIN,LAC,0,78,25,53,0.3205,27,34,-7,-6.667
2024,11,2024_11_CIN_LAC,LAC,CIN,1,62,25,37,0.4032,34,27,7,7.129
2024,11,2024_11_CLE_NO,CLE,NO,0,71,20,51,0.2817,14,35,-21,-7.423
2024,11,2024_11_CLE_NO,NO,CLE,1,56,26,30,0.4643,35,14,21,4.571
2024,11,2024_11_GB_CHI,CHI,GB,1,69,34,35,0.4928,19,20,-1,-0.957
2024,11,2024_11_GB_CHI,GB,CHI,0,43,25,18,0.5814,20,19,1,-0.512
2024,11,2024_11_HOU_DAL,DAL,HOU,1,79,18,61,0.2278,10,34,-24,-11.722
2024,11,2024_11_HOU_DAL,HOU,DAL,0,60,25,35,0.4167,34,10,24,8.267
2024,11,2024_11_IND_NYJ,IND,NYJ,0,69,36,33,0.5217,28,27,1,1.391
2024,11,2024_11_IND_NYJ,NYJ,IND,1,52,20,32,0.3846,27,28,-1,-3.558
2024,11,2024_11_JAX_DET,DET,JAX,1,74,41,33,0.5541,52,6,46,21.473
2024,11,2024_11_JAX_DET,JAX,DET,0,47,17,30,0.3617,6,52,-46,-23.362
2024,11,2024_11_KC_BUF,BUF,KC,1,69,29,40,0.4203,30,21,9,1.478
2024,11,2024_11_KC_BUF,KC,BUF,0,52,17,35,0.3269,21,30,-9,-5.942
2024,11,2024_11_LA_NE,LA,NE,0,48,21,27,0.4375,28,22,6,1.708
2024,11,2024_11_LA_NE,NE,LA,1,72,30,42,0.4167,22,28,-6,-5.431
2024,11,2024_11_LV_MIA,LV,MIA,0,63,17,46,0.2698,19,34,-15,-9.444
2024,11,2024_11_LV_MIA,MIA,LV,1,63,26,37,0.4127,34,19,15,3.714
2024,11,2024_11_MIN_TEN,MIN,TEN,0,66,32,34,0.4848,23,13,10,7.439
2024,11,2024_11_MIN_TEN,TEN,MIN,1,55,19,36,0.3455,13,23,-10,-7.582
2024,11,2024_11_SEA_SF,SEA,SF,0,59,23,36,0.3898,20,17,3,-3.0
2024,11,2024_11_SEA_SF,SF,SEA,1,57,27,30,0.4737,17,20,-3,-0.579
2024,11,2024_11_WAS_PHI,PHI,WAS,1,69,39,30,0.5652,26,18,8,-3.783
2024,11,2024_11_WAS_PHI,WAS,PHI,0,64,28,36,0.4375,18,26,-8,-1.688
2024,12,2024_12_ARI_SEA,ARI,SEA,0,56,14,42,0.25,6,16,-10,-4.375
2024,12,2024_12_ARI_SEA,SEA,ARI,1,59,23,36,0.3898,16,6,10,3.186
2024,12,2024_12_BAL_LAC,BAL,LAC,0,59,35,24,0.5932,30,23,7,0.102
2024,12,2024_12_BAL_LAC,LAC,BAL,1,60,20,40,0.3333,23,30,-7,-2.367
2024,12,2024_12_DAL_WAS,DAL,WAS,0,61,28,33,0.459,34,26,8,-1.115
2024,12,2024_12_DAL_WAS,WAS,DAL,1,67,26,41,0.3881,26,34,-8,-1.612
2024,12,2024_12_DEN_LV,DEN,LV,0,65,22,43,0.3385,29,19,10,0.631
2024,12,2024_12_DEN_LV,LV,DEN,1,73,16,57,0.2192,19,29,-10,-3.849
2024,12,2024_12_DET_IND,DET,IND,0,71,32,39,0.4507,24,6,18,6.859
2024,12,2024_12_DET_IND,IND,DET,1,48,20,28,0.4167,6,24,-18,-7.0
2024,12,2024_12_KC_CAR,CAR,KC,1,59,22,37,0.3729,27,30,-3,-9.593
2024,12,2024_12_KC_CAR,KC,CAR,0,68,26,42,0.3824,30,27,3,4.794
2024,12,2024_12_MIN_CHI,CHI,MIN,1,74,22,52,0.2973,27,30,-3,-5.757
2024,12,2024_12_MIN_CHI,MIN,CHI,0,65,27,38,0.4154,30,27,3,4.169
2024,12,2024_12_NE_MIA,MIA,NE,1,63,21,42,0.3333,34,15,19,13.857
2024,12,2024_12_NE_MIA,NE,MIA,0,63,20,43,0.3175,15,34,-19,-17.048
2024,12,2024_12_PHI_LA,LA,PHI,1,60,18,42,0.3,20,37,-17,-10.3
2024,12,2024_12_PHI_LA,PHI,LA,0,66,43,23,0.6515,37,20,17,3.742
2024,12,2024_12_PIT_CLE,CLE,PIT,1,57,27,30,0.4737,24,19,5,1.351
2024,12,2024_12_PIT_CLE,PIT,CLE,0,68,34,34,0.5,19,24,-5,-4.221
2024,12,2024_12_SF_GB,GB,SF,1,67,42,25,0.6269,38,10,28,11.06
2024,12,2024_12_SF_GB,SF,GB,0,46,15,31,0.3261,10,38,-28,-15.174
2024,12,2024_12_TB_NYG,NYG,TB,1,55,19,36,0.3455,7,30,-23,-20.964
2024,12,2024_12_TB_NYG,TB,NYG,0,62,32,30,0.5161,30,7,23,13.145
2024,12,2024_12_TEN_HOU,HOU,TEN,1,54,17,37,0.3148,27,32,-5,-3.185
2024,12,2024_12_TEN_HOU,TEN,HOU,0,64,31,33,0.4844,32,27,5,0.859
2024,13,2024_13_ARI_MIN,ARI,MIN,0,76,31,45,0.4079,22,23,-1,1.605
2024,13,2024_13_ARI_MIN,MIN,ARI,1,50,14,36,0.28,23,22,1,-5.1
2024,13,2024_13_CHI_DET,CHI,DET,0,59,15,44,0.2542,20,23,-3,-11.017
2024,13,2024_13_CHI_DET,DET,CHI,1,69,33,36,0.4783,23,20,3,7.275
2024,13,2024_13_CLE_DEN,CLE,DEN,0,85,23,62,0.2706,32,41,-9,-4.682
2024,13,2024_13_CLE_DEN,DEN,CLE,1,59,24,35,0.4068,41,32,9,0.492
2024,13,2024_13_HOU_JAX,HOU,JAX,0,58,22,36,0.3793,23,20,3,3.448
2024,13,2024_13_HOU_JAX,JAX,HOU,1,69,25,44,0.3623,20,23,-3,-7.565
2024,13,2024_13_IND_NE,IND,NE,0,58,34,24,0.5862,25,24,1,-3.672
2024,13,2024_13_IND_NE,NE,IND,1,66,31,35,0.4697,24,25,-1,-0.788
2024,13,2024_13_LAC_ATL,ATL,LAC,1,77,37,40,0.4805,13,17,-4,-1.727
2024,13,2024_13_LAC_ATL,LAC,ATL,0,44,14,30,0.3182,17,13,4,-0.568
2024,13,2024_13_LA_NO,LA,NO,0,53,27,26,0.5094,21,14,7,-2.226
2024,13,2024_13_LA_NO,NO,LA,1,69,31,38,0.4493,14,21,-7,-1.0
2024,13,2024_13_LV_KC,KC,LV,1,65,15,50,0.2308,19,17,2,2.615
2024,13,2024_13_LV_KC,LV,KC,0,62,25,37,0.4032,17,19,-2,-4.468
2024,13,2024_13_MIA_GB,GB,MIA,1,53,25,28,0.4717,30,17,13,11.811
2024,13,2024_13_MIA_GB,MIA,GB,0,67,14,53,0.209,17,30,-13,-16.104
2024,13,2024_13_NYG_DAL,DAL,NYG,1,66,30,36,0.4545,27,20,7,4.606
2024,13,2024_13_NYG_DAL,NYG,DAL,0,59,21,38,0.3559,20,27,-7,-7.983
2024,13,2024_13_PHI_BAL,BAL,PHI,1,71,32,39,0.4507,19,24,-5,-1.944
2024,13,2024_13_PHI_BAL,PHI,BAL,0,52,31,21,0.5962,24,19,5,-0.538
2024,13,2024_13_PIT_CIN,CIN,PIT,1,57,15,42,0.2632,38,44,-6,-5.947
2024,13,2024_13_PIT_CIN,PIT,CIN,0,64,24,40,0.375,44,38,6,1.078
2024,13,2024_13_SEA_NYJ,NYJ,SEA,1,62,21,41,0.3387,21,26,-5,2.871
2024,13,2024_13_SEA_NYJ,SEA,NYJ,0,56,22,34,0.3929,26,21,5,-5.536
2024,13,2024_13_SF_BUF,BUF,SF,1,53,35,18,0.6604,35,10,25,11.83
2024,13,2024_13_SF_BUF,SF,BUF,0,46,27,19,0.587,10,35,-25,-12.739
2024,13,2024_13_TB_CAR,CAR,TB,1,68,21,47,0.3088,23,26,-3,-1.235
2024,13,2024_13_TB_CAR,TB,CAR,0,76,38,38,0.5,26,23,3,-1.434
2024,13,2024_13_TEN_WAS,TEN,WAS,0,51,11,40,0.2157,19,42,-23,-19.667
2024,13,2024_13_TEN_WAS,WAS,TEN,1,76,44,32,0.5789,42,19,23,17.566
2024,14,2024_14_ATL_MIN,ATL,MIN,0,71,33,38,0.4648,21,42,-21,-5.296
2024,14,2024_14_ATL_MIN,MIN,ATL,1,53,21,32,0.3962,42,21,21,2.264
2024,14,2024_14_BUF_LA,BUF,LA,0,54,17,37,0.3148,42,44,-2,-10.259
2024,14,2024_14_BUF_LA,LA,BUF,1,72,42,30,0.5833,44,42,2,4.514
2024,14,2024_14_CAR_PHI,CAR,PHI,0,68,33,35,0.4853,16,22,-6,-3.426
2024,14,2024_14_CAR_PHI,PHI,CAR,1,56,31,25,0.5536,22,16,6,0.357
2024,14,2024_14_CHI_SF,CHI,SF,0,53,21,32,0.3962,13,38,-25,-20.151
2024,14,2024_14_CHI_SF,SF,CHI,1,60,33,27,0.55,38,13,25,14.433
2024,14,2024_14_CIN_DAL,CIN,DAL,0,63,17,46,0.2698,27,20,7,-1.508
2024,14,2024_14_CIN_DAL,DAL,CIN,1,59,25,34,0.4237,20,27,-7,-2.102
2024,14,2024_14_CLE_PIT,CLE,PIT,0,69,25,44,0.3623,14,27,-13,-9.681
2024,14,2024_14_CLE_PIT,PIT,CLE,1,60,33,27,0.55,27,14,13,5.033
2024,14,2024_14_GB_DET,DET,GB,1,76,34,42,0.4474,34,31,3,0.789
2024,14,2024_14_GB_DET,GB,DET,0,44,23,21,0.5227,31,34,-3,-6.455
2024,14,2024_14_JAX_TEN,JAX,TEN,0,57,25,32,0.4386,10,6,4,-3.316
2024,14,2024_14_JAX_TEN,TEN,JAX,1,62,28,34,0.4516,6,10,-4,0.823
2024,14,2024_14_LAC_KC,KC,LAC,1,63,23,40,0.3651,19,17,2,1.841
2024,14,2024_14_LAC_KC,LAC,KC,0,57,24,33,0.4211,17,19,-2,-6.456
2024,14,2024_14_LV_TB,LV,TB,0,63,24,39,0.381,13,28,-15,-9.19
2024,14,2024_14_LV_TB,TB,LV,1,59,26,33,0.4407,28,13,15,5.627
2024,14,2024_14_NO_NYG,NO,NYG,0,65,32,33,0.4923,14,11,3,3.585
2024,14,2024_14_NO_NYG,NYG,NO,1,74,23,51,0.3108,11,14,-3,-5.716
2024,14,2024_14_NYJ_MIA,MIA,NYJ,1,66,19,47,0.2879,32,26,6,-1.818
2024,14,2024_14_NYJ_MIA,NYJ,MIA,0,63,21,42,0.3333,26,32,-6,-0.651
2024,14,2024_14_SEA_ARI,ARI,SEA,1,63,23,40,0.3651,18,30,-12,-10.095
2024,14,2024_14_SEA_ARI,SEA,ARI,0,61,31,30,0.5082,30,18,12,6.246
2024,15,2024_15_ATL_LV,ATL,LV,0,57,37,20,0.6491,15,9,6,6.053
2024,15,2024_15_ATL_LV,LV,ATL,1,64,22,42,0.3438,9,15,-6,-6.625
2024,15,2024_15_BAL_NYG,BAL,NYG,0,58,30,28,0.5172,35,14,21,11.103
2024,15,2024_15_BAL_NYG,NYG,BAL,1,59,19,40,0.322,14,35,-21,-15.661
2024,15,2024_15_BUF_DET,BUF,DET,0,67,33,34,0.4925,48,42,6,8.701
2024,15,2024_15_BUF_DET,DET,BUF,1,75,15,60,0.2,42,48,-6,-13.333
2024,15,2024_15_CHI_MIN,CHI,MIN,0,63,28,35,0.4444,12,30,-18,-12.127
2024,15,2024_15_CHI_MIN,MIN,CHI,1,71,29,42,0.4085,30,12,18,10.93
2024,15,2024_15_CIN_TEN,CIN,TEN,0,63,26,37,0.4127,37,27,10,2.587
2024,15,2024_15_CIN_TEN,TEN,CIN,1,64,26,38,0.4062,27,37,-10,-8.844
2024,15,2024_15_DAL_CAR,CAR,DAL,1,50,16,34,0.32,14,30,-16,-9.9
2024,15,2024_15_DAL_CAR,DAL,CAR,0,68,39,29,0.5735,30,14,16,8.162
2024,15,2024_15_GB_SEA,GB,SEA,0,61,34,27,0.5574,30,13,17,10.131
2024,15,2024_15_GB_SEA,SEA,GB,1,56,16,40,0.2857,13,30,-17,-14.696
2024,15,2024_15_IND_DEN,DEN,IND,1,58,24,34,0.4138,31,13,18,-3.31
2024,15,2024_15_IND_DEN,IND,DEN,0,72,32,40,0.4444,13,31,-18,-1.014
2024,15,2024_15_KC_CLE,CLE,KC,1,59,20,39,0.339,7,21,-14,-12.814
2024,15,2024_15_KC_CLE,KC,CLE,0,73,33,40,0.4521,21,7,14,11.411
2024,15,2024_15_LA_SF,LA,SF,0,65,38,27,0.5846,12,6,6,-1.338
2024,15,2024_15_LA_SF,SF,LA,1,53,19,34,0.3585,6,12,-6,0.509
2024,15,2024_15_MIA_HOU,HOU,MIA,1,46,16,30,0.3478,20,12,8,4.543
2024,15,2024_15_MIA_HOU,MIA,HOU,0,62,19,43,0.3065,12,20,-8,-6.5
2024,15,2024_15_NE_ARI,ARI,NE,1,63,31,32,0.4921,30,17,13,9.349
2024,15,2024_15_NE_ARI,NE,ARI,0,49,24,25,0.4898,17,30,-13,-11.592
2024,15,2024_15_NYJ_JAX,JAX,NYJ,1,78,29,49,0.3718,25,32,-7,0.179
2024,15,2024_15_NYJ_JAX,NYJ,JAX,0,54,22,32,0.4074,32,25,7,-3.426
2024,15,2024_15_PIT_PHI,PHI,PIT,1,74,39,35,0.527,27,13,14,6.716
2024,15,2024_15_PIT_PHI,PIT,PHI,0,41,17,24,0.4146,13,27,-14,-8.683
2024,15,2024_15_TB_LAC,LAC,TB,1,48,11,37,0.2292,17,40,-23,-5.917
2024,15,2024_15_TB_LAC,TB,LAC,0,67,39,28,0.5821,40,17,23,4.284
2024,15,2024_15_WAS_NO,NO,WAS,1,51,16,35,0.3137,19,20,-1,-10.176
2024,15,2024_15_WAS_NO,WAS,NO,0,74,35,39,0.473,20,19,1,8.189
2024,16,2024_16_ARI_CAR,ARI,CAR,0,64,29,35,0.4531,30,36,-6,-6.734
2024,16,2024_16_ARI_CAR,CAR,ARI,1,64,35,29,0.5469,36,30,6,2.922
2024,16,2024_16_CLE_CIN,CIN,CLE,1,55,21,34,0.3818,24,6,18,9.055
2024,16,2024_16_CLE_CIN,CLE,CIN,0,63,24,39,0.381,6,24,-18,-11.397
2024,16,2024_16_DEN_LAC,DEN,LAC,0,63,21,42,0.3333,27,34,-7,1.73
2024,16,2024_16_DEN_LAC,LAC,DEN,1,60,26,34,0.4333,34,27,7,-5.35
2024,16,2024_16_DET_CHI,CHI,DET,1,59,17,42,0.2881,17,34,-17,-16.237
2024,16,2024_16_DET_CHI,DET,CHI,0,64,31,33,0.4844,34,17,17,11.25
2024,16,2024_16_HOU_KC,HOU,KC,0,58,17,41,0.2931,19,27,-8,-5.276
2024,16,2024_16_HOU_KC,KC,HOU,1,68,26,42,0.3824,27,19,8,2.103
2024,16,2024_16_JAX_LV,JAX,LV,0,61,21,40,0.3443,14,19,-5,-3.508
2024,16,2024_16_JAX_LV,LV,JAX,1,65,24,41,0.3692,19,14,5,1.923
2024,16,2024_16_LA_NYJ,LA,NYJ,0,47,28,19,0.5957,19,9,10,-1.043
2024,16,2024_16_LA_NYJ,NYJ,LA,1,63,20,43,0.3175,9,19,-10,-0.984
2024,16,2024_16_MIN_SEA,MIN,SEA,0,59,21,38,0.3559,27,24,3,2.034
2024,16,2024_16_MIN_SEA,SEA,MIN,1,60,15,45,0.25,24,27,-3,-4.517
2024,16,2024_16_NE_BUF,BUF,NE,1,58,28,30,0.4828,24,21,3,-2.534
2024,16,2024_16_NE_BUF,NE,BUF,0,68,30,38,0.4412,21,24,-3,0.206
2024,16,2024_16_NO_GB,GB,NO,1,67,37,30,0.5522,34,0,34,14.985
2024,16,2024_16_NO_GB,NO,GB,0,53,20,33,0.3774,0,34,-34,-22.17
2024,16,2024_16_NYG_ATL,ATL,NYG,1,63,36,27,0.5714,34,7,27,10.46
2024,16,2024_16_NYG_ATL,NYG,ATL,0,55,13,42,0.2364,7,34,-27,-11.4
2024,16,2024_16_PHI_WAS,PHI,WAS,0,71,39,32,0.5493,33,36,-3,5.831
2024,16,2024_16_PHI_WAS,WAS,PHI,1,64,25,39,0.3906,36,33,3,-9.484
2024,16,2024_16_PIT_BAL,BAL,PIT,1,59,35,24,0.5932,34,17,17,4.39
2024,16,2024_16_PIT_BAL,PIT,BAL,0,59,24,35,0.4068,17,34,-17,-8.085
2024,16,2024_16_SF_MIA,MIA,SF,1,63,29,34,0.4603,29,17,12,1.111
2024,16,2024_16_SF_MIA,SF,MIA,0,59,18,41,0.3051,17,29,-12,-5.186
2024,16,2024_16_TB_DAL,DAL,TB,1,53,17,36,0.3208,26,24,2,5.321
2024,16,2024_16_TB_DAL,TB,DAL,0,70,23,47,0.3286,24,26,-2,-8.914
2024,16,2024_16_TEN_IND,IND,TEN,1,62,50,12,0.8065,38,30,8,8.677
2024,16,2024_16_TEN_IND,TEN,IND,0,58,22,36,0.3793,30,38,-8,-12.672
2024,17,2024_17_ARI_LA,ARI,LA,0,74,22,52,0.2973,9,13,-4,-3.838
2024,17,2024_17_ARI_LA,LA,ARI,1,53,21,32,0.3962,13,9,4,1.755
2024,17,2024_17_ATL_WAS,ATL,WAS,0,60,23,37,0.3833,24,30,-6,-2.0
2024,17,2024_17_ATL_WAS,WAS,ATL,1,76,35,41,0.4605,30,24,6,-2.421
2024,17,2024_17_BAL_HOU,BAL,HOU,0,61,43,18,0.7049,31,2,29,16.262
2024,17,2024_17_BAL_HOU,HOU,BAL,1,54,17,37,0.3148,2,31,-29,-16.907
2024,17,2024_17_CAR_TB,CAR,TB,0,46,13,33,0.2826,14,48,-34,-18.717
2024,17,2024_17_CAR_TB,TB,CAR,1,71,37,34,0.5211,48,14,34,12.366
2024,17,2024_17_DAL_PHI,DAL,PHI,0,60,30,30,0.5,7,41,-34,-14.933
2024,17,2024_17_DAL_PHI,PHI,DAL,1,59,40,19,0.678,41,7,34,12.678
2024,17,2024_17_DEN_CIN,CIN,DEN,1,83,27,56,0.3253,30,24,6,-0.783
2024,17,2024_17_DEN_CIN,DEN,CIN,0,60,27,33,0.45,24,30,-6,-2.867
2024,17,2024_17_DET_SF,DET,SF,0,67,30,37,0.4478,40,34,6,-4.612
2024,17,2024_17_DET_SF,SF,DET,1,59,18,41,0.3051,34,40,-6,-1.949
2024,17,2024_17_GB_MIN,GB,MIN,0,58,24,34,0.4138,25,27,-2,-8.948
2024,17,2024_17_GB_MIN,MIN,GB,1,67,23,44,0.3433,27,25,2,6.0
2024,17,2024_17_IND_NYG,IND,NYG,0,74,33,41,0.4459,33,45,-12,-8.284
2024,17,2024_17_IND_NYG,NYG,IND,1,49,26,23,0.5306,45,33,12,4.449
2024,17,2024_17_KC_PIT,KC,PIT,0,59,20,39,0.339,29,10,19,7.814
2024,17,2024_17_KC_PIT,PIT,KC,1,73,31,42,0.4247,10,29,-19,-12.164
2024,17,2024_17_LAC_NE,LAC,NE,0,77,37,40,0.4805,40,7,33,12.429
2024,17,2024_17_LAC_NE,NE,LAC,1,48,20,28,0.4167,7,40,-33,-20.458
2024,17,2024_17_LV_NO,LV,NO,0,72,36,36,0.5,25,10,15,3.569
2024,17,2024_17_LV_NO,NO,LV,1,53,13,40,0.2453,10,25,-15,-7.453
2024,17,2024_17_MIA_CLE,CLE,MIA,1,76,28,48,0.3684,3,20,-17,-7.263
2024,17,2024_17_MIA_CLE,MIA,CLE,0,55,26,29,0.4727,20,3,17,4.327
2024,17,2024_17_NYJ_BUF,BUF,NYJ,1,60,32,28,0.5333,40,14,26,11.767
2024,17,2024_17_NYJ_BUF,NYJ,BUF,0,59,21,38,0.3559,14,40,-26,-21.542
2024,17,2024_17_SEA_CHI,CHI,SEA,1,58,23,35,0.3966,3,6,-3,-3.0
2024,17,2024_17_SEA_CHI,SEA,CHI,0,50,24,26,0.48,6,3,3,1.98
2024,17,2024_17_TEN_JAX,JAX,TEN,1,56,32,24,0.5714,20,13,7,4.161
2024,17,2024_17_TEN_JAX,TEN,JAX,0,64,30,34,0.4688,13,20,-7,-7.969
2024,18,2024_18_BUF_NE,BUF,NE,0,65,33,32,0.5077,16,23,-7,-4.723
2024,18,2024_18_BUF_NE,NE,BUF,1,58,27,31,0.4655,23,16,7,0.897
2024,18,2024_18_CAR_ATL,ATL,CAR,1,77,38,39,0.4935,38,44,-6,-3.182
2024,18,2024_18_CAR_ATL,CAR,ATL,0,64,29,35,0.4531,44,38,6,-1.094
2024,18,2024_18_CHI_GB,CHI,GB,0,56,26,30,0.4643,24,22,2,1.929
2024,18,2024_18_CHI_GB,GB,CHI,1,62,33,29,0.5323,22,24,-2,-4.129
2024,18,2024_18_CIN_PIT,CIN,PIT,0,70,20,50,0.2857,19,17,2,4.914
2024,18,2024_18_CIN_PIT,PIT,CIN,1,58,23,35,0.3966,17,19,-2,-7.052
2024,18,2024_18_CLE_BAL,BAL,CLE,1,66,35,31,0.5303,35,10,25,11.333
2024,18,2024_18_CLE_BAL,CLE,BAL,0,54,18,36,0.3333,10,35,-25,-13.37
2024,18,2024_18_HOU_TEN,HOU,TEN,0,57,28,29,0.4912,23,14,9,8.947
2024,18,2024_18_HOU_TEN,TEN,HOU,1,61,32,29,0.5246,14,23,-9,-13.18
2024,18,2024_18_JAX_IND,IND,JAX,1,77,34,43,0.4416,26,23,3,2.247
2024,18,2024_18_JAX_IND,JAX,IND,0,66,32,34,0.4848,23,26,-3,-5.515
2024,18,2024_18_KC_DEN,DEN,KC,1,71,42,29,0.5915,38,0,38,19.479
2024,18,2024_18_KC_DEN,KC,DEN,0,33,11,22,0.3333,0,38,-38,-23.818
2024,18,2024_18_LAC_LV,LAC,LV,0,71,34,37,0.4789,34,20,14,2.225
2024,18,2024_18_LAC_LV,LV,LAC,1,47,11,36,0.234,20,34,-14,-8.34
2024,18,2024_18_MIA_NYJ,MIA,NYJ,0,68,23,45,0.3382,20,32,-12,-6.221
2024,18,2024_18_MIA_NYJ,NYJ,MIA,1,63,23,40,0.3651,32,20,12,2.143
2024,18,2024_18_MIN_DET,DET,MIN,1,66,31,35,0.4697,31,9,22,6.03
2024,18,2024_18_MIN_DET,MIN,DET,0,61,18,43,0.2951,9,31,-22,-7.508
2024,18,2024_18_NO_TB,NO,TB,0,63,19,44,0.3016,19,27,-8,1.27
2024,18,2024_18_NO_TB,TB,NO,1,63,30,33,0.4762,27,19,8,-5.111
2024,18,2024_18_NYG_PHI,NYG,PHI,0,54,25,29,0.463,13,20,-7,-7.407
2024,18,2024_18_NYG_PHI,PHI,NYG,1,67,24,43,0.3582,20,13,7,6.358
2024,18,2024_18_SEA_LA,LA,SEA,1,66,21,45,0.3182,25,30,-5,-5.621
2024,18,2024_18_SEA_LA,SEA,LA,0,53,23,30,0.434,30,25,5,2.0
2024,18,2024_18_SF_ARI,ARI,SF,1,63,28,35,0.4444,47,24,23,2.635
2024,18,2024_18_SF_ARI,SF,ARI,0,71,27,44,0.3803,24,47,-23,-6.493
2024,18,2024_18_WAS_DAL,DAL,WAS,1,75,39,36,0.52,19,23,-4,1.427
2024,18,2024_18_WAS_DAL,WAS,DAL,0,54,17,37,0.3148,23,19,4,-3.667
2025,1,2025_01_ARI_NO,ARI,NO,0,61,27,34,0.4426,20,13,7,3.902
2025,1,2025_01_ARI_NO,NO,ARI,1,67,22,45,0.3284,13,20,-7,-6.806
2025,1,2025_01_BAL_BUF,BAL,BUF,0,50,29,21,0.58,40,41,-1,2.78
2025,1,2025_01_BAL_BUF,BUF,BAL,1,77,28,49,0.3636,41,40,1,-9.312
2025,1,2025_01_CAR_JAX,CAR,JAX,0,60,24,36,0.4,10,26,-16,-12.317
2025,1,2025_01_CAR_JAX,JAX,CAR,1,60,30,30,0.5,26,10,16,9.217
2025,1,2025_01_CIN_CLE,CIN,CLE,0,49,23,26,0.4694,17,16,1,0.041
2025,1,2025_01_CIN_CLE,CLE,CIN,1,71,24,47,0.338,16,17,-1,-3.62
2025,1,2025_01_DAL_PHI,DAL,PHI,0,55,22,33,0.4,20,24,-4,-2.255
2025,1,2025_01_DAL_PHI,PHI,DAL,1,59,35,24,0.5932,24,20,4,-1.508
2025,1,2025_01_DET_GB,DET,GB,0,64,21,43,0.3281,13,27,-14,-14.031
2025,1,2025_01_DET_GB,GB,DET,1,46,24,22,0.5217,27,13,14,8.152
2025,1,2025_01_HOU_LA,HOU,LA,0,57,27,30,0.4737,9,14,-5,-1.719
2025,1,2025_01_HOU_LA,LA,HOU,1,55,23,32,0.4182,14,9,5,0.436
2025,1,2025_01_KC_LAC,KC,LAC,0,58,17,41,0.2931,21,27,-6,-7.914
2025,1,2025_01_KC_LAC,LAC,KC,1,59,22,37,0.3729,27,21,6,3.949
2025,1,2025_01_LV_NE,LV,NE,0,60,23,37,0.3833,20,13,7,3.45
2025,1,2025_01_LV_NE,NE,LV,1,68,18,50,0.2647,13,20,-7,-4.176
2025,1,2025_01_MIA_IND,IND,MIA,1,70,40,30,0.5714,33,8,25,13.729
2025,1,2025_01_MIA_IND,MIA,IND,0,47,12,35,0.2553,8,33,-25,-20.66
2025,1,2025_01_MIN_CHI,CHI,MIN,1,63,26,37,0.4127,24,27,-3,3.54
2025,1,2025_01_MIN_CHI,MIN,CHI,0,51,26,25,0.5098,27,24,3,-4.333
2025,1,2025_01_NYG_WAS,NYG,WAS,0,62,23,39,0.371,6,21,-15,-9.694
2025,1,2025_01_NYG_WAS,WAS,NYG,1,62,29,33,0.4677,21,6,15,6.968
2025,1,2025_01_PIT_NYJ,NYJ,PIT,1,64,40,24,0.625,32,34,-2,-0.359
2025,1,2025_01_PIT_NYJ,PIT,NYJ,0,53,19,34,0.3585,34,32,2,-4.642
2025,1,2025_01_SF_SEA,SEA,SF,1,49,26,23,0.5306,13,17,-4,-1.347
2025,1,2025_01_SF_SEA,SF,SEA,0,70,34,36,0.4857,17,13,4,-1.5
2025,1,2025_01_TB_ATL,ATL,TB,1,70,27,43,0.3857,20,23,-3,-1.514
2025,1,2025_01_TB_ATL,TB,ATL,0,55,22,33,0.4,23,20,3,-2.655
2025,1,2025_01_TEN_DEN,DEN,TEN,1,69,28,41,0.4058,20,12,8,0.797
2025,1,2025_01_TEN_DEN,TEN,DEN,0,55,21,34,0.3818,12,20,-8,-1.6
2025,2,2025_02_ATL_MIN,ATL,MIN,0,62,38,24,0.6129,22,6,16,5.129
2025,2,2025_02_ATL_MIN,MIN,ATL,1,46,19,27,0.413,6,22,-16,-6.413
2025,2,2025_02_BUF_NYJ,BUF,NYJ,0,67,39,28,0.5821,30,10,20,13.597
2025,2,2025_02_BUF_NYJ,NYJ,BUF,1,47,21,26,0.4468,10,30,-20,-19.745
2025,2,2025_02_CAR_ARI,ARI,CAR,1,47,21,26,0.4468,27,22,5,11.723
2025,2,2025_02_CAR_ARI,CAR,ARI,0,78,20,58,0.2564,22,27,-5,-12.949
2025,2,2025_02_CHI_DET,CHI,DET,0,64,27,37,0.4219,21,52,-31,-17.0
2025,2,2025_02_CHI_DET,DET,CHI,1,58,30,28,0.5172,52,21,31,11.483
2025,2,2025_02_CLE_BAL,BAL,CLE,1,50,18,32,0.36,41,17,24,7.0
2025,2,2025_02_CLE_BAL,CLE,BAL,0,72,22,50,0.3056,17,41,-24,-13.361
2025,2,2025_02_DEN_IND,DEN,IND,0,54,24,30,0.4444,28,29,-1,0.481
2025,2,2025_02_DEN_IND,IND,DEN,1,67,32,35,0.4776,29,28,1,-3.776
2025,2,2025_02_JAX_CIN,CIN,JAX,1,65,17,48,0.2615,31,27,4,-5.277
2025,2,2025_02_JAX_CIN,JAX,CIN,0,70,27,43,0.3857,27,31,-4,2.143
2025,2,2025_02_LAC_LV,LAC,LV,0,53,24,29,0.4528,20,9,11,7.038
2025,2,2025_02_LAC_LV,LV,LAC,1,65,19,46,0.2923,9,20,-11,-8.785
2025,2,2025_02_LA_TEN,LA,TEN,0,57,23,34,0.4035,33,19,14,3.579
2025,2,2025_02_LA_TEN,TEN,LA,1,64,26,38,0.4062,19,33,-14,-7.031
2025,2,2025_02_NE_MIA,MIA,NE,1,52,15,37,0.2885,27,33,-6,-4.538
2025,2,2025_02_NE_MIA,NE,MIA,0,53,27,26,0.5094,33,27,6,2.509
2025,2,2025_02_NYG_DAL,DAL,NYG,1,83,28,55,0.3373,40,37,3,-3.12
2025,2,2025_02_NYG_DAL,NYG,DAL,0,65,21,44,0.3231,37,40,-3,0.231
2025,2,2025_02_PHI_KC,KC,PHI,1,57,26,31,0.4561,17,20,-3,-4.035
2025,2,2025_02_PHI_KC,PHI,KC,0,56,32,24,0.5714,20,17,3,1.875
2025,2,2025_02_SEA_PIT,PIT,SEA,1,59,21,38,0.3559,17,31,-14,-4.424
2025,2,2025_02_SEA_PIT,SEA,PIT,0,64,29,35,0.4531,31,17,14,0.375
2025,2,2025_02_SF_NO,NO,SF,1,67,30,37,0.4478,21,26,-5,-7.209
2025,2,2025_02_SF_NO,SF,NO,0,64,23,41,0.3594,26,21,5,3.719
2025,2,2025_02_TB_HOU,HOU,TB,1,46,18,28,0.3913,19,20,-1,-2.63
2025,2,2025_02_TB_HOU,TB,HOU,0,73,30,43,0.411,20,19,1,-0.219
2025,2,2025_02_WAS_GB,GB,WAS,1,61,28,33,0.459,27,18,9,6.869
2025,2,2025_02_WAS_GB,WAS,GB,0,65,19,46,0.2923,18,27,-9,-11.908
2025,3,2025_03_ARI_SF,ARI,SF,0,64,28,36,0.4375,15,16,-1,-0.984
2025,3,2025_03_ARI_SF,SF,ARI,1,60,19,41,0.3167,16,15,1,-0.383
2025,3,2025_03_ATL_CAR,ATL,CAR,0,66,23,43,0.3485,0,30,-30,-14.485
2025,3,2025_03_ATL_CAR,CAR,ATL,1,54,29,25,0.537,30,0,30,12.148
2025,3,2025_03_CIN_MIN,CIN,MIN,0,52,21,31,0.4038,10,48,-38,-24.154
2025,3,2025_03_CIN_MIN,MIN,CIN,1,58,31,27,0.5345,48,10,38,23.655
2025,3,2025_03_DAL_CHI,CHI,DAL,1,55,27,28,0.4909,31,14,17,7.436
2025,3,2025_03_DAL_CHI,DAL,CHI,0,68,20,48,0.2941,14,31,-17,-11.647
2025,3,2025_03_DEN_LAC,DEN,LAC,0,47,20,27,0.4255,20,23,-3,-0.979
2025,3,2025_03_DEN_LAC,LAC,DEN,1,80,28,52,0.35,23,20,3,-1.412
2025,3,2025_03_DET_BAL,BAL,DET,1,55,19,36,0.3455,30,38,-8,-5.564
2025,3,2025_03_DET_BAL,DET,BAL,0,65,37,28,0.5692,38,30,8,0.692
2025,3,2025_03_GB_CLE,CLE,GB,1,56,19,37,0.3393,13,10,3,-5.196
2025,3,2025_03_GB_CLE,GB,CLE,0,60,30,30,0.5,10,13,-3,3.3
2025,3,2025_03_HOU_JAX,HOU,JAX,0,57,18,39,0.3158,10,17,-7,-4.842
2025,3,2025_03_HOU_JAX,JAX,HOU,1,65,23,42,0.3538,17,10,7,3.138
2025,3,2025_03_IND_TEN,IND,TEN,0,50,25,25,0.5,41,20,21,11.04
2025,3,2025_03_IND_TEN,TEN,IND,1,65,23,42,0.3538,20,41,-21,-15.6
2025,3,2025_03_KC_NYG,KC,NYG,0,64,25,39,0.3906,22,9,13,4.078
2025,3,2025_03_KC_NYG,NYG,KC,1,61,27,34,0.4426,9,22,-13,-7.361
2025,3,2025_03_LA_PHI,LA,PHI,0,65,31,34,0.4769,26,33,-7,2.523
2025,3,2025_03_LA_PHI,PHI,LA,1,63,26,37,0.4127,33,26,7,-6.683
2025,3,2025_03_LV_WAS,LV,WAS,0,64,29,35,0.4531,24,41,-17,-13.297
2025,3,2025_03_LV_WAS,WAS,LV,1,53,32,21,0.6038,41,24,17,8.925
2025,3,2025_03_MIA_BUF,BUF,MIA,1,57,27,30,0.4737,31,21,10,1.842
2025,3,2025_03_MIA_BUF,MIA,BUF,0,59,25,34,0.4237,21,31,-10,-5.61
2025,3,2025_03_NO_SEA,NO,SEA,0,70,27,43,0.3857,13,44,-31,-25.943
2025,3,2025_03_NO_SEA,SEA,NO,1,53,32,21,0.6038,44,13,31,26.623
2025,3,2025_03_NYJ_TB,NYJ,TB,0,61,22,39,0.3607,27,29,-2,-9.148
2025,3,2025_03_NYJ_TB,TB,NYJ,1,63,33,30,0.5238,29,27,2,5.905
2025,3,2025_03_PIT_NE,NE,PIT,1,71,29,42,0.4085,14,21,-7,-6.803
2025,3,2025_03_PIT_NE,PIT,NE,0,46,23,23,0.5,21,14,7,3.652
2025,4,2025_04_BAL_KC,BAL,KC,0,53,17,36,0.3208,20,37,-17,-10.604
2025,4,2025_04_BAL_KC,KC,BAL,1,68,30,38,0.4412,37,20,17,7.529
2025,4,2025_04_CAR_NE,CAR,NE,0,65,28,37,0.4308,13,42,-29,-18.231
2025,4,2025_04_CAR_NE,NE,CAR,1,45,26,19,0.5778,42,13,29,16.711
2025,4,2025_04_CHI_LV,CHI,LV,0,64,25,39,0.3906,25,24,1,-3.828
2025,4,2025_04_CHI_LV,LV,CHI,1,51,31,20,0.6078,24,25,-1,0.059
2025,4,2025_04_CIN_DEN,CIN,DEN,0,42,14,28,0.3333,3,28,-25,-9.119
2025,4,2025_04_CIN_DEN,DEN,CIN,1,77,35,42,0.4545,28,3,25,11.636
2025,4,2025_04_CLE_DET,CLE,DET,0,64,26,38,0.4062,10,34,-24,-8.594
2025,4,2025_04_CLE_DET,DET,CLE,1,54,27,27,0.5,34,10,24,7.944
2025,4,2025_04_GB_DAL,DAL,GB,1,67,26,41,0.3881,40,40,0,-4.761
2025,4,2025_04_GB_DAL,GB,DAL,0,78,34,44,0.4359,40,40,0,0.615
2025,4,2025_04_IND_LA,IND,LA,0,55,20,35,0.3636,20,27,-7,-1.036
2025,4,2025_04_IND_LA,LA,IND,1,67,24,43,0.3582,27,20,7,-2.134
2025,4,2025_04_JAX_SF,JAX,SF,0,60,29,31,0.4833,26,21,5,4.017
2025,4,2025_04_JAX_SF,SF,JAX,1,64,24,40,0.375,21,26,-5,-7.219
2025,4,2025_04_LAC_NYG,LAC,NYG,0,57,14,43,0.2456,18,21,-3,-6.228
2025,4,2025_04_LAC_NYG,NYG,LAC,1,70,43,27,0.6143,21,18,3,4.014
2025,4,2025_04_MIN_PIT,MIN,PIT,0,72,20,52,0.2778,21,24,-3,-8.806
2025,4,2025_04_MIN_PIT,PIT,MIN,1,51,27,24,0.5294,24,21,3,7.176
2025,4,2025_04_NO_BUF,BUF,NO,1,54,29,25,0.537,31,19,12,4.093
2025,4,2025_04_NO_BUF,NO,BUF,0,66,35,31,0.5303,19,31,-12,-7.333
2025,4,2025_04_NYJ_MIA,MIA,NYJ,1,56,31,25,0.5536,27,21,6,6.0
2025,4,2025_04_NYJ_MIA,NYJ,MIA,0,58,29,29,0.5,21,27,-6,-9.948
2025,4,2025_04_PHI_TB,PHI,TB,0,58,32,26,0.5517,31,25,6,11.983
2025,4,2025_04_PHI_TB,TB,PHI,1,67,26,41,0.3881,25,31,-6,-11.448
2025,4,2025_04_SEA_ARI,ARI,SEA,1,64,17,47,0.2656,20,23,-3,-7.281
2025,4,2025_04_SEA_ARI,SEA,ARI,0,64,35,29,0.5469,23,20,3,5.828
2025,4,2025_04_TEN_HOU,HOU,TEN,1,66,35,31,0.5303,26,0,26,6.97
2025,4,2025_04_TEN_HOU,TEN,HOU,0,45,18,27,0.4,0,26,-26,-9.356
2025,4,2025_04_WAS_ATL,ATL,WAS,1,61,34,27,0.5574,34,27,7,5.049
2025,4,2025_04_WAS_ATL,WAS,ATL,0,51,22,29,0.4314,27,34,-7,-10.039
2025,5,2025_05_DAL_NYJ,DAL,NYJ,0,56,26,30,0.4643,37,22,15,10.214
2025,5,2025_05_DAL_NYJ,NYJ,DAL,1,73,21,52,0.2877,22,37,-15,-14.781
2025,5,2025_05_DEN_PHI,DEN,PHI,0,71,29,42,0.4085,21,17,4,-5.986
2025,5,2025_05_DEN_PHI,PHI,DEN,1,54,10,44,0.1852,17,21,-4,3.037
2025,5,2025_05_DET_CIN,CIN,DET,1,58,16,42,0.2759,24,37,-13,-15.569
2025,5,2025_05_DET_CIN,DET,CIN,0,59,31,28,0.5254,37,24,13,10.051
2025,5,2025_05_HOU_BAL,BAL,HOU,1,40,19,21,0.475,10,44,-34,-20.05
2025,5,2025_05_HOU_BAL,HOU,BAL,0,64,31,33,0.4844,44,10,34,17.031
2025,5,2025_05_KC_JAX,JAX,KC,1,54,26,28,0.4815,31,28,3,-6.093
2025,5,2025_05_KC_JAX,KC,JAX,0,63,22,41,0.3492,28,31,-3,-0.651
2025,5,2025_05_LV_IND,IND,LV,1,61,26,35,0.4262,40,6,34,13.0
2025,5,2025_05_LV_IND,LV,IND,0,65,25,40,0.3846,6,40,-34,-19.462
2025,5,2025_05_MIA_CAR,CAR,MIA,1,62,30,32,0.4839,27,24,3,-7.468
2025,5,2025_05_MIA_CAR,MIA,CAR,0,53,14,39,0.2642,24,27,-3,3.094
2025,5,2025_05_MIN_CLE,CLE,MIN,1,66,32,34,0.4848,17,21,-4,-0.273
2025,5,2025_05_MIN_CLE,MIN,CLE,0,60,22,38,0.3667,21,17,4,-2.633
2025,5,2025_05_NE_BUF,BUF,NE,1,61,29,32,0.4754,20,23,-3,-3.131
2025,5,2025_05_NE_BUF,NE,BUF,0,56,22,34,0.3929,23,20,3,0.393
2025,5,2025_05_NYG_NO,NO,NYG,1,61,29,32,0.4754,26,14,12,-1.148
2025,5,2025_05_NYG_NO,NYG,NO,0,69,29,40,0.4203,14,26,-12,-3.565
2025,5,2025_05_SF_LA,LA,SF,1,63,16,47,0.254,23,26,-3,-8.302
2025,5,2025_05_SF_LA,SF,LA,0,82,33,49,0.4024,26,23,3,5.122
2025,5,2025_05_TB_SEA,SEA,TB,1,54,20,34,0.3704,35,38,-3,-6.204
2025,5,2025_05_TB_SEA,TB,SEA,0,58,23,35,0.3966,38,35,3,0.828
2025,5,2025_05_TEN_ARI,ARI,TEN,1,64,29,35,0.4531,21,22,-1,9.984
2025,5,2025_05_TEN_ARI,TEN,ARI,0,61,20,41,0.3279,22,21,1,-11.098
2025,5,2025_05_WAS_LAC,LAC,WAS,1,63,26,37,0.4127,10,27,-17,-2.413
2025,5,2025_05_WAS_LAC,WAS,LAC,0,54,28,26,0.5185,27,10,17,0.741
2025,6,2025_06_ARI_IND,ARI,IND,0,70,24,46,0.3429,27,31,-4,-4.029
2025,6,2025_06_ARI_IND,IND,ARI,1,56,25,31,0.4464,31,27,4,-0.714
2025,6,2025_06_BUF_ATL,ATL,BUF,1,65,31,34,0.4769,24,14,10,7.215
2025,6,2025_06_BUF_ATL,BUF,ATL,0,54,24,30,0.4444,14,24,-10,-9.278
2025,6,2025_06_CHI_WAS,CHI,WAS,0,59,26,33,0.4407,25,24,1,1.559
2025,6,2025_06_CHI_WAS,WAS,CHI,1,59,30,29,0.5085,24,25,-1,-4.339
2025,6,2025_06_CIN_GB,CIN,GB,0,61,16,45,0.2623,18,27,-9,-9.148
2025,6,2025_06_CIN_GB,GB,CIN,1,59,32,27,0.5424,27,18,9,3.186
2025,6,2025_06_CLE_PIT,CLE,PIT,0,75,17,58,0.2267,9,23,-14,-11.173
2025,6,2025_06_CLE_PIT,PIT,CLE,1,55,25,30,0.4545,23,9,14,5.745
2025,6,2025_06_DAL_CAR,CAR,DAL,1,62,36,26,0.5806,30,27,3,-2.194
2025,6,2025_06_DAL_CAR,DAL,CAR,0,52,18,34,0.3462,27,30,-3,-1.673
2025,6,2025_06_DEN_NYJ,DEN,NYJ,0,55,24,31,0.4364,13,11,2,0.055
2025,6,2025_06_DEN_NYJ,NYJ,DEN,1,57,31,26,0.5439,11,13,-2,-1.982
2025,6,2025_06_DET_KC,DET,KC,0,53,23,30,0.434,17,30,-13,-4.283
2025,6,2025_06_DET_KC,KC,DET,1,58,25,33,0.431,30,17,13,1.81
2025,6,2025_06_LAC_MIA,LAC,MIA,0,64,25,39,0.3906,29,27,2,0.578
2025,6,2025_06_LAC_MIA,MIA,LAC,1,56,21,35,0.375,27,29,-2,-4.429
2025,6,2025_06_LA_BAL,BAL,LA,1,74,37,37,0.5,3,17,-14,-6.77
2025,6,2025_06_LA_BAL,LA,BAL,0,49,21,28,0.4286,17,3,14,2.653
2025,6,2025_06_NE_NO,NE,NO,0,56,29,27,0.5179,25,19,6,3.321
2025,6,2025_06_NE_NO,NO,NE,1,51,23,28,0.451,19,25,-6,-5.627
2025,6,2025_06_PHI_NYG,NYG,PHI,1,64,36,28,0.5625,34,17,17,4.469
2025,6,2025_06_PHI_NYG,PHI,NYG,0,56,20,36,0.3571,17,34,-17,-6.911
2025,6,2025_06_SEA_JAX,JAX,SEA,1,68,19,49,0.2794,12,20,-8,-6.191
2025,6,2025_06_SEA_JAX,SEA,JAX,0,51,23,28,0.451,20,12,8,4.176
2025,6,2025_06_SF_TB,SF,TB,0,67,22,45,0.3284,19,30,-11,-5.597
2025,6,2025_06_SF_TB,TB,SF,1,50,26,24,0.52,30,19,11,2.72
2025,6,2025_06_TEN_LV,LV,TEN,1,54,29,25,0.537,20,10,10,7.241
2025,6,2025_06_TEN_LV,TEN,LV,0,58,15,43,0.2586,10,20,-10,-10.293
2025,7,2025_07_ATL_SF,ATL,SF,0,60,20,40,0.3333,10,20,-10,-3.317
2025,7,2025_07_ATL_SF,SF,ATL,1,64,37,27,0.5781,20,10,10,1.594
2025,7,2025_07_CAR_NYJ,CAR,NYJ,0,68,34,34,0.5,13,6,7,4.662
2025,7,2025_07_CAR_NYJ,NYJ,CAR,1,60,20,40,0.3333,6,13,-7,-6.0
2025,7,2025_07_GB_ARI,ARI,GB,1,70,28,42,0.4,23,27,-4,0.657
2025,7,2025_07_GB_ARI,GB,ARI,0,52,22,30,0.4231,27,23,4,-4.365
2025,7,2025_07_HOU_SEA,HOU,SEA,0,70,17,53,0.2429,19,27,-8,-12.2
2025,7,2025_07_HOU_SEA,SEA,HOU,1,65,31,34,0.4769,27,19,8,9.031
2025,7,2025_07_IND_LAC,IND,LAC,0,55,20,35,0.3636,38,24,14,9.345
2025,7,2025_07_IND_LAC,LAC,IND,1,74,16,58,0.2162,24,38,-14,-15.959
2025,7,2025_07_LA_JAX,JAX,LA,1,74,19,55,0.2568,7,35,-28,-19.77
2025,7,2025_07_LA_JAX,LA,JAX,0,58,25,33,0.431,35,7,28,13.879
2025,7,2025_07_LV_KC,KC,LV,1,74,38,36,0.5135,31,0,31,16.23
2025,7,2025_07_LV_KC,LV,KC,0,30,11,19,0.3667,0,31,-31,-19.5
2025,7,2025_07_MIA_CLE,CLE,MIA,1,52,32,20,0.6154,31,6,25,10.5
2025,7,2025_07_MIA_CLE,MIA,CLE,0,57,22,35,0.386,6,31,-25,-15.474
2025,7,2025_07_NE_TEN,NE,TEN,0,62,34,28,0.5484,31,13,18,4.774
2025,7,2025_07_NE_TEN,TEN,NE,1,51,12,39,0.2353,13,31,-18,-7.549
2025,7,2025_07_NO_CHI,CHI,NO,1,65,38,27,0.5846,26,14,12,7.723
2025,7,2025_07_NO_CHI,NO,CHI,0,53,17,36,0.3208,14,26,-12,-10.755
2025,7,2025_07_NYG_DEN,DEN,NYG,1,77,24,53,0.3117,33,32,1,-11.026
2025,7,2025_07_NYG_DEN,NYG,DEN,0,70,32,38,0.4571,32,33,-1,7.129
2025,7,2025_07_PHI_MIN,MIN,PHI,1,67,23,44,0.3433,22,28,-6,-8.448
2025,7,2025_07_PHI_MIN,PHI,MIN,0,48,22,26,0.4583,28,22,6,4.188
2025,7,2025_07_PIT_CIN,CIN,PIT,1,69,20,49,0.2899,33,31,2,-0.217
2025,7,2025_07_PIT_CIN,PIT,CIN,0,54,20,34,0.3704,31,33,-2,-2.111
2025,7,2025_07_TB_DET,DET,TB,1,65,32,33,0.4923,24,9,15,9.062
2025,7,2025_07_TB_DET,TB,DET,0,66,11,55,0.1667,9,24,-15,-11.773
2025,7,2025_07_WAS_DAL,DAL,WAS,1,60,29,31,0.4833,44,22,22,11.2
2025,7,2025_07_WAS_DAL,WAS,DAL,0,64,28,36,0.4375,22,44,-22,-13.094
2025,8,2025_08_BUF_CAR,BUF,CAR,0,60,35,25,0.5833,40,9,31,14.8
2025,8,2025_08_BUF_CAR,CAR,BUF,1,59,28,31,0.4746,9,40,-31,-18.458
2025,8,2025_08_CHI_BAL,BAL,CHI,1,59,35,24,0.5932,30,16,14,2.017
2025,8,2025_08_CHI_BAL,CHI,BAL,0,62,23,39,0.371,16,30,-14,-5.129
2025,8,2025_08_CLE_NE,CLE,NE,0,53,16,37,0.3019,13,32,-19,-10.717
2025,8,2025_08_CLE_NE,NE,CLE,1,62,32,30,0.5161,32,13,19,4.484
2025,8,2025_08_DAL_DEN,DAL,DEN,0,68,31,37,0.4559,24,44,-20,-13.809
2025,8,2025_08_DAL_DEN,DEN,DAL,1,56,26,30,0.4643,44,24,20,9.893
2025,8,2025_08_GB_PIT,GB,PIT,0,63,25,38,0.3968,35,25,10,0.016
2025,8,2025_08_GB_PIT,PIT,GB,1,58,18,40,0.3103,25,35,-10,-3.483
2025,8,2025_08_MIA_ATL,ATL,MIA,1,48,16,32,0.3333,10,34,-24,-18.125
2025,8,2025_08_MIA_ATL,MIA,ATL,0,65,37,28,0.5692,34,10,24,10.938
2025,8,2025_08_MIN_LAC,LAC,MIN,1,70,43,27,0.6143,37,10,27,11.771
2025,8,2025_08_MIN_LAC,MIN,LAC,0,47,11,36,0.234,10,37,-27,-16.362
2025,8,2025_08_NYG_PHI,NYG,PHI,0,49,20,29,0.4082,20,38,-18,-12.49
2025,8,2025_08_NYG_PHI,PHI,NYG,1,54,30,24,0.5556,38,20,18,7.611
2025,8,2025_08_NYJ_CIN,CIN,NYJ,1,58,23,35,0.3966,38,39,-1,5.069
2025,8,2025_08_NYJ_CIN,NYJ,CIN,0,70,37,33,0.5286,39,38,1,-11.057
2025,8,2025_08_SF_HOU,HOU,SF,1,74,35,39,0.473,26,15,11,6.757
2025,8,2025_08_SF_HOU,SF,HOU,0,45,10,35,0.2222,15,26,-11,-11.711
2025,8,2025_08_TB_NO,NO,TB,1,70,15,55,0.2143,3,23,-20,-11.957
2025,8,2025_08_TB_NO,TB,NO,0,56,29,27,0.5179,23,3,20,6.125
2025,8,2025_08_TEN_IND,IND,TEN,1,52,18,34,0.3462,38,14,24,11.096
2025,8,2025_08_TEN_IND,TEN,IND,0,66,25,41,0.3788,14,38,-24,-19.227
2025,8,2025_08_WAS_KC,KC,WAS,1,66,29,37,0.4394,28,7,21,6.152
2025,8,2025_08_WAS_KC,WAS,KC,0,52,20,32,0.3846,7,28,-21,-7.269
2025,9,2025_09_ARI_DAL,ARI,DAL,0,63,27,36,0.4286,27,17,10,6.508
2025,9,2025_09_ARI_DAL,DAL,ARI,1,64,21,43,0.3281,17,27,-10,-10.844
2025,9,2025_09_ATL_NE,ATL,NE,0,54,16,38,0.2963,23,24,-1,-7.722
2025,9,2025_09_ATL_NE,NE,ATL,1,65,30,35,0.4615,24,23,1,4.708
2025,9,2025_09_BAL_MIA,BAL,MIA,0,54,29,25,0.537,28,6,22,10.889
2025,9,2025_09_BAL_MIA,MIA,BAL,1,61,20,41,0.3279,6,28,-22,-11.852
2025,9,2025_09_CAR_GB,CAR,GB,0,54,33,21,0.6111,16,13,3,0.222
2025,9,2025_09_CAR_GB,GB,CAR,1,63,25,38,0.3968,13,16,-3,-3.54
2025,9,2025_09_CHI_CIN,CHI,CIN,0,77,37,40,0.4805,47,42,5,-1.338
2025,9,2025_09_CHI_CIN,CIN,CHI,1,65,14,51,0.2154,42,47,-5,-6.323
2025,9,2025_09_DEN_HOU,DEN,HOU,0,62,23,39,0.371,18,15,3,-3.29
2025,9,2025_09_DEN_HOU,HOU,DEN,1,72,28,44,0.3889,15,18,-3,1.569
2025,9,2025_09_IND_PIT,IND,PIT,0,73,19,54,0.2603,20,27,-7,-6.205
2025,9,2025_09_IND_PIT,PIT,IND,1,60,22,38,0.3667,27,20,7,3.767
2025,9,2025_09_JAX_LV,JAX,LV,0,76,42,34,0.5526,30,29,1,-1.539
2025,9,2025_09_JAX_LV,LV,JAX,1,61,19,42,0.3115,29,30,-1,-1.754
2025,9,2025_09_KC_BUF,BUF,KC,1,63,34,29,0.5397,28,21,7,4.571
2025,9,2025_09_KC_BUF,KC,BUF,0,58,20,38,0.3448,21,28,-7,-8.086
2025,9,2025_09_LAC_TEN,LAC,TEN,0,64,29,35,0.4531,27,20,7,0.281
2025,9,2025_09_LAC_TEN,TEN,LAC,1,44,19,25,0.4318,20,27,-7,-3.159
2025,9,2025_09_MIN_DET,DET,MIN,1,62,20,42,0.3226,24,27,-3,-5.935
2025,9,2025_09_MIN_DET,MIN,DET,0,55,25,30,0.4545,27,24,3,2.2
2025,9,2025_09_NO_LA,LA,NO,1,73,39,34,0.5342,34,10,24,11.233
2025,9,2025_09_NO_LA,NO,LA,0,39,14,25,0.359,10,34,-24,-15.59
2025,9,2025_09_SEA_WAS,SEA,WAS,0,48,24,24,0.5,38,14,24,15.312
2025,9,2025_09_SEA_WAS,WAS,SEA,1,62,36,26,0.5806,14,38,-24,-21.403
2025,9,2025_09_SF_NYG,NYG,SF,1,56,21,35,0.375,24,34,-10,-9.625
2025,9,2025_09_SF_NYG,SF,NYG,0,63,37,26,0.5873,34,24,10,5.063
2025,10,2025_10_ARI_SEA,ARI,SEA,0,74,23,51,0.3108,22,44,-22,-27.284
2025,10,2025_10_ARI_SEA,SEA,ARI,1,54,41,13,0.7593,44,22,22,19.63
2025,10,2025_10_ATL_IND,ATL,IND,0,60,28,32,0.4667,25,31,-6,-2.017
2025,10,2025_10_ATL_IND,IND,ATL,1,75,41,34,0.5467,31,25,6,-0.707
2025,10,2025_10_BAL_MIN,BAL,MIN,0,66,35,31,0.5303,27,19,8,0.364
2025,10,2025_10_BAL_MIN,MIN,BAL,1,62,18,44,0.2903,19,27,-8,-4.71
2025,10,2025_10_BUF_MIA,BUF,MIA,0,66,22,44,0.3333,13,30,-17,-13.712
2025,10,2025_10_BUF_MIA,MIA,BUF,1,51,30,21,0.5882,30,13,17,8.765
2025,10,2025_10_CLE_NYJ,CLE,NYJ,0,70,32,38,0.4571,20,27,-7,-4.057
2025,10,2025_10_CLE_NYJ,NYJ,CLE,1,45,31,14,0.6889,27,20,7,2.533
2025,10,2025_10_DET_WAS,DET,WAS,0,68,33,35,0.4853,44,22,22,11.382
2025,10,2025_10_DET_WAS,WAS,DET,1,52,27,25,0.5192,22,44,-22,-17.654
2025,10,2025_10_JAX_HOU,HOU,JAX,1,72,23,49,0.3194,36,29,7,-11.597
2025,10,2025_10_JAX_HOU,JAX,HOU,0,56,27,29,0.4821,29,36,-7,8.679
2025,10,2025_10_LA_SF,LA,SF,0,64,27,37,0.4219,42,26,16,9.844
2025,10,2025_10_LA_SF,SF,LA,1,61,21,40,0.3443,26,42,-16,-16.508
2025,10,2025_10_LV_DEN,DEN,LV,1,55,25,30,0.4545,10,7,3,-1.018
2025,10,2025_10_LV_DEN,LV,DEN,0,58,25,33,0.431,7,10,-3,1.086
2025,10,2025_10_NE_TB,NE,TB,0,58,26,32,0.4483,28,23,5,-0.31
2025,10,2025_10_NE_TB,TB,NE,1,67,22,45,0.3284,23,28,-5,-4.358
2025,10,2025_10_NO_CAR,CAR,NO,1,50,23,27,0.46,7,17,-10,-2.14
2025,10,2025_10_NO_CAR,NO,CAR,0,64,34,30,0.5312,17,7,10,1.703
2025,10,2025_10_NYG_CHI,CHI,NYG,1,62,26,36,0.4194,24,20,4,-3.823
2025,10,2025_10_NYG_CHI,NYG,CHI,0,70,30,40,0.4286,20,24,-4,1.9
2025,10,2025_10_PHI_GB,GB,PHI,1,65,27,38,0.4154,7,10,-3,-2.892
2025,10,2025_10_PHI_GB,PHI,GB,0,60,34,26,0.5667,10,7,3,1.0
2025,10,2025_10_PIT_LAC,LAC,PIT,1,68,30,38,0.4412,25,10,15,5.706
2025,10,2025_10_PIT_LAC,PIT,LAC,0,50,16,34,0.32,10,25,-15,-8.04
2025,11,2025_11_BAL_CLE,BAL,CLE,0,58,28,30,0.4828,23,16,7,-3.569
2025,11,2025_11_BAL_CLE,CLE,BAL,1,54,25,29,0.463,16,23,-7,0.63
2025,11,2025_11_CAR_ATL,ATL,CAR,1,58,28,30,0.4828,27,30,-3,1.517
2025,11,2025_11_CAR_ATL,CAR,ATL,0,76,24,52,0.3158,30,27,3,-4.132
2025,11,2025_11_CHI_MIN,CHI,MIN,0,73,39,34,0.5342,19,17,2,3.671
2025,11,2025_11_CHI_MIN,MIN,CHI,1,54,22,32,0.4074,17,19,-2,-4.407
2025,11,2025_11_CIN_PIT,CIN,PIT,0,63,22,41,0.3492,12,34,-22,-7.825
2025,11,2025_11_CIN_PIT,PIT,CIN,1,59,27,32,0.4576,34,12,22,2.288
2025,11,2025_11_DAL_LV,DAL,LV,0,61,27,34,0.4426,33,16,17,7.951
2025,11,2025_11_DAL_LV,LV,DAL,1,57,11,46,0.193,16,33,-17,-12.018
2025,11,2025_11_DET_PHI,DET,PHI,0,59,20,39,0.339,9,16,-7,-6.034
2025,11,2025_11_DET_PHI,PHI,DET,1,68,39,29,0.5735,16,9,7,4.338
2025,11,2025_11_GB_NYG,GB,NYG,0,52,23,29,0.4423,27,20,7,-1.904
2025,11,2025_11_GB_NYG,NYG,GB,1,68,37,31,0.5441,20,27,-7,-4.485
2025,11,2025_11_HOU_TEN,HOU,TEN,0,68,23,45,0.3382,16,13,3,-0.574
2025,11,2025_11_HOU_TEN,TEN,HOU,1,57,17,40,0.2982,13,16,-3,-1.561
2025,11,2025_11_KC_DEN,DEN,KC,1,60,20,40,0.3333,22,19,3,-0.1
2025,11,2025_11_KC_DEN,KC,DEN,0,62,14,48,0.2258,19,22,-3,-2.516
2025,11,2025_11_LAC_JAX,JAX,LAC,1,69,47,22,0.6812,35,6,29,10.594
2025,11,2025_11_LAC_JAX,LAC,JAX,0,45,16,29,0.3556,6,35,-29,-11.911
2025,11,2025_11_NYJ_NE,NE,NYJ,1,60,25,35,0.4167,27,14,13,3.683
2025,11,2025_11_NYJ_NE,NYJ,NE,0,57,28,29,0.4912,14,27,-13,-7.649
2025,11,2025_11_SEA_LA,LA,SEA,1,50,22,28,0.44,21,19,2,3.28
2025,11,2025_11_SEA_LA,SEA,LA,0,79,35,44,0.443,19,21,-2,-6.899
2025,11,2025_11_SF_ARI,ARI,SF,1,73,15,58,0.2055,22,41,-19,-17.0
2025,11,2025_11_SF_ARI,SF,ARI,0,50,22,28,0.44,41,22,19,13.2
2025,11,2025_11_TB_BUF,BUF,TB,1,54,23,31,0.4259,44,32,12,-0.333
2025,11,2025_11_TB_BUF,TB,BUF,0,69,38,31,0.5507,32,44,-12,-2.667
2025,11,2025_11_WAS_MIA,MIA,WAS,1,54,31,23,0.5741,16,13,3,-2.167
2025,11,2025_11_WAS_MIA,WAS,MIA,0,64,33,31,0.5156,13,16,-3,-0.891
2025,12,2025_12_ATL_NO,ATL,NO,0,54,29,25,0.537,24,10,14,6.13
2025,12,2025_12_ATL_NO,NO,ATL,1,78,28,50,0.359,10,24,-14,-9.115
2025,12,2025_12_BUF_HOU,BUF,HOU,0,65,23,42,0.3538,19,23,-4,-2.415
2025,12,2025_12_BUF_HOU,HOU,BUF,1,55,25,30,0.4545,23,19,4,-1.182
2025,12,2025_12_CAR_SF,CAR,SF,0,44,13,31,0.2955,9,20,-11,-9.386
2025,12,2025_12_CAR_SF,SF,CAR,1,68,36,32,0.5294,20,9,11,5.779
2025,12,2025_12_CLE_LV,CLE,LV,0,47,26,21,0.5532,24,10,14,9.851
2025,12,2025_12_CLE_LV,LV,CLE,1,75,21,54,0.28,10,24,-14,-11.547
2025,12,2025_12_IND_KC,IND,KC,0,49,18,31,0.3673,20,23,-3,4.531
2025,12,2025_12_IND_KC,KC,IND,1,92,41,51,0.4457,23,20,3,-6.554
2025,12,2025_12_JAX_ARI,ARI,JAX,1,76,20,56,0.2632,24,27,-3,-1.395
2025,12,2025_12_JAX_ARI,JAX,ARI,0,60,27,33,0.45,27,24,3,-0.1
2025,12,2025_12_MIN_GB,GB,MIN,1,63,40,23,0.6349,23,6,17,7.063
2025,12,2025_12_MIN_GB,MIN,GB,0,44,20,24,0.4545,6,23,-17,-7.341
2025,12,2025_12_NE_CIN,CIN,NE,1,61,23,38,0.377,20,26,-6,-2.918
2025,12,2025_12_NE_CIN,NE,CIN,0,66,30,36,0.4545,26,20,6,1.621
2025,12,2025_12_NYG_DET,DET,NYG,1,63,20,43,0.3175,34,27,7,-5.794
2025,12,2025_12_NYG_DET,NYG,DET,0,76,38,38,0.5,27,34,-7,2.132
2025,12,2025_12_NYJ_BAL,BAL,NYJ,1,56,32,24,0.5714,23,10,13,0.893
2025,12,2025_12_NYJ_BAL,NYJ,BAL,0,57,26,31,0.4561,10,23,-13,-3.544
2025,12,2025_12_PHI_DAL,DAL,PHI,1,65,29,36,0.4462,24,21,3,-10.877
2025,12,2025_12_PHI_DAL,PHI,DAL,0,58,18,40,0.3103,21,24,-3,7.845
2025,12,2025_12_PIT_CHI,CHI,PIT,1,59,24,35,0.4068,31,28,3,-2.153
2025,12,2025_12_PIT_CHI,PIT,CHI,0,69,36,33,0.5217,28,31,-3,-3.754
2025,12,2025_12_SEA_TEN,SEA,TEN,0,46,19,27,0.413,30,24,6,8.739
2025,12,2025_12_SEA_TEN,TEN,SEA,1,68,22,46,0.3235,24,30,-6,-9.838
2025,12,2025_12_TB_LA,LA,TB,1,55,19,36,0.3455,34,7,27,17.0
2025,12,2025_12_TB_LA,TB,LA,0,67,29,38,0.4328,7,34,-27,-19.104
2025,13,2025_13_ARI_TB,ARI,TB,0,60,19,41,0.3167,17,20,-3,-6.35
2025,13,2025_13_ARI_TB,TB,ARI,1,54,24,30,0.4444,20,17,3,3.093
2025,13,2025_13_ATL_NYJ,ATL,NYJ,0,67,32,35,0.4776,24,27,-3,-2.194
2025,13,2025_13_ATL_NYJ,NYJ,ATL,1,62,27,35,0.4355,27,24,3,-1.387
2025,13,2025_13_BUF_PIT,BUF,PIT,0,74,51,23,0.6892,26,7,19,3.541
2025,13,2025_13_BUF_PIT,PIT,BUF,1,43,18,25,0.4186,7,26,-19,-5.674
2025,13,2025_13_CHI_PHI,CHI,PHI,0,84,46,38,0.5476,24,15,9,3.857
2025,13,2025_13_CHI_PHI,PHI,CHI,1,50,17,33,0.34,15,24,-9,-7.96
2025,13,2025_13_CIN_BAL,BAL,CIN,1,56,21,35,0.375,14,32,-18,-7.0
2025,13,2025_13_CIN_BAL,CIN,BAL,0,80,33,47,0.4125,32,14,18,3.338
2025,13,2025_13_DEN_WAS,DEN,WAS,0,69,23,46,0.3333,27,26,1,1.348
2025,13,2025_13_DEN_WAS,WAS,DEN,1,85,32,53,0.3765,26,27,-1,-4.553
2025,13,2025_13_GB_DET,DET,GB,1,60,30,30,0.5,24,31,-7,-8.25
2025,13,2025_13_GB_DET,GB,DET,0,57,27,30,0.4737,31,24,7,3.281
2025,13,2025_13_HOU_IND,HOU,IND,0,71,34,37,0.4789,20,16,4,1.761
2025,13,2025_13_HOU_IND,IND,HOU,1,51,23,28,0.451,16,20,-4,-4.353
2025,13,2025_13_JAX_TEN,JAX,TEN,0,55,25,30,0.4545,25,3,22,11.527
2025,13,2025_13_JAX_TEN,TEN,JAX,1,55,14,41,0.2545,3,25,-22,-14.709
2025,13,2025_13_KC_DAL,DAL,KC,1,63,23,40,0.3651,31,28,3,-1.397
2025,13,2025_13_KC_DAL,KC,DAL,0,60,23,37,0.3833,28,31,-3,-3.05
2025,13,2025_13_LA_CAR,CAR,LA,1,59,37,22,0.6271,31,28,3,-1.729
2025,13,2025_13_LA_CAR,LA,CAR,0,50,20,30,0.4,28,31,-3,-2.54
2025,13,2025_13_LV_LAC,LAC,LV,1,65,41,24,0.6308,31,14,17,5.769
2025,13,2025_13_LV_LAC,LV,LAC,0,45,17,28,0.3778,14,31,-17,-10.933
2025,13,2025_13_MIN_SEA,MIN,SEA,0,49,15,34,0.3061,0,26,-26,-12.878
2025,13,2025_13_MIN_SEA,SEA,MIN,1,62,32,30,0.5161,26,0,26,9.177
2025,13,2025_13_NO_MIA,MIA,NO,1,56,30,26,0.5357,21,17,4,7.536
2025,13,2025_13_NO_MIA,NO,MIA,0,71,28,43,0.3944,17,21,-4,-10.014
2025,13,2025_13_NYG_NE,NE,NYG,1,61,27,34,0.4426,33,15,18,13.262
2025,13,2025_13_NYG_NE,NYG,NE,0,54,27,27,0.5,15,33,-18,-16.111
2025,13,2025_13_SF_CLE,CLE,SF,1,61,32,29,0.5246,8,26,-18,-8.23
2025,13,2025_13_SF_CLE,SF,CLE,0,64,32,32,0.5,26,8,18,5.875
2025,14,2025_14_CHI_GB,CHI,GB,0,69,33,36,0.4783,21,28,-7,-6.928
2025,14,2025_14_CHI_GB,GB,CHI,1,51,25,26,0.4902,28,21,7,1.608
2025,14,2025_14_CIN_BUF,BUF,CIN,1,58,26,32,0.4483,39,34,5,-6.328
2025,14,2025_14_CIN_BUF,CIN,BUF,0,57,19,38,0.3333,34,39,-5,1.614
2025,14,2025_14_DAL_DET,DAL,DET,0,77,24,53,0.3117,30,44,-14,-9.597
2025,14,2025_14_DAL_DET,DET,DAL,1,55,20,35,0.3636,44,30,14,5.2
2025,14,2025_14_DEN_LV,DEN,LV,0,72,31,41,0.4306,24,17,7,6.764
2025,14,2025_14_DEN_LV,LV,DEN,1,47,12,35,0.2553,17,24,-7,-9.723
2025,14,2025_14_HOU_KC,HOU,KC,0,65,31,34,0.4769,20,10,10,3.862
2025,14,2025_14_HOU_KC,KC,HOU,1,63,29,34,0.4603,10,20,-10,-5.27
2025,14,2025_14_IND_JAX,IND,JAX,0,63,25,38,0.3968,19,36,-17,-14.317
2025,14,2025_14_IND_JAX,JAX,IND,1,60,29,31,0.4833,36,19,17,10.9
2025,14,2025_14_LA_ARI,ARI,LA,1,61,14,47,0.2295,17,45,-28,-16.557
2025,14,2025_14_LA_ARI,LA,ARI,0,64,33,31,0.5156,45,17,28,9.797
2025,14,2025_14_MIA_NYJ,MIA,NYJ,0,61,39,22,0.6393,34,10,24,14.164
2025,14,2025_14_MIA_NYJ,NYJ,MIA,1,57,17,40,0.2982,10,34,-24,-17.561
2025,14,2025_14_NO_TB,NO,TB,0,53,30,23,0.566,24,20,4,-0.453
2025,14,2025_14_NO_TB,TB,NO,1,69,39,30,0.5652,20,24,-4,-1.333
2025,14,2025_14_PHI_LAC,LAC,PHI,1,71,38,33,0.5352,22,19,3,1.183
2025,14,2025_14_PHI_LAC,PHI,LAC,0,65,24,41,0.3692,19,22,-3,-3.769
2025,14,2025_14_PIT_BAL,BAL,PIT,1,75,40,35,0.5333,22,27,-5,-7.507
2025,14,2025_14_PIT_BAL,PIT,BAL,0,50,16,34,0.32,27,22,5,4.16
2025,14,2025_14_SEA_ATL,ATL,SEA,1,62,31,31,0.5,9,37,-28,-9.258
2025,14,2025_14_SEA_ATL,SEA,ATL,0,58,26,32,0.4483,37,9,28,8.293
2025,14,2025_14_TEN_CLE,CLE,TEN,1,66,21,45,0.3182,29,31,-2,-4.682
2025,14,2025_14_TEN_CLE,TEN,CLE,0,64,35,29,0.5469,31,29,2,2.328
2025,14,2025_14_WAS_MIN,MIN,WAS,1,57,30,27,0.5263,31,0,31,14.421
2025,14,2025_14_WAS_MIN,WAS,MIN,0,49,23,26,0.4694,0,31,-31,-14.796
2025,15,2025_15_ARI_HOU,ARI,HOU,0,64,21,43,0.3281,20,40,-20,-17.281
2025,15,2025_15_ARI_HOU,HOU,ARI,1,60,31,29,0.5167,40,20,20,12.217
2025,15,2025_15_ATL_TB,ATL,TB,0,67,21,46,0.3134,29,28,1,-5.09
2025,15,2025_15_ATL_TB,TB,ATL,1,62,22,40,0.3548,28,29,-1,1.468
2025,15,2025_15_BAL_CIN,BAL,CIN,0,37,21,16,0.5676,24,0,24,7.351
2025,15,2025_15_BAL_CIN,CIN,BAL,1,71,29,42,0.4085,0,24,-24,-11.648
2025,15,2025_15_BUF_NE,BUF,NE,0,64,34,30,0.5312,35,31,4,-8.578
2025,15,2025_15_BUF_NE,NE,BUF,1,51,25,26,0.4902,31,35,-4,5.725
2025,15,2025_15_CAR_NO,CAR,NO,0,56,31,25,0.5536,17,20,-3,2.875
2025,15,2025_15_CAR_NO,NO,CAR,1,61,24,37,0.3934,20,17,3,-6.607
2025,15,2025_15_CLE_CHI,CHI,CLE,1,63,32,31,0.5079,31,3,28,13.175
2025,15,2025_15_CLE_CHI,CLE,CHI,0,56,16,40,0.2857,3,31,-28,-18.75
2025,15,2025_15_DET_LA,DET,LA,0,62,20,42,0.3226,34,41,-7,-4.371
2025,15,2025_15_DET_LA,LA,DET,1,69,29,40,0.4203,41,34,7,-2.275
2025,15,2025_15_GB_DEN,DEN,GB,1,64,30,34,0.4688,34,26,8,-2.188
2025,15,2025_15_GB_DEN,GB,DEN,0,63,20,43,0.3175,26,34,-8,-1.556
2025,15,2025_15_IND_SEA,IND,SEA,0,58,30,28,0.5172,16,18,-2,0.948
2025,15,2025_15_IND_SEA,SEA,IND,1,56,21,35,0.375,18,16,2,-4.018
2025,15,2025_15_LAC_KC,KC,LAC,1,59,21,38,0.3559,13,16,-3,0.814
2025,15,2025_15_LAC_KC,LAC,KC,0,61,28,33,0.459,16,13,3,-3.246
2025,15,2025_15_LV_PHI,LV,PHI,0,42,13,29,0.3095,0,31,-31,-15.405
2025,15,2025_15_LV_PHI,PHI,LV,1,66,47,19,0.7121,31,0,31,15.394
2025,15,2025_15_MIA_PIT,MIA,PIT,0,50,16,34,0.32,15,28,-13,-10.7
2025,15,2025_15_MIA_PIT,PIT,MIA,1,62,32,30,0.5161,28,15,13,5.742
2025,15,2025_15_MIN_DAL,DAL,MIN,1,69,29,40,0.4203,26,34,-8,-1.406
2025,15,2025_15_MIN_DAL,MIN,DAL,0,51,27,24,0.5294,34,26,8,-1.941
2025,15,2025_15_NYJ_JAX,JAX,NYJ,1,56,24,32,0.4286,48,20,28,13.196
2025,15,2025_15_NYJ_JAX,NYJ,JAX,0,68,32,36,0.4706,20,48,-28,-20.515
2025,15,2025_15_TEN_SF,SF,TEN,1,70,38,32,0.5429,37,24,13,8.129
2025,15,2025_15_TEN_SF,TEN,SF,0,49,20,29,0.4082,24,37,-13,-11.612
2025,15,2025_15_WAS_NYG,NYG,WAS,1,67,29,38,0.4328,21,29,-8,-10.299
2025,15,2025_15_WAS_NYG,WAS,NYG,0,55,34,21,0.6182,29,21,8,6.873
2025,16,2025_16_ATL_ARI,ARI,ATL,1,56,23,33,0.4107,19,26,-7,-1.232
2025,16,2025_16_ATL_ARI,ATL,ARI,0,71,35,36,0.493,26,19,7,-1.592
2025,16,2025_16_BUF_CLE,BUF,CLE,0,48,27,21,0.5625,23,20,3,3.146
2025,16,2025_16_BUF_CLE,CLE,BUF,1,64,31,33,0.4844,20,23,-3,-6.406
2025,16,2025_16_CIN_MIA,CIN,MIA,0,61,26,35,0.4262,45,21,24,7.344
2025,16,2025_16_CIN_MIA,MIA,CIN,1,58,28,30,0.4828,21,45,-24,-13.034
2025,16,2025_16_GB_CHI,CHI,GB,1,60,26,34,0.4333,22,16,6,-5.5
2025,16,2025_16_GB_CHI,GB,CHI,0,68,42,26,0.6176,16,22,-6,2.25
2025,16,2025_16_JAX_DEN,DEN,JAX,1,65,17,48,0.2615,20,34,-14,-8.292
2025,16,2025_16_JAX_DEN,JAX,DEN,0,68,27,41,0.3971,34,20,14,4.647
2025,16,2025_16_KC_TEN,KC,TEN,0,43,15,28,0.3488,9,26,-17,-5.698
2025,16,2025_16_KC_TEN,TEN,KC,1,68,38,30,0.5588,26,9,17,4.662
2025,16,2025_16_LAC_DAL,DAL,LAC,1,56,23,33,0.4107,17,34,-17,-4.589
2025,16,2025_16_LAC_DAL,LAC,DAL,0,61,32,29,0.5246,34,17,17,2.721
2025,16,2025_16_LA_SEA,LA,SEA,0,88,39,49,0.4432,37,38,-1,0.58
2025,16,2025_16_LA_SEA,SEA,LA,1,65,26,39,0.4,38,37,1,-5.338
2025,16,2025_16_LV_HOU,HOU,LV,1,59,24,35,0.4068,23,21,2,2.254
2025,16,2025_16_LV_HOU,LV,HOU,0,53,27,26,0.5094,21,23,-2,-4.566
2025,16,2025_16_MIN_NYG,MIN,NYG,0,55,28,27,0.5091,16,13,3,1.564
2025,16,2025_16_MIN_NYG,NYG,MIN,1,48,30,18,0.625,13,16,-3,-3.438
2025,16,2025_16_NE_BAL,BAL,NE,1,53,32,21,0.6038,24,28,-4,1.0
2025,16,2025_16_NE_BAL,NE,BAL,0,69,20,49,0.2899,28,24,4,-3.841
2025,16,2025_16_NYJ_NO,NO,NYJ,1,77,25,52,0.3247,29,6,23,3.052
2025,16,2025_16_NYJ_NO,NYJ,NO,0,63,20,43,0.3175,6,29,-23,-7.714
2025,16,2025_16_PHI_WAS,PHI,WAS,0,65,33,32,0.5077,29,18,11,1.185
2025,16,2025_16_PHI_WAS,WAS,PHI,1,51,26,25,0.5098,18,29,-11,-5.431
2025,16,2025_16_PIT_DET,DET,PIT,1,68,11,57,0.1618,24,29,-5,-5.368
2025,16,2025_16_PIT_DET,PIT,DET,0,70,27,43,0.3857,29,24,5,0.586
2025,16,2025_16_SF_IND,IND,SF,1,58,20,38,0.3448,27,48,-21,-10.086
2025,16,2025_16_SF_IND,SF,IND,0,63,28,35,0.4444,48,27,21,5.0
2025,16,2025_16_TB_CAR,CAR,TB,1,53,19,34,0.3585,23,20,3,-2.943
2025,16,2025_16_TB_CAR,TB,CAR,0,60,32,28,0.5333,20,23,-3,-0.383
2025,17,2025_17_ARI_CIN,ARI,CIN,0,54,13,41,0.2407,14,37,-23,-22.185
2025,17,2025_17_ARI_CIN,CIN,ARI,1,70,31,39,0.4429,37,14,23,12.7
2025,17,2025_17_BAL_GB,BAL,GB,0,73,52,21,0.7123,41,24,17,4.616
2025,17,2025_17_BAL_GB,GB,BAL,1,43,16,27,0.3721,24,41,-17,-11.605
2025,17,2025_17_CHI_SF,CHI,SF,0,63,22,41,0.3492,38,42,-4,-4.556
2025,17,2025_17_CHI_SF,SF,CHI,1,68,34,34,0.5,42,38,4,-0.618
2025,17,2025_17_DAL_WAS,DAL,WAS,0,87,44,43,0.5057,30,23,7,6.586
2025,17,2025_17_DAL_WAS,WAS,DAL,1,40,16,24,0.4,23,30,-7,-10.975
2025,17,2025_17_DEN_KC,DEN,KC,0,70,31,39,0.4429,20,13,7,-1.557
2025,17,2025_17_DEN_KC,KC,DEN,1,41,19,22,0.4634,13,20,-7,-2.415
2025,17,2025_17_DET_MIN,DET,MIN,0,64,30,34,0.4688,10,23,-13,-5.5
2025,17,2025_17_DET_MIN,MIN,DET,1,51,28,23,0.549,23,10,13,2.588
2025,17,2025_17_HOU_LAC,HOU,LAC,0,59,31,28,0.5254,20,16,4,9.576
2025,17,2025_17_HOU_LAC,LAC,HOU,1,59,22,37,0.3729,16,20,-4,-11.695
2025,17,2025_17_JAX_IND,IND,JAX,1,54,21,33,0.3889,17,23,-6,0.463
2025,17,2025_17_JAX_IND,JAX,IND,0,68,29,39,0.4265,23,17,6,-3.088
2025,17,2025_17_LA_ATL,ATL,LA,1,53,33,20,0.6226,27,24,3,6.245
2025,17,2025_17_LA_ATL,LA,ATL,0,61,20,41,0.3279,24,27,-3,-11.098
2025,17,2025_17_NE_NYJ,NE,NYJ,0,60,34,26,0.5667,42,10,32,20.217
2025,17,2025_17_NE_NYJ,NYJ,NE,1,63,28,35,0.4444,10,42,-32,-29.333
2025,17,2025_17_NO_TEN,NO,TEN,0,51,22,29,0.4314,34,26,8,-6.255
2025,17,2025_17_NO_TEN,TEN,NO,1,72,28,44,0.3889,26,34,-8,0.694
2025,17,2025_17_NYG_LV,LV,NYG,1,54,20,34,0.3704,10,34,-24,-11.519
2025,17,2025_17_NYG_LV,NYG,LV,0,60,28,32,0.4667,34,10,24,9.133
2025,17,2025_17_PHI_BUF,BUF,PHI,1,73,32,41,0.4384,12,13,-1,-8.767
2025,17,2025_17_PHI_BUF,PHI,BUF,0,53,25,28,0.4717,13,12,1,7.113
2025,17,2025_17_PIT_CLE,CLE,PIT,1,49,24,25,0.4898,13,6,7,4.204
2025,17,2025_17_PIT_CLE,PIT,CLE,0,63,24,39,0.381,6,13,-7,-5.905
2025,17,2025_17_SEA_CAR,CAR,SEA,1,49,23,26,0.4694,10,27,-17,-6.347
2025,17,2025_17_SEA_CAR,SEA,CAR,0,65,35,30,0.5385,27,10,17,3.015
2025,17,2025_17_TB_MIA,MIA,TB,1,52,28,24,0.5385,20,17,3,5.096
2025,17,2025_17_TB_MIA,TB,MIA,0,63,16,47,0.254,17,20,-3,-6.381
2025,18,2025_18_ARI_LA,ARI,LA,0,53,15,38,0.283,20,37,-17,-6.679
2025,18,2025_18_ARI_LA,LA,ARI,1,68,28,40,0.4118,37,20,17,2.765
2025,18,2025_18_BAL_PIT,BAL,PIT,0,47,26,21,0.5532,24,26,-2,2.043
2025,18,2025_18_BAL_PIT,PIT,BAL,1,73,24,49,0.3288,26,24,2,-5.137
2025,18,2025_18_CAR_TB,CAR,TB,0,47,13,34,0.2766,14,16,-2,-7.021
2025,18,2025_18_CAR_TB,TB,CAR,1,66,42,24,0.6364,16,14,2,5.061
2025,18,2025_18_CLE_CIN,CIN,CLE,1,67,25,42,0.3731,18,20,-2,-3.478
2025,18,2025_18_CLE_CIN,CLE,CIN,0,52,24,28,0.4615,20,18,2,2.442
2025,18,2025_18_DAL_NYG,DAL,NYG,0,53,29,24,0.5472,17,34,-17,-7.019
2025,18,2025_18_DAL_NYG,NYG,DAL,1,70,32,38,0.4571,34,17,17,4.071
2025,18,2025_18_DET_CHI,CHI,DET,1,54,19,35,0.3519,16,19,-3,-9.426
2025,18,2025_18_DET_CHI,DET,CHI,0,72,27,45,0.375,19,16,3,5.25
2025,18,2025_18_GB_MIN,GB,MIN,0,49,34,15,0.6939,3,16,-13,-10.041
2025,18,2025_18_GB_MIN,MIN,GB,1,64,31,33,0.4844,16,3,13,6.688
2025,18,2025_18_IND_HOU,HOU,IND,1,63,32,31,0.5079,38,30,8,0.032
2025,18,2025_18_IND_HOU,IND,HOU,0,64,28,36,0.4375,30,38,-8,-2.859
2025,18,2025_18_KC_LV,KC,LV,0,62,23,39,0.371,12,14,-2,-1.306
2025,18,2025_18_KC_LV,LV,KC,1,61,32,29,0.5246,14,12,2,-0.066
2025,18,2025_18_LAC_DEN,DEN,LAC,1,56,29,27,0.5179,19,3,16,7.5
2025,18,2025_18_LAC_DEN,LAC,DEN,0,66,21,45,0.3182,3,19,-16,-10.682
2025,18,2025_18_MIA_NE,MIA,NE,0,54,25,29,0.463,10,38,-28,-13.741
2025,18,2025_18_MIA_NE,NE,MIA,1,54,32,22,0.5926,38,10,28,12.537
2025,18,2025_18_NO_ATL,ATL,NO,1,58,23,35,0.3966,19,17,2,3.017
2025,18,2025_18_NO_ATL,NO,ATL,0,65,26,39,0.4,17,19,-2,-5.831
2025,18,2025_18_NYJ_BUF,BUF,NYJ,1,70,39,31,0.5571,35,8,27,16.143
2025,18,2025_18_NYJ_BUF,NYJ,BUF,0,47,23,24,0.4894,8,35,-27,-22.34
2025,18,2025_18_SEA_SF,SEA,SF,0,64,36,28,0.5625,13,3,10,6.062
2025,18,2025_18_SEA_SF,SF,SEA,1,42,12,30,0.2857,3,13,-10,-7.857
2025,18,2025_18_TEN_JAX,JAX,TEN,1,55,21,34,0.3818,41,7,34,14.164
2025,18,2025_18_TEN_JAX,TEN,JAX,0,53,19,34,0.3585,7,41,-34,-17.943
2025,18,2025_18_WAS_PHI,PHI,WAS,1,62,19,43,0.3065,17,24,-7,-1.403
2025,18,2025_18_WAS_PHI,WAS,PHI,0,61,40,21,0.6557,24,17,7,-1.557
